Windows fatal exception: code 0x8001010d

Current thread 0x00003b28 (most recent call first):
  File "C:\Users\midoa\Downloads\Compressed\LetsFly_TableVoice_Fixed_NoTableText_20260902_Final\client\main.py", line 132 in main
  File "C:\Users\midoa\Downloads\Compressed\LetsFly_TableVoice_Fixed_NoTableText_20260902_Final\client\main.py", line 135 in <module>

Current thread's C stack trace (most recent call first):
  <cannot get C stack on this system>
Windows fatal exception: code 0x8001010d

Current thread 0x000062dc (most recent call first):
  File "C:\Users\midoa\Downloads\Compressed\LetsFly_TableVoice_Fixed_NoTableText_20260902_Final\client\main.py", line 132 in main
  File "C:\Users\midoa\Downloads\Compressed\LetsFly_TableVoice_Fixed_NoTableText_20260902_Final\client\main.py", line 135 in <module>

Current thread's C stack trace (most recent call first):
  <cannot get C stack on this system>
Windows fatal exception: code 0x8001010d

Current thread 0x0000561c (most recent call first):
  File "C:\Users\midoa\Downloads\Compressed\LetsFly_TableVoice_Fixed_NoTableText_20260902_Final\client\main.py", line 132 in main
  File "C:\Users\midoa\Downloads\Compressed\LetsFly_TableVoice_Fixed_NoTableText_20260902_Final\client\main.py", line 135 in <module>

Current thread's C stack trace (most recent call first):
  <cannot get C stack on this system>
Windows fatal exception: code 0x8001010d

Current thread 0x00009d08 (most recent call first):
  File "C:\Users\midoa\Downloads\Compressed\LetsFly_TableVoice_Fixed_NoTableText_20260902_Final\client\main.py", line 132 in main
  File "C:\Users\midoa\Downloads\Compressed\LetsFly_TableVoice_Fixed_NoTableText_20260902_Final\client\main.py", line 135 in <module>

Current thread's C stack trace (most recent call first):
  <cannot get C stack on this system>
Windows fatal exception: code 0x8001010d

Current thread 0x0000a928 (most recent call first):
  File "C:\Users\midoa\Downloads\Compressed\LetsFly_TableVoice_Fixed_NoTableText_20260902_Final\client\main.py", line 132 in main
  File "C:\Users\midoa\Downloads\Compressed\LetsFly_TableVoice_Fixed_NoTableText_20260902_Final\client\main.py", line 135 in <module>

Current thread's C stack trace (most recent call first):
  <cannot get C stack on this system>
Windows fatal exception: code 0x8001010d

Current thread 0x00002a48 (most recent call first):
  File "C:\Users\midoa\Downloads\Compressed\LetsFly_TableVoice_Fixed_NoTableText_20260902_Final\client\main.py", line 132 in main
  File "C:\Users\midoa\Downloads\Compressed\LetsFly_TableVoice_Fixed_NoTableText_20260902_Final\client\main.py", line 135 in <module>

Current thread's C stack trace (most recent call first):
  <cannot get C stack on this system>
Windows fatal exception: code 0x8001010d

Current thread 0x00003110 (most recent call first):
  File "C:\Users\midoa\Downloads\Compressed\LetsFly_TableVoice_Fixed_NoTableText_20260902_Final\client\main.py", line 132 in main
  File "C:\Users\midoa\Downloads\Compressed\LetsFly_TableVoice_Fixed_NoTableText_20260902_Final\client\main.py", line 135 in <module>

Current thread's C stack trace (most recent call first):
  <cannot get C stack on this system>
Windows fatal exception: code 0x8001010d

Current thread 0x00007228 (most recent call first):
  File "C:\Users\midoa\Downloads\Compressed\LetsFly_TableVoice_Fixed_NoTableText_20260902_Final\client\main.py", line 132 in main
  File "C:\Users\midoa\Downloads\Compressed\LetsFly_TableVoice_Fixed_NoTableText_20260902_Final\client\main.py", line 135 in <module>

Current thread's C stack trace (most recent call first):
  <cannot get C stack on this system>
Windows fatal exception: code 0x8001010d

Current thread 0x00006c7c (most recent call first):
  File "C:\Users\midoa\Downloads\Compressed\LetsFly_TableVoice_Fixed_NoTableText_20260902_Final\client\main.py", line 132 in main
  File "C:\Users\midoa\Downloads\Compressed\LetsFly_TableVoice_Fixed_NoTableText_20260902_Final\client\main.py", line 135 in <module>

Current thread's C stack trace (most recent call first):
  <cannot get C stack on this system>
Windows fatal exception: code 0x8001010d

Current thread 0x00000600 (most recent call first):
  File "C:\Users\midoa\Downloads\Compressed\letsfly_final_100_parity_reviewed\Windows\client\main.py", line 132 in main
  File "C:\Users\midoa\Downloads\Compressed\letsfly_final_100_parity_reviewed\Windows\client\main.py", line 135 in <module>

Current thread's C stack trace (most recent call first):
  <cannot get C stack on this system>
Windows fatal exception: code 0x8001010d

Current thread 0x00001d4c (most recent call first):
  File "C:\Users\midoa\Downloads\letsfly_full_source_both\Windows\client\main.py", line 132 in main
  File "C:\Users\midoa\Downloads\letsfly_full_source_both\Windows\client\main.py", line 135 in <module>

Current thread's C stack trace (most recent call first):
  <cannot get C stack on this system>
Windows fatal exception: code 0x8001010d

Thread 0x00003bb4 [Thread-1 (worker)] (most recent call first):
  File "C:\Users\midoa\AppData\Local\Python\pythoncore-3.14-64\Lib\socket.py", line 987 in getaddrinfo
  File "C:\Users\midoa\AppData\Local\Python\pythoncore-3.14-64\Lib\socket.py", line 850 in create_connection
  File "C:\Users\midoa\Downloads\letsfly_full_source_both\Windows\.venv\Lib\site-packages\httpcore\_backends\sync.py", line 208 in connect_tcp
  File "C:\Users\midoa\Downloads\letsfly_full_source_both\Windows\.venv\Lib\site-packages\httpcore\_sync\connection.py", line 124 in _connect
  File "C:\Users\midoa\Downloads\letsfly_full_source_both\Windows\.venv\Lib\site-packages\httpcore\_sync\connection.py", line 78 in handle_request
  File "C:\Users\midoa\Downloads\letsfly_full_source_both\Windows\.venv\Lib\site-packages\httpcore\_sync\connection_pool.py", line 236 in handle_request
  File "C:\Users\midoa\Downloads\letsfly_full_source_both\Windows\.venv\Lib\site-packages\httpx\_transports\default.py", line 250 in handle_request
  File "C:\Users\midoa\Downloads\letsfly_full_source_both\Windows\.venv\Lib\site-packages\httpx\_client.py", line 1014 in _send_single_request
  File "C:\Users\midoa\Downloads\letsfly_full_source_both\Windows\.venv\Lib\site-packages\httpx\_client.py", line 979 in _send_handling_redirects
  File "C:\Users\midoa\Downloads\letsfly_full_source_both\Windows\.venv\Lib\site-packages\httpx\_client.py", line 942 in _send_handling_auth
  File "C:\Users\midoa\Downloads\letsfly_full_source_both\Windows\.venv\Lib\site-packages\httpx\_client.py", line 914 in send
  File "C:\Users\midoa\Downloads\letsfly_full_source_both\Windows\.venv\Lib\site-packages\httpx\_client.py", line 825 in request
  File "C:\Users\midoa\Downloads\letsfly_full_source_both\Windows\client\network\api_client.py", line 38 in _request
  File "C:\Users\midoa\Downloads\letsfly_full_source_both\Windows\client\network\api_client.py", line 78 in me
  File "C:\Users\midoa\Downloads\letsfly_full_source_both\Windows\client\client_app.py", line 498 in worker
  File "C:\Users\midoa\AppData\Local\Python\pythoncore-3.14-64\Lib\threading.py", line 1024 in run
  File "C:\Users\midoa\AppData\Local\Python\pythoncore-3.14-64\Lib\threading.py", line 1082 in _bootstrap_inner
  File "C:\Users\midoa\AppData\Local\Python\pythoncore-3.14-64\Lib\threading.py", line 1044 in _bootstrap

Current thread 0x00000e44 (most recent call first):
  File "C:\Users\midoa\Downloads\letsfly_full_source_both\Windows\client\main.py", line 132 in main
  File "C:\Users\midoa\Downloads\letsfly_full_source_both\Windows\client\main.py", line 135 in <module>

Current thread's C stack trace (most recent call first):
  <cannot get C stack on this system>
Windows fatal exception: code 0x8001010d

Thread 0x00000130 [Thread-1 (worker)] (most recent call first):
  File "C:\Users\midoa\AppData\Local\Python\pythoncore-3.14-64\Lib\socket.py", line 987 in getaddrinfo
  File "C:\Users\midoa\AppData\Local\Python\pythoncore-3.14-64\Lib\socket.py", line 850 in create_connection
  File "C:\Users\midoa\Downloads\letsfly_full_source_both\Windows\.venv\Lib\site-packages\httpcore\_backends\sync.py", line 208 in connect_tcp
  File "C:\Users\midoa\Downloads\letsfly_full_source_both\Windows\.venv\Lib\site-packages\httpcore\_sync\connection.py", line 124 in _connect
  File "C:\Users\midoa\Downloads\letsfly_full_source_both\Windows\.venv\Lib\site-packages\httpcore\_sync\connection.py", line 78 in handle_request
  File "C:\Users\midoa\Downloads\letsfly_full_source_both\Windows\.venv\Lib\site-packages\httpcore\_sync\connection_pool.py", line 236 in handle_request
  File "C:\Users\midoa\Downloads\letsfly_full_source_both\Windows\.venv\Lib\site-packages\httpx\_transports\default.py", line 250 in handle_request
  File "C:\Users\midoa\Downloads\letsfly_full_source_both\Windows\.venv\Lib\site-packages\httpx\_client.py", line 1014 in _send_single_request
  File "C:\Users\midoa\Downloads\letsfly_full_source_both\Windows\.venv\Lib\site-packages\httpx\_client.py", line 979 in _send_handling_redirects
  File "C:\Users\midoa\Downloads\letsfly_full_source_both\Windows\.venv\Lib\site-packages\httpx\_client.py", line 942 in _send_handling_auth
  File "C:\Users\midoa\Downloads\letsfly_full_source_both\Windows\.venv\Lib\site-packages\httpx\_client.py", line 914 in send
  File "C:\Users\midoa\Downloads\letsfly_full_source_both\Windows\.venv\Lib\site-packages\httpx\_client.py", line 825 in request
  File "C:\Users\midoa\Downloads\letsfly_full_source_both\Windows\client\network\api_client.py", line 38 in _request
  File "C:\Users\midoa\Downloads\letsfly_full_source_both\Windows\client\network\api_client.py", line 78 in me
  File "C:\Users\midoa\Downloads\letsfly_full_source_both\Windows\client\client_app.py", line 498 in worker
  File "C:\Users\midoa\AppData\Local\Python\pythoncore-3.14-64\Lib\threading.py", line 1024 in run
  File "C:\Users\midoa\AppData\Local\Python\pythoncore-3.14-64\Lib\threading.py", line 1082 in _bootstrap_inner
  File "C:\Users\midoa\AppData\Local\Python\pythoncore-3.14-64\Lib\threading.py", line 1044 in _bootstrap

Current thread 0x000005c0 (most recent call first):
  File "C:\Users\midoa\Downloads\letsfly_full_source_both\Windows\client\main.py", line 132 in main
  File "C:\Users\midoa\Downloads\letsfly_full_source_both\Windows\client\main.py", line 135 in <module>

Current thread's C stack trace (most recent call first):
  <cannot get C stack on this system>
Windows fatal exception: code 0x8001010d

Thread 0x00003704 [Thread-1 (worker)] (most recent call first):
  File "C:\Users\midoa\AppData\Local\Python\pythoncore-3.14-64\Lib\socket.py", line 987 in getaddrinfo
  File "C:\Users\midoa\AppData\Local\Python\pythoncore-3.14-64\Lib\socket.py", line 850 in create_connection
  File "C:\Users\midoa\Downloads\letsfly_full_source_both\Windows\.venv\Lib\site-packages\httpcore\_backends\sync.py", line 208 in connect_tcp
  File "C:\Users\midoa\Downloads\letsfly_full_source_both\Windows\.venv\Lib\site-packages\httpcore\_sync\connection.py", line 124 in _connect
  File "C:\Users\midoa\Downloads\letsfly_full_source_both\Windows\.venv\Lib\site-packages\httpcore\_sync\connection.py", line 78 in handle_request
  File "C:\Users\midoa\Downloads\letsfly_full_source_both\Windows\.venv\Lib\site-packages\httpcore\_sync\connection_pool.py", line 236 in handle_request
  File "C:\Users\midoa\Downloads\letsfly_full_source_both\Windows\.venv\Lib\site-packages\httpx\_transports\default.py", line 250 in handle_request
  File "C:\Users\midoa\Downloads\letsfly_full_source_both\Windows\.venv\Lib\site-packages\httpx\_client.py", line 1014 in _send_single_request
  File "C:\Users\midoa\Downloads\letsfly_full_source_both\Windows\.venv\Lib\site-packages\httpx\_client.py", line 979 in _send_handling_redirects
  File "C:\Users\midoa\Downloads\letsfly_full_source_both\Windows\.venv\Lib\site-packages\httpx\_client.py", line 942 in _send_handling_auth
  File "C:\Users\midoa\Downloads\letsfly_full_source_both\Windows\.venv\Lib\site-packages\httpx\_client.py", line 914 in send
  File "C:\Users\midoa\Downloads\letsfly_full_source_both\Windows\.venv\Lib\site-packages\httpx\_client.py", line 825 in request
  File "C:\Users\midoa\Downloads\letsfly_full_source_both\Windows\client\network\api_client.py", line 38 in _request
  File "C:\Users\midoa\Downloads\letsfly_full_source_both\Windows\client\network\api_client.py", line 78 in me
  File "C:\Users\midoa\Downloads\letsfly_full_source_both\Windows\client\client_app.py", line 498 in worker
  File "C:\Users\midoa\AppData\Local\Python\pythoncore-3.14-64\Lib\threading.py", line 1024 in run
  File "C:\Users\midoa\AppData\Local\Python\pythoncore-3.14-64\Lib\threading.py", line 1082 in _bootstrap_inner
  File "C:\Users\midoa\AppData\Local\Python\pythoncore-3.14-64\Lib\threading.py", line 1044 in _bootstrap

Current thread 0x00002940 (most recent call first):
  File "C:\Users\midoa\Downloads\letsfly_full_source_both\Windows\client\main.py", line 132 in main
  File "C:\Users\midoa\Downloads\letsfly_full_source_both\Windows\client\main.py", line 135 in <module>

Current thread's C stack trace (most recent call first):
  <cannot get C stack on this system>
Windows fatal exception: code 0x8001010d

Thread 0x00002b0c [Thread-1 (worker)] (most recent call first):
  File "C:\Users\midoa\AppData\Local\Python\pythoncore-3.14-64\Lib\socket.py", line 987 in getaddrinfo
  File "C:\Users\midoa\AppData\Local\Python\pythoncore-3.14-64\Lib\socket.py", line 850 in create_connection
  File "C:\Users\midoa\Downloads\letsfly_full_source_both\Windows\.venv\Lib\site-packages\httpcore\_backends\sync.py", line 208 in connect_tcp
  File "C:\Users\midoa\Downloads\letsfly_full_source_both\Windows\.venv\Lib\site-packages\httpcore\_sync\connection.py", line 124 in _connect
  File "C:\Users\midoa\Downloads\letsfly_full_source_both\Windows\.venv\Lib\site-packages\httpcore\_sync\connection.py", line 78 in handle_request
  File "C:\Users\midoa\Downloads\letsfly_full_source_both\Windows\.venv\Lib\site-packages\httpcore\_sync\connection_pool.py", line 236 in handle_request
  File "C:\Users\midoa\Downloads\letsfly_full_source_both\Windows\.venv\Lib\site-packages\httpx\_transports\default.py", line 250 in handle_request
  File "C:\Users\midoa\Downloads\letsfly_full_source_both\Windows\.venv\Lib\site-packages\httpx\_client.py", line 1014 in _send_single_request
  File "C:\Users\midoa\Downloads\letsfly_full_source_both\Windows\.venv\Lib\site-packages\httpx\_client.py", line 979 in _send_handling_redirects
  File "C:\Users\midoa\Downloads\letsfly_full_source_both\Windows\.venv\Lib\site-packages\httpx\_client.py", line 942 in _send_handling_auth
  File "C:\Users\midoa\Downloads\letsfly_full_source_both\Windows\.venv\Lib\site-packages\httpx\_client.py", line 914 in send
  File "C:\Users\midoa\Downloads\letsfly_full_source_both\Windows\.venv\Lib\site-packages\httpx\_client.py", line 825 in request
  File "C:\Users\midoa\Downloads\letsfly_full_source_both\Windows\client\network\api_client.py", line 38 in _request
  File "C:\Users\midoa\Downloads\letsfly_full_source_both\Windows\client\network\api_client.py", line 78 in me
  File "C:\Users\midoa\Downloads\letsfly_full_source_both\Windows\client\client_app.py", line 498 in worker
  File "C:\Users\midoa\AppData\Local\Python\pythoncore-3.14-64\Lib\threading.py", line 1024 in run
  File "C:\Users\midoa\AppData\Local\Python\pythoncore-3.14-64\Lib\threading.py", line 1082 in _bootstrap_inner
  File "C:\Users\midoa\AppData\Local\Python\pythoncore-3.14-64\Lib\threading.py", line 1044 in _bootstrap

Current thread 0x00003700 (most recent call first):
  File "C:\Users\midoa\Downloads\letsfly_full_source_both\Windows\client\main.py", line 132 in main
  File "C:\Users\midoa\Downloads\letsfly_full_source_both\Windows\client\main.py", line 135 in <module>

Current thread's C stack trace (most recent call first):
  <cannot get C stack on this system>
Windows fatal exception: code 0x8001010d

Thread 0x00003ae0 [Thread-1 (worker)] (most recent call first):
  File "C:\Users\midoa\AppData\Local\Python\pythoncore-3.14-64\Lib\socket.py", line 987 in getaddrinfo
  File "C:\Users\midoa\AppData\Local\Python\pythoncore-3.14-64\Lib\socket.py", line 850 in create_connection
  File "C:\Users\midoa\Downloads\letsfly_full_source_both\Windows\.venv\Lib\site-packages\httpcore\_backends\sync.py", line 208 in connect_tcp
  File "C:\Users\midoa\Downloads\letsfly_full_source_both\Windows\.venv\Lib\site-packages\httpcore\_sync\connection.py", line 124 in _connect
  File "C:\Users\midoa\Downloads\letsfly_full_source_both\Windows\.venv\Lib\site-packages\httpcore\_sync\connection.py", line 78 in handle_request
  File "C:\Users\midoa\Downloads\letsfly_full_source_both\Windows\.venv\Lib\site-packages\httpcore\_sync\connection_pool.py", line 236 in handle_request
  File "C:\Users\midoa\Downloads\letsfly_full_source_both\Windows\.venv\Lib\site-packages\httpx\_transports\default.py", line 250 in handle_request
  File "C:\Users\midoa\Downloads\letsfly_full_source_both\Windows\.venv\Lib\site-packages\httpx\_client.py", line 1014 in _send_single_request
  File "C:\Users\midoa\Downloads\letsfly_full_source_both\Windows\.venv\Lib\site-packages\httpx\_client.py", line 979 in _send_handling_redirects
  File "C:\Users\midoa\Downloads\letsfly_full_source_both\Windows\.venv\Lib\site-packages\httpx\_client.py", line 942 in _send_handling_auth
  File "C:\Users\midoa\Downloads\letsfly_full_source_both\Windows\.venv\Lib\site-packages\httpx\_client.py", line 914 in send
  File "C:\Users\midoa\Downloads\letsfly_full_source_both\Windows\.venv\Lib\site-packages\httpx\_client.py", line 825 in request
  File "C:\Users\midoa\Downloads\letsfly_full_source_both\Windows\client\network\api_client.py", line 38 in _request
  File "C:\Users\midoa\Downloads\letsfly_full_source_both\Windows\client\network\api_client.py", line 78 in me
  File "C:\Users\midoa\Downloads\letsfly_full_source_both\Windows\client\client_app.py", line 498 in worker
  File "C:\Users\midoa\AppData\Local\Python\pythoncore-3.14-64\Lib\threading.py", line 1024 in run
  File "C:\Users\midoa\AppData\Local\Python\pythoncore-3.14-64\Lib\threading.py", line 1082 in _bootstrap_inner
  File "C:\Users\midoa\AppData\Local\Python\pythoncore-3.14-64\Lib\threading.py", line 1044 in _bootstrap

Current thread 0x00002e90 (most recent call first):
  File "C:\Users\midoa\Downloads\letsfly_full_source_both\Windows\client\main.py", line 132 in main
  File "C:\Users\midoa\Downloads\letsfly_full_source_both\Windows\client\main.py", line 135 in <module>

Current thread's C stack trace (most recent call first):
  <cannot get C stack on this system>
Windows fatal exception: code 0x8001010d

Current thread 0x00003014 (most recent call first):
  File "C:\Users\midoa\Downloads\letsfly_full_source_both\Windows\client\main.py", line 132 in main
  File "C:\Users\midoa\Downloads\letsfly_full_source_both\Windows\client\main.py", line 135 in <module>

Current thread's C stack trace (most recent call first):
  <cannot get C stack on this system>
Windows fatal exception: code 0x8001010d

Current thread 0x00003554 (most recent call first):
  File "C:\Users\midoa\Downloads\letsfly_full_source_both\Windows\client\main.py", line 132 in main
  File "C:\Users\midoa\Downloads\letsfly_full_source_both\Windows\client\main.py", line 135 in <module>

Current thread's C stack trace (most recent call first):
  <cannot get C stack on this system>
Windows fatal exception: code 0x8001010d

Thread 0x000027ec [Thread-1 (worker)] (most recent call first):
  File "C:\Users\midoa\AppData\Local\Python\pythoncore-3.14-64\Lib\socket.py", line 987 in getaddrinfo
  File "C:\Users\midoa\AppData\Local\Python\pythoncore-3.14-64\Lib\socket.py", line 850 in create_connection
  File "C:\Users\midoa\Downloads\letsfly_full_source_both\Windows\.venv\Lib\site-packages\httpcore\_backends\sync.py", line 208 in connect_tcp
  File "C:\Users\midoa\Downloads\letsfly_full_source_both\Windows\.venv\Lib\site-packages\httpcore\_sync\connection.py", line 124 in _connect
  File "C:\Users\midoa\Downloads\letsfly_full_source_both\Windows\.venv\Lib\site-packages\httpcore\_sync\connection.py", line 78 in handle_request
  File "C:\Users\midoa\Downloads\letsfly_full_source_both\Windows\.venv\Lib\site-packages\httpcore\_sync\connection_pool.py", line 236 in handle_request
  File "C:\Users\midoa\Downloads\letsfly_full_source_both\Windows\.venv\Lib\site-packages\httpx\_transports\default.py", line 250 in handle_request
  File "C:\Users\midoa\Downloads\letsfly_full_source_both\Windows\.venv\Lib\site-packages\httpx\_client.py", line 1014 in _send_single_request
  File "C:\Users\midoa\Downloads\letsfly_full_source_both\Windows\.venv\Lib\site-packages\httpx\_client.py", line 979 in _send_handling_redirects
  File "C:\Users\midoa\Downloads\letsfly_full_source_both\Windows\.venv\Lib\site-packages\httpx\_client.py", line 942 in _send_handling_auth
  File "C:\Users\midoa\Downloads\letsfly_full_source_both\Windows\.venv\Lib\site-packages\httpx\_client.py", line 914 in send
  File "C:\Users\midoa\Downloads\letsfly_full_source_both\Windows\.venv\Lib\site-packages\httpx\_client.py", line 825 in request
  File "C:\Users\midoa\Downloads\letsfly_full_source_both\Windows\client\network\api_client.py", line 38 in _request
  File "C:\Users\midoa\Downloads\letsfly_full_source_both\Windows\client\network\api_client.py", line 78 in me
  File "C:\Users\midoa\Downloads\letsfly_full_source_both\Windows\client\client_app.py", line 498 in worker
  File "C:\Users\midoa\AppData\Local\Python\pythoncore-3.14-64\Lib\threading.py", line 1024 in run
  File "C:\Users\midoa\AppData\Local\Python\pythoncore-3.14-64\Lib\threading.py", line 1082 in _bootstrap_inner
  File "C:\Users\midoa\AppData\Local\Python\pythoncore-3.14-64\Lib\threading.py", line 1044 in _bootstrap

Current thread 0x00000b60 (most recent call first):
  File "C:\Users\midoa\Downloads\letsfly_full_source_both\Windows\client\main.py", line 132 in main
  File "C:\Users\midoa\Downloads\letsfly_full_source_both\Windows\client\main.py", line 135 in <module>

Current thread's C stack trace (most recent call first):
  <cannot get C stack on this system>
Windows fatal exception: code 0x8001010d

Thread 0x00003ba0 [Thread-1 (worker)] (most recent call first):
  File "C:\Users\midoa\AppData\Local\Python\pythoncore-3.14-64\Lib\socket.py", line 987 in getaddrinfo
  File "C:\Users\midoa\AppData\Local\Python\pythoncore-3.14-64\Lib\socket.py", line 850 in create_connection
  File "C:\Users\midoa\Downloads\letsfly_full_source_both\Windows\.venv\Lib\site-packages\httpcore\_backends\sync.py", line 208 in connect_tcp
  File "C:\Users\midoa\Downloads\letsfly_full_source_both\Windows\.venv\Lib\site-packages\httpcore\_sync\connection.py", line 124 in _connect
  File "C:\Users\midoa\Downloads\letsfly_full_source_both\Windows\.venv\Lib\site-packages\httpcore\_sync\connection.py", line 78 in handle_request
  File "C:\Users\midoa\Downloads\letsfly_full_source_both\Windows\.venv\Lib\site-packages\httpcore\_sync\connection_pool.py", line 236 in handle_request
  File "C:\Users\midoa\Downloads\letsfly_full_source_both\Windows\.venv\Lib\site-packages\httpx\_transports\default.py", line 250 in handle_request
  File "C:\Users\midoa\Downloads\letsfly_full_source_both\Windows\.venv\Lib\site-packages\httpx\_client.py", line 1014 in _send_single_request
  File "C:\Users\midoa\Downloads\letsfly_full_source_both\Windows\.venv\Lib\site-packages\httpx\_client.py", line 979 in _send_handling_redirects
  File "C:\Users\midoa\Downloads\letsfly_full_source_both\Windows\.venv\Lib\site-packages\httpx\_client.py", line 942 in _send_handling_auth
  File "C:\Users\midoa\Downloads\letsfly_full_source_both\Windows\.venv\Lib\site-packages\httpx\_client.py", line 914 in send
  File "C:\Users\midoa\Downloads\letsfly_full_source_both\Windows\.venv\Lib\site-packages\httpx\_client.py", line 825 in request
  File "C:\Users\midoa\Downloads\letsfly_full_source_both\Windows\client\network\api_client.py", line 38 in _request
  File "C:\Users\midoa\Downloads\letsfly_full_source_both\Windows\client\network\api_client.py", line 78 in me
  File "C:\Users\midoa\Downloads\letsfly_full_source_both\Windows\client\client_app.py", line 498 in worker
  File "C:\Users\midoa\AppData\Local\Python\pythoncore-3.14-64\Lib\threading.py", line 1024 in run
  File "C:\Users\midoa\AppData\Local\Python\pythoncore-3.14-64\Lib\threading.py", line 1082 in _bootstrap_inner
  File "C:\Users\midoa\AppData\Local\Python\pythoncore-3.14-64\Lib\threading.py", line 1044 in _bootstrap

Current thread 0x000034e0 (most recent call first):
  File "C:\Users\midoa\Downloads\letsfly_full_source_both\Windows\client\main.py", line 132 in main
  File "C:\Users\midoa\Downloads\letsfly_full_source_both\Windows\client\main.py", line 135 in <module>

Current thread's C stack trace (most recent call first):
  <cannot get C stack on this system>
Windows fatal exception: code 0x8001010d

Thread 0x00003548 [Thread-1 (worker)] (most recent call first):
  File "C:\Users\midoa\AppData\Local\Python\pythoncore-3.14-64\Lib\socket.py", line 987 in getaddrinfo
  File "C:\Users\midoa\AppData\Local\Python\pythoncore-3.14-64\Lib\socket.py", line 850 in create_connection
  File "C:\Users\midoa\Downloads\letsfly_full_source_both\Windows\.venv\Lib\site-packages\httpcore\_backends\sync.py", line 208 in connect_tcp
  File "C:\Users\midoa\Downloads\letsfly_full_source_both\Windows\.venv\Lib\site-packages\httpcore\_sync\connection.py", line 124 in _connect
  File "C:\Users\midoa\Downloads\letsfly_full_source_both\Windows\.venv\Lib\site-packages\httpcore\_sync\connection.py", line 78 in handle_request
  File "C:\Users\midoa\Downloads\letsfly_full_source_both\Windows\.venv\Lib\site-packages\httpcore\_sync\connection_pool.py", line 236 in handle_request
  File "C:\Users\midoa\Downloads\letsfly_full_source_both\Windows\.venv\Lib\site-packages\httpx\_transports\default.py", line 250 in handle_request
  File "C:\Users\midoa\Downloads\letsfly_full_source_both\Windows\.venv\Lib\site-packages\httpx\_client.py", line 1014 in _send_single_request
  File "C:\Users\midoa\Downloads\letsfly_full_source_both\Windows\.venv\Lib\site-packages\httpx\_client.py", line 979 in _send_handling_redirects
  File "C:\Users\midoa\Downloads\letsfly_full_source_both\Windows\.venv\Lib\site-packages\httpx\_client.py", line 942 in _send_handling_auth
  File "C:\Users\midoa\Downloads\letsfly_full_source_both\Windows\.venv\Lib\site-packages\httpx\_client.py", line 914 in send
  File "C:\Users\midoa\Downloads\letsfly_full_source_both\Windows\.venv\Lib\site-packages\httpx\_client.py", line 825 in request
  File "C:\Users\midoa\Downloads\letsfly_full_source_both\Windows\client\network\api_client.py", line 38 in _request
  File "C:\Users\midoa\Downloads\letsfly_full_source_both\Windows\client\network\api_client.py", line 78 in me
  File "C:\Users\midoa\Downloads\letsfly_full_source_both\Windows\client\client_app.py", line 506 in worker
  File "C:\Users\midoa\AppData\Local\Python\pythoncore-3.14-64\Lib\threading.py", line 1024 in run
  File "C:\Users\midoa\AppData\Local\Python\pythoncore-3.14-64\Lib\threading.py", line 1082 in _bootstrap_inner
  File "C:\Users\midoa\AppData\Local\Python\pythoncore-3.14-64\Lib\threading.py", line 1044 in _bootstrap

Current thread 0x000030bc (most recent call first):
  File "C:\Users\midoa\Downloads\letsfly_full_source_both\Windows\client\main.py", line 132 in main
  File "C:\Users\midoa\Downloads\letsfly_full_source_both\Windows\client\main.py", line 135 in <module>

Current thread's C stack trace (most recent call first):
  <cannot get C stack on this system>
Windows fatal exception: code 0x8001010d

Thread 0x00000dfc [Thread-1 (worker)] (most recent call first):
  File "C:\Users\midoa\AppData\Local\Python\pythoncore-3.14-64\Lib\socket.py", line 859 in create_connection
  File "C:\Users\midoa\Downloads\letsfly_full_source_both\Windows\.venv\Lib\site-packages\httpcore\_backends\sync.py", line 208 in connect_tcp
  File "C:\Users\midoa\Downloads\letsfly_full_source_both\Windows\.venv\Lib\site-packages\httpcore\_sync\connection.py", line 124 in _connect
  File "C:\Users\midoa\Downloads\letsfly_full_source_both\Windows\.venv\Lib\site-packages\httpcore\_sync\connection.py", line 78 in handle_request
  File "C:\Users\midoa\Downloads\letsfly_full_source_both\Windows\.venv\Lib\site-packages\httpcore\_sync\connection_pool.py", line 236 in handle_request
  File "C:\Users\midoa\Downloads\letsfly_full_source_both\Windows\.venv\Lib\site-packages\httpx\_transports\default.py", line 250 in handle_request
  File "C:\Users\midoa\Downloads\letsfly_full_source_both\Windows\.venv\Lib\site-packages\httpx\_client.py", line 1014 in _send_single_request
  File "C:\Users\midoa\Downloads\letsfly_full_source_both\Windows\.venv\Lib\site-packages\httpx\_client.py", line 979 in _send_handling_redirects
  File "C:\Users\midoa\Downloads\letsfly_full_source_both\Windows\.venv\Lib\site-packages\httpx\_client.py", line 942 in _send_handling_auth
  File "C:\Users\midoa\Downloads\letsfly_full_source_both\Windows\.venv\Lib\site-packages\httpx\_client.py", line 914 in send
  File "C:\Users\midoa\Downloads\letsfly_full_source_both\Windows\.venv\Lib\site-packages\httpx\_client.py", line 825 in request
  File "C:\Users\midoa\Downloads\letsfly_full_source_both\Windows\client\network\api_client.py", line 38 in _request
  File "C:\Users\midoa\Downloads\letsfly_full_source_both\Windows\client\network\api_client.py", line 78 in me
  File "C:\Users\midoa\Downloads\letsfly_full_source_both\Windows\client\client_app.py", line 506 in worker
  File "C:\Users\midoa\AppData\Local\Python\pythoncore-3.14-64\Lib\threading.py", line 1024 in run
  File "C:\Users\midoa\AppData\Local\Python\pythoncore-3.14-64\Lib\threading.py", line 1082 in _bootstrap_inner
  File "C:\Users\midoa\AppData\Local\Python\pythoncore-3.14-64\Lib\threading.py", line 1044 in _bootstrap

Current thread 0x00002ea4 (most recent call first):
  File "C:\Users\midoa\Downloads\letsfly_full_source_both\Windows\client\main.py", line 132 in main
  File "C:\Users\midoa\Downloads\letsfly_full_source_both\Windows\client\main.py", line 135 in <module>

Current thread's C stack trace (most recent call first):
  <cannot get C stack on this system>
Windows fatal exception: code 0x8001010d

Thread 0x00002268 [Thread-1 (worker)] (most recent call first):
  File "C:\Users\midoa\AppData\Local\Python\pythoncore-3.14-64\Lib\socket.py", line 987 in getaddrinfo
  File "C:\Users\midoa\AppData\Local\Python\pythoncore-3.14-64\Lib\socket.py", line 850 in create_connection
  File "C:\Users\midoa\Downloads\letsfly_full_source_both\Windows\.venv\Lib\site-packages\httpcore\_backends\sync.py", line 208 in connect_tcp
  File "C:\Users\midoa\Downloads\letsfly_full_source_both\Windows\.venv\Lib\site-packages\httpcore\_sync\connection.py", line 124 in _connect
  File "C:\Users\midoa\Downloads\letsfly_full_source_both\Windows\.venv\Lib\site-packages\httpcore\_sync\connection.py", line 78 in handle_request
  File "C:\Users\midoa\Downloads\letsfly_full_source_both\Windows\.venv\Lib\site-packages\httpcore\_sync\connection_pool.py", line 236 in handle_request
  File "C:\Users\midoa\Downloads\letsfly_full_source_both\Windows\.venv\Lib\site-packages\httpx\_transports\default.py", line 250 in handle_request
  File "C:\Users\midoa\Downloads\letsfly_full_source_both\Windows\.venv\Lib\site-packages\httpx\_client.py", line 1014 in _send_single_request
  File "C:\Users\midoa\Downloads\letsfly_full_source_both\Windows\.venv\Lib\site-packages\httpx\_client.py", line 979 in _send_handling_redirects
  File "C:\Users\midoa\Downloads\letsfly_full_source_both\Windows\.venv\Lib\site-packages\httpx\_client.py", line 942 in _send_handling_auth
  File "C:\Users\midoa\Downloads\letsfly_full_source_both\Windows\.venv\Lib\site-packages\httpx\_client.py", line 914 in send
  File "C:\Users\midoa\Downloads\letsfly_full_source_both\Windows\.venv\Lib\site-packages\httpx\_client.py", line 825 in request
  File "C:\Users\midoa\Downloads\letsfly_full_source_both\Windows\client\network\api_client.py", line 38 in _request
  File "C:\Users\midoa\Downloads\letsfly_full_source_both\Windows\client\network\api_client.py", line 78 in me
  File "C:\Users\midoa\Downloads\letsfly_full_source_both\Windows\client\client_app.py", line 506 in worker
  File "C:\Users\midoa\AppData\Local\Python\pythoncore-3.14-64\Lib\threading.py", line 1024 in run
  File "C:\Users\midoa\AppData\Local\Python\pythoncore-3.14-64\Lib\threading.py", line 1082 in _bootstrap_inner
  File "C:\Users\midoa\AppData\Local\Python\pythoncore-3.14-64\Lib\threading.py", line 1044 in _bootstrap

Current thread 0x00002168 (most recent call first):
  File "C:\Users\midoa\Downloads\letsfly_full_source_both\Windows\client\main.py", line 132 in main
  File "C:\Users\midoa\Downloads\letsfly_full_source_both\Windows\client\main.py", line 135 in <module>

Current thread's C stack trace (most recent call first):
  <cannot get C stack on this system>
Windows fatal exception: code 0x8001010d

Thread 0x000011a0 [Thread-1 (worker)] (most recent call first):
  File "C:\Users\midoa\AppData\Local\Python\pythoncore-3.14-64\Lib\socket.py", line 859 in create_connection
  File "C:\Users\midoa\Downloads\letsfly_full_source_both\Windows\.venv\Lib\site-packages\httpcore\_backends\sync.py", line 208 in connect_tcp
  File "C:\Users\midoa\Downloads\letsfly_full_source_both\Windows\.venv\Lib\site-packages\httpcore\_sync\connection.py", line 124 in _connect
  File "C:\Users\midoa\Downloads\letsfly_full_source_both\Windows\.venv\Lib\site-packages\httpcore\_sync\connection.py", line 78 in handle_request
  File "C:\Users\midoa\Downloads\letsfly_full_source_both\Windows\.venv\Lib\site-packages\httpcore\_sync\connection_pool.py", line 236 in handle_request
  File "C:\Users\midoa\Downloads\letsfly_full_source_both\Windows\.venv\Lib\site-packages\httpx\_transports\default.py", line 250 in handle_request
  File "C:\Users\midoa\Downloads\letsfly_full_source_both\Windows\.venv\Lib\site-packages\httpx\_client.py", line 1014 in _send_single_request
  File "C:\Users\midoa\Downloads\letsfly_full_source_both\Windows\.venv\Lib\site-packages\httpx\_client.py", line 979 in _send_handling_redirects
  File "C:\Users\midoa\Downloads\letsfly_full_source_both\Windows\.venv\Lib\site-packages\httpx\_client.py", line 942 in _send_handling_auth
  File "C:\Users\midoa\Downloads\letsfly_full_source_both\Windows\.venv\Lib\site-packages\httpx\_client.py", line 914 in send
  File "C:\Users\midoa\Downloads\letsfly_full_source_both\Windows\.venv\Lib\site-packages\httpx\_client.py", line 825 in request
  File "C:\Users\midoa\Downloads\letsfly_full_source_both\Windows\client\network\api_client.py", line 38 in _request
  File "C:\Users\midoa\Downloads\letsfly_full_source_both\Windows\client\network\api_client.py", line 78 in me
  File "C:\Users\midoa\Downloads\letsfly_full_source_both\Windows\client\client_app.py", line 506 in worker
  File "C:\Users\midoa\AppData\Local\Python\pythoncore-3.14-64\Lib\threading.py", line 1024 in run
  File "C:\Users\midoa\AppData\Local\Python\pythoncore-3.14-64\Lib\threading.py", line 1082 in _bootstrap_inner
  File "C:\Users\midoa\AppData\Local\Python\pythoncore-3.14-64\Lib\threading.py", line 1044 in _bootstrap

Current thread 0x000026cc (most recent call first):
  File "C:\Users\midoa\Downloads\letsfly_full_source_both\Windows\client\main.py", line 132 in main
  File "C:\Users\midoa\Downloads\letsfly_full_source_both\Windows\client\main.py", line 135 in <module>

Current thread's C stack trace (most recent call first):
  <cannot get C stack on this system>
Windows fatal exception: code 0x8001010d

Thread 0x000033dc [Thread-1 (worker)] (most recent call first):
  File "C:\Users\midoa\AppData\Local\Python\pythoncore-3.14-64\Lib\socket.py", line 987 in getaddrinfo
  File "C:\Users\midoa\AppData\Local\Python\pythoncore-3.14-64\Lib\socket.py", line 850 in create_connection
  File "C:\Users\midoa\Downloads\letsfly_full_source_both\Windows\.venv\Lib\site-packages\httpcore\_backends\sync.py", line 208 in connect_tcp
  File "C:\Users\midoa\Downloads\letsfly_full_source_both\Windows\.venv\Lib\site-packages\httpcore\_sync\connection.py", line 124 in _connect
  File "C:\Users\midoa\Downloads\letsfly_full_source_both\Windows\.venv\Lib\site-packages\httpcore\_sync\connection.py", line 78 in handle_request
  File "C:\Users\midoa\Downloads\letsfly_full_source_both\Windows\.venv\Lib\site-packages\httpcore\_sync\connection_pool.py", line 236 in handle_request
  File "C:\Users\midoa\Downloads\letsfly_full_source_both\Windows\.venv\Lib\site-packages\httpx\_transports\default.py", line 250 in handle_request
  File "C:\Users\midoa\Downloads\letsfly_full_source_both\Windows\.venv\Lib\site-packages\httpx\_client.py", line 1014 in _send_single_request
  File "C:\Users\midoa\Downloads\letsfly_full_source_both\Windows\.venv\Lib\site-packages\httpx\_client.py", line 979 in _send_handling_redirects
  File "C:\Users\midoa\Downloads\letsfly_full_source_both\Windows\.venv\Lib\site-packages\httpx\_client.py", line 942 in _send_handling_auth
  File "C:\Users\midoa\Downloads\letsfly_full_source_both\Windows\.venv\Lib\site-packages\httpx\_client.py", line 914 in send
  File "C:\Users\midoa\Downloads\letsfly_full_source_both\Windows\.venv\Lib\site-packages\httpx\_client.py", line 825 in request
  File "C:\Users\midoa\Downloads\letsfly_full_source_both\Windows\client\network\api_client.py", line 38 in _request
  File "C:\Users\midoa\Downloads\letsfly_full_source_both\Windows\client\network\api_client.py", line 78 in me
  File "C:\Users\midoa\Downloads\letsfly_full_source_both\Windows\client\client_app.py", line 506 in worker
  File "C:\Users\midoa\AppData\Local\Python\pythoncore-3.14-64\Lib\threading.py", line 1024 in run
  File "C:\Users\midoa\AppData\Local\Python\pythoncore-3.14-64\Lib\threading.py", line 1082 in _bootstrap_inner
  File "C:\Users\midoa\AppData\Local\Python\pythoncore-3.14-64\Lib\threading.py", line 1044 in _bootstrap

Current thread 0x00000ecc (most recent call first):
  File "C:\Users\midoa\Downloads\letsfly_full_source_both\Windows\client\main.py", line 132 in main
  File "C:\Users\midoa\Downloads\letsfly_full_source_both\Windows\client\main.py", line 135 in <module>

Current thread's C stack trace (most recent call first):
  <cannot get C stack on this system>
Windows fatal exception: code 0x8001010d

Thread 0x00000aa8 [Thread-1 (worker)] (most recent call first):
  File "C:\Users\midoa\AppData\Local\Python\pythoncore-3.14-64\Lib\socket.py", line 987 in getaddrinfo
  File "C:\Users\midoa\AppData\Local\Python\pythoncore-3.14-64\Lib\socket.py", line 850 in create_connection
  File "C:\Users\midoa\Downloads\letsfly_full_source_both\Windows\.venv\Lib\site-packages\httpcore\_backends\sync.py", line 208 in connect_tcp
  File "C:\Users\midoa\Downloads\letsfly_full_source_both\Windows\.venv\Lib\site-packages\httpcore\_sync\connection.py", line 124 in _connect
  File "C:\Users\midoa\Downloads\letsfly_full_source_both\Windows\.venv\Lib\site-packages\httpcore\_sync\connection.py", line 78 in handle_request
  File "C:\Users\midoa\Downloads\letsfly_full_source_both\Windows\.venv\Lib\site-packages\httpcore\_sync\connection_pool.py", line 236 in handle_request
  File "C:\Users\midoa\Downloads\letsfly_full_source_both\Windows\.venv\Lib\site-packages\httpx\_transports\default.py", line 250 in handle_request
  File "C:\Users\midoa\Downloads\letsfly_full_source_both\Windows\.venv\Lib\site-packages\httpx\_client.py", line 1014 in _send_single_request
  File "C:\Users\midoa\Downloads\letsfly_full_source_both\Windows\.venv\Lib\site-packages\httpx\_client.py", line 979 in _send_handling_redirects
  File "C:\Users\midoa\Downloads\letsfly_full_source_both\Windows\.venv\Lib\site-packages\httpx\_client.py", line 942 in _send_handling_auth
  File "C:\Users\midoa\Downloads\letsfly_full_source_both\Windows\.venv\Lib\site-packages\httpx\_client.py", line 914 in send
  File "C:\Users\midoa\Downloads\letsfly_full_source_both\Windows\.venv\Lib\site-packages\httpx\_client.py", line 825 in request
  File "C:\Users\midoa\Downloads\letsfly_full_source_both\Windows\client\network\api_client.py", line 38 in _request
  File "C:\Users\midoa\Downloads\letsfly_full_source_both\Windows\client\network\api_client.py", line 78 in me
  File "C:\Users\midoa\Downloads\letsfly_full_source_both\Windows\client\client_app.py", line 506 in worker
  File "C:\Users\midoa\AppData\Local\Python\pythoncore-3.14-64\Lib\threading.py", line 1024 in run
  File "C:\Users\midoa\AppData\Local\Python\pythoncore-3.14-64\Lib\threading.py", line 1082 in _bootstrap_inner
  File "C:\Users\midoa\AppData\Local\Python\pythoncore-3.14-64\Lib\threading.py", line 1044 in _bootstrap

Current thread 0x000006c0 (most recent call first):
  File "C:\Users\midoa\Downloads\letsfly_full_source_both\Windows\client\main.py", line 132 in main
  File "C:\Users\midoa\Downloads\letsfly_full_source_both\Windows\client\main.py", line 135 in <module>

Current thread's C stack trace (most recent call first):
  <cannot get C stack on this system>
Windows fatal exception: code 0x8001010d

Thread 0x00001f7c [Thread-1 (worker)] (most recent call first):
  File "C:\Users\midoa\AppData\Local\Python\pythoncore-3.14-64\Lib\socket.py", line 987 in getaddrinfo
  File "C:\Users\midoa\AppData\Local\Python\pythoncore-3.14-64\Lib\socket.py", line 850 in create_connection
  File "C:\Users\midoa\Downloads\letsfly_full_source_both\Windows\.venv\Lib\site-packages\httpcore\_backends\sync.py", line 208 in connect_tcp
  File "C:\Users\midoa\Downloads\letsfly_full_source_both\Windows\.venv\Lib\site-packages\httpcore\_sync\connection.py", line 124 in _connect
  File "C:\Users\midoa\Downloads\letsfly_full_source_both\Windows\.venv\Lib\site-packages\httpcore\_sync\connection.py", line 78 in handle_request
  File "C:\Users\midoa\Downloads\letsfly_full_source_both\Windows\.venv\Lib\site-packages\httpcore\_sync\connection_pool.py", line 236 in handle_request
  File "C:\Users\midoa\Downloads\letsfly_full_source_both\Windows\.venv\Lib\site-packages\httpx\_transports\default.py", line 250 in handle_request
  File "C:\Users\midoa\Downloads\letsfly_full_source_both\Windows\.venv\Lib\site-packages\httpx\_client.py", line 1014 in _send_single_request
  File "C:\Users\midoa\Downloads\letsfly_full_source_both\Windows\.venv\Lib\site-packages\httpx\_client.py", line 979 in _send_handling_redirects
  File "C:\Users\midoa\Downloads\letsfly_full_source_both\Windows\.venv\Lib\site-packages\httpx\_client.py", line 942 in _send_handling_auth
  File "C:\Users\midoa\Downloads\letsfly_full_source_both\Windows\.venv\Lib\site-packages\httpx\_client.py", line 914 in send
  File "C:\Users\midoa\Downloads\letsfly_full_source_both\Windows\.venv\Lib\site-packages\httpx\_client.py", line 825 in request
  File "C:\Users\midoa\Downloads\letsfly_full_source_both\Windows\client\network\api_client.py", line 38 in _request
  File "C:\Users\midoa\Downloads\letsfly_full_source_both\Windows\client\network\api_client.py", line 78 in me
  File "C:\Users\midoa\Downloads\letsfly_full_source_both\Windows\client\client_app.py", line 506 in worker
  File "C:\Users\midoa\AppData\Local\Python\pythoncore-3.14-64\Lib\threading.py", line 1024 in run
  File "C:\Users\midoa\AppData\Local\Python\pythoncore-3.14-64\Lib\threading.py", line 1082 in _bootstrap_inner
  File "C:\Users\midoa\AppData\Local\Python\pythoncore-3.14-64\Lib\threading.py", line 1044 in _bootstrap

Current thread 0x00002e80 (most recent call first):
  File "C:\Users\midoa\Downloads\letsfly_full_source_both\Windows\client\main.py", line 132 in main
  File "C:\Users\midoa\Downloads\letsfly_full_source_both\Windows\client\main.py", line 135 in <module>

Current thread's C stack trace (most recent call first):
  <cannot get C stack on this system>
Windows fatal exception: code 0x8001010d

Thread 0x00003b10 [Thread-1 (worker)] (most recent call first):
  File "C:\Users\midoa\AppData\Local\Python\pythoncore-3.14-64\Lib\socket.py", line 987 in getaddrinfo
  File "C:\Users\midoa\AppData\Local\Python\pythoncore-3.14-64\Lib\socket.py", line 850 in create_connection
  File "C:\Users\midoa\Downloads\letsfly_full_source_both\Windows\.venv\Lib\site-packages\httpcore\_backends\sync.py", line 208 in connect_tcp
  File "C:\Users\midoa\Downloads\letsfly_full_source_both\Windows\.venv\Lib\site-packages\httpcore\_sync\connection.py", line 124 in _connect
  File "C:\Users\midoa\Downloads\letsfly_full_source_both\Windows\.venv\Lib\site-packages\httpcore\_sync\connection.py", line 78 in handle_request
  File "C:\Users\midoa\Downloads\letsfly_full_source_both\Windows\.venv\Lib\site-packages\httpcore\_sync\connection_pool.py", line 236 in handle_request
  File "C:\Users\midoa\Downloads\letsfly_full_source_both\Windows\.venv\Lib\site-packages\httpx\_transports\default.py", line 250 in handle_request
  File "C:\Users\midoa\Downloads\letsfly_full_source_both\Windows\.venv\Lib\site-packages\httpx\_client.py", line 1014 in _send_single_request
  File "C:\Users\midoa\Downloads\letsfly_full_source_both\Windows\.venv\Lib\site-packages\httpx\_client.py", line 979 in _send_handling_redirects
  File "C:\Users\midoa\Downloads\letsfly_full_source_both\Windows\.venv\Lib\site-packages\httpx\_client.py", line 942 in _send_handling_auth
  File "C:\Users\midoa\Downloads\letsfly_full_source_both\Windows\.venv\Lib\site-packages\httpx\_client.py", line 914 in send
  File "C:\Users\midoa\Downloads\letsfly_full_source_both\Windows\.venv\Lib\site-packages\httpx\_client.py", line 825 in request
  File "C:\Users\midoa\Downloads\letsfly_full_source_both\Windows\client\network\api_client.py", line 38 in _request
  File "C:\Users\midoa\Downloads\letsfly_full_source_both\Windows\client\network\api_client.py", line 78 in me
  File "C:\Users\midoa\Downloads\letsfly_full_source_both\Windows\client\client_app.py", line 506 in worker
  File "C:\Users\midoa\AppData\Local\Python\pythoncore-3.14-64\Lib\threading.py", line 1024 in run
  File "C:\Users\midoa\AppData\Local\Python\pythoncore-3.14-64\Lib\threading.py", line 1082 in _bootstrap_inner
  File "C:\Users\midoa\AppData\Local\Python\pythoncore-3.14-64\Lib\threading.py", line 1044 in _bootstrap

Current thread 0x00001fbc (most recent call first):
  File "C:\Users\midoa\Downloads\letsfly_full_source_both\Windows\client\main.py", line 132 in main
  File "C:\Users\midoa\Downloads\letsfly_full_source_both\Windows\client\main.py", line 135 in <module>

Current thread's C stack trace (most recent call first):
  <cannot get C stack on this system>
Windows fatal exception: code 0x8001010d

Thread 0x00002b48 [Thread-1 (worker)] (most recent call first):
  File "C:\Users\midoa\AppData\Local\Python\pythoncore-3.14-64\Lib\socket.py", line 987 in getaddrinfo
  File "C:\Users\midoa\AppData\Local\Python\pythoncore-3.14-64\Lib\socket.py", line 850 in create_connection
  File "C:\Users\midoa\Downloads\letsfly_full_source_both\Windows\.venv\Lib\site-packages\httpcore\_backends\sync.py", line 208 in connect_tcp
  File "C:\Users\midoa\Downloads\letsfly_full_source_both\Windows\.venv\Lib\site-packages\httpcore\_sync\connection.py", line 124 in _connect
  File "C:\Users\midoa\Downloads\letsfly_full_source_both\Windows\.venv\Lib\site-packages\httpcore\_sync\connection.py", line 78 in handle_request
  File "C:\Users\midoa\Downloads\letsfly_full_source_both\Windows\.venv\Lib\site-packages\httpcore\_sync\connection_pool.py", line 236 in handle_request
  File "C:\Users\midoa\Downloads\letsfly_full_source_both\Windows\.venv\Lib\site-packages\httpx\_transports\default.py", line 250 in handle_request
  File "C:\Users\midoa\Downloads\letsfly_full_source_both\Windows\.venv\Lib\site-packages\httpx\_client.py", line 1014 in _send_single_request
  File "C:\Users\midoa\Downloads\letsfly_full_source_both\Windows\.venv\Lib\site-packages\httpx\_client.py", line 979 in _send_handling_redirects
  File "C:\Users\midoa\Downloads\letsfly_full_source_both\Windows\.venv\Lib\site-packages\httpx\_client.py", line 942 in _send_handling_auth
  File "C:\Users\midoa\Downloads\letsfly_full_source_both\Windows\.venv\Lib\site-packages\httpx\_client.py", line 914 in send
  File "C:\Users\midoa\Downloads\letsfly_full_source_both\Windows\.venv\Lib\site-packages\httpx\_client.py", line 825 in request
  File "C:\Users\midoa\Downloads\letsfly_full_source_both\Windows\client\network\api_client.py", line 38 in _request
  File "C:\Users\midoa\Downloads\letsfly_full_source_both\Windows\client\network\api_client.py", line 78 in me
  File "C:\Users\midoa\Downloads\letsfly_full_source_both\Windows\client\client_app.py", line 506 in worker
  File "C:\Users\midoa\AppData\Local\Python\pythoncore-3.14-64\Lib\threading.py", line 1024 in run
  File "C:\Users\midoa\AppData\Local\Python\pythoncore-3.14-64\Lib\threading.py", line 1082 in _bootstrap_inner
  File "C:\Users\midoa\AppData\Local\Python\pythoncore-3.14-64\Lib\threading.py", line 1044 in _bootstrap

Current thread 0x00002884 (most recent call first):
  File "C:\Users\midoa\Downloads\letsfly_full_source_both\Windows\client\main.py", line 132 in main
  File "C:\Users\midoa\Downloads\letsfly_full_source_both\Windows\client\main.py", line 135 in <module>

Current thread's C stack trace (most recent call first):
  <cannot get C stack on this system>
Windows fatal exception: code 0x8001010d

Thread 0x00001ce0 [Thread-1 (worker)] (most recent call first):
  File "C:\Users\midoa\AppData\Local\Python\pythoncore-3.14-64\Lib\socket.py", line 987 in getaddrinfo
  File "C:\Users\midoa\AppData\Local\Python\pythoncore-3.14-64\Lib\socket.py", line 850 in create_connection
  File "C:\Users\midoa\Downloads\letsfly_full_source_both\Windows\.venv\Lib\site-packages\httpcore\_backends\sync.py", line 208 in connect_tcp
  File "C:\Users\midoa\Downloads\letsfly_full_source_both\Windows\.venv\Lib\site-packages\httpcore\_sync\connection.py", line 124 in _connect
  File "C:\Users\midoa\Downloads\letsfly_full_source_both\Windows\.venv\Lib\site-packages\httpcore\_sync\connection.py", line 78 in handle_request
  File "C:\Users\midoa\Downloads\letsfly_full_source_both\Windows\.venv\Lib\site-packages\httpcore\_sync\connection_pool.py", line 236 in handle_request
  File "C:\Users\midoa\Downloads\letsfly_full_source_both\Windows\.venv\Lib\site-packages\httpx\_transports\default.py", line 250 in handle_request
  File "C:\Users\midoa\Downloads\letsfly_full_source_both\Windows\.venv\Lib\site-packages\httpx\_client.py", line 1014 in _send_single_request
  File "C:\Users\midoa\Downloads\letsfly_full_source_both\Windows\.venv\Lib\site-packages\httpx\_client.py", line 979 in _send_handling_redirects
  File "C:\Users\midoa\Downloads\letsfly_full_source_both\Windows\.venv\Lib\site-packages\httpx\_client.py", line 942 in _send_handling_auth
  File "C:\Users\midoa\Downloads\letsfly_full_source_both\Windows\.venv\Lib\site-packages\httpx\_client.py", line 914 in send
  File "C:\Users\midoa\Downloads\letsfly_full_source_both\Windows\.venv\Lib\site-packages\httpx\_client.py", line 825 in request
  File "C:\Users\midoa\Downloads\letsfly_full_source_both\Windows\client\network\api_client.py", line 38 in _request
  File "C:\Users\midoa\Downloads\letsfly_full_source_both\Windows\client\network\api_client.py", line 78 in me
  File "C:\Users\midoa\Downloads\letsfly_full_source_both\Windows\client\client_app.py", line 506 in worker
  File "C:\Users\midoa\AppData\Local\Python\pythoncore-3.14-64\Lib\threading.py", line 1024 in run
  File "C:\Users\midoa\AppData\Local\Python\pythoncore-3.14-64\Lib\threading.py", line 1082 in _bootstrap_inner
  File "C:\Users\midoa\AppData\Local\Python\pythoncore-3.14-64\Lib\threading.py", line 1044 in _bootstrap

Current thread 0x00003a10 (most recent call first):
  File "C:\Users\midoa\Downloads\letsfly_full_source_both\Windows\client\main.py", line 132 in main
  File "C:\Users\midoa\Downloads\letsfly_full_source_both\Windows\client\main.py", line 135 in <module>

Current thread's C stack trace (most recent call first):
  <cannot get C stack on this system>
Windows fatal exception: code 0x8001010d

Thread 0x000014fc [Thread-1 (worker)] (most recent call first):
  File "C:\Users\midoa\AppData\Local\Python\pythoncore-3.14-64\Lib\socket.py", line 987 in getaddrinfo
  File "C:\Users\midoa\AppData\Local\Python\pythoncore-3.14-64\Lib\socket.py", line 850 in create_connection
  File "C:\Users\midoa\Downloads\letsfly_full_source_both\Windows\.venv\Lib\site-packages\httpcore\_backends\sync.py", line 208 in connect_tcp
  File "C:\Users\midoa\Downloads\letsfly_full_source_both\Windows\.venv\Lib\site-packages\httpcore\_sync\connection.py", line 124 in _connect
  File "C:\Users\midoa\Downloads\letsfly_full_source_both\Windows\.venv\Lib\site-packages\httpcore\_sync\connection.py", line 78 in handle_request
  File "C:\Users\midoa\Downloads\letsfly_full_source_both\Windows\.venv\Lib\site-packages\httpcore\_sync\connection_pool.py", line 236 in handle_request
  File "C:\Users\midoa\Downloads\letsfly_full_source_both\Windows\.venv\Lib\site-packages\httpx\_transports\default.py", line 250 in handle_request
  File "C:\Users\midoa\Downloads\letsfly_full_source_both\Windows\.venv\Lib\site-packages\httpx\_client.py", line 1014 in _send_single_request
  File "C:\Users\midoa\Downloads\letsfly_full_source_both\Windows\.venv\Lib\site-packages\httpx\_client.py", line 979 in _send_handling_redirects
  File "C:\Users\midoa\Downloads\letsfly_full_source_both\Windows\.venv\Lib\site-packages\httpx\_client.py", line 942 in _send_handling_auth
  File "C:\Users\midoa\Downloads\letsfly_full_source_both\Windows\.venv\Lib\site-packages\httpx\_client.py", line 914 in send
  File "C:\Users\midoa\Downloads\letsfly_full_source_both\Windows\.venv\Lib\site-packages\httpx\_client.py", line 825 in request
  File "C:\Users\midoa\Downloads\letsfly_full_source_both\Windows\client\network\api_client.py", line 38 in _request
  File "C:\Users\midoa\Downloads\letsfly_full_source_both\Windows\client\network\api_client.py", line 78 in me
  File "C:\Users\midoa\Downloads\letsfly_full_source_both\Windows\client\client_app.py", line 510 in worker
  File "C:\Users\midoa\AppData\Local\Python\pythoncore-3.14-64\Lib\threading.py", line 1024 in run
  File "C:\Users\midoa\AppData\Local\Python\pythoncore-3.14-64\Lib\threading.py", line 1082 in _bootstrap_inner
  File "C:\Users\midoa\AppData\Local\Python\pythoncore-3.14-64\Lib\threading.py", line 1044 in _bootstrap

Current thread 0x00002d14 (most recent call first):
  File "C:\Users\midoa\Downloads\letsfly_full_source_both\Windows\client\main.py", line 132 in main
  File "C:\Users\midoa\Downloads\letsfly_full_source_both\Windows\client\main.py", line 135 in <module>

Current thread's C stack trace (most recent call first):
  <cannot get C stack on this system>
Windows fatal exception: code 0x8001010d

Thread 0x00003b04 [Thread-1 (worker)] (most recent call first):
  File "C:\Users\midoa\AppData\Local\Python\pythoncore-3.14-64\Lib\socket.py", line 987 in getaddrinfo
  File "C:\Users\midoa\AppData\Local\Python\pythoncore-3.14-64\Lib\socket.py", line 850 in create_connection
  File "C:\Users\midoa\Downloads\letsfly_full_source_both\Windows\.venv\Lib\site-packages\httpcore\_backends\sync.py", line 208 in connect_tcp
  File "C:\Users\midoa\Downloads\letsfly_full_source_both\Windows\.venv\Lib\site-packages\httpcore\_sync\connection.py", line 124 in _connect
  File "C:\Users\midoa\Downloads\letsfly_full_source_both\Windows\.venv\Lib\site-packages\httpcore\_sync\connection.py", line 78 in handle_request
  File "C:\Users\midoa\Downloads\letsfly_full_source_both\Windows\.venv\Lib\site-packages\httpcore\_sync\connection_pool.py", line 236 in handle_request
  File "C:\Users\midoa\Downloads\letsfly_full_source_both\Windows\.venv\Lib\site-packages\httpx\_transports\default.py", line 250 in handle_request
  File "C:\Users\midoa\Downloads\letsfly_full_source_both\Windows\.venv\Lib\site-packages\httpx\_client.py", line 1014 in _send_single_request
  File "C:\Users\midoa\Downloads\letsfly_full_source_both\Windows\.venv\Lib\site-packages\httpx\_client.py", line 979 in _send_handling_redirects
  File "C:\Users\midoa\Downloads\letsfly_full_source_both\Windows\.venv\Lib\site-packages\httpx\_client.py", line 942 in _send_handling_auth
  File "C:\Users\midoa\Downloads\letsfly_full_source_both\Windows\.venv\Lib\site-packages\httpx\_client.py", line 914 in send
  File "C:\Users\midoa\Downloads\letsfly_full_source_both\Windows\.venv\Lib\site-packages\httpx\_client.py", line 825 in request
  File "C:\Users\midoa\Downloads\letsfly_full_source_both\Windows\client\network\api_client.py", line 38 in _request
  File "C:\Users\midoa\Downloads\letsfly_full_source_both\Windows\client\network\api_client.py", line 78 in me
  File "C:\Users\midoa\Downloads\letsfly_full_source_both\Windows\client\client_app.py", line 510 in worker
  File "C:\Users\midoa\AppData\Local\Python\pythoncore-3.14-64\Lib\threading.py", line 1024 in run
  File "C:\Users\midoa\AppData\Local\Python\pythoncore-3.14-64\Lib\threading.py", line 1082 in _bootstrap_inner
  File "C:\Users\midoa\AppData\Local\Python\pythoncore-3.14-64\Lib\threading.py", line 1044 in _bootstrap

Current thread 0x00002a38 (most recent call first):
  File "C:\Users\midoa\Downloads\letsfly_full_source_both\Windows\client\main.py", line 132 in main
  File "C:\Users\midoa\Downloads\letsfly_full_source_both\Windows\client\main.py", line 135 in <module>

Current thread's C stack trace (most recent call first):
  <cannot get C stack on this system>
Windows fatal exception: code 0x8001010d

Thread 0x00002268 [Thread-1 (worker)] (most recent call first):
  File "C:\Users\midoa\AppData\Local\Python\pythoncore-3.14-64\Lib\socket.py", line 987 in getaddrinfo
  File "C:\Users\midoa\AppData\Local\Python\pythoncore-3.14-64\Lib\socket.py", line 850 in create_connection
  File "C:\Users\midoa\Downloads\letsfly_full_source_both\Windows\.venv\Lib\site-packages\httpcore\_backends\sync.py", line 208 in connect_tcp
  File "C:\Users\midoa\Downloads\letsfly_full_source_both\Windows\.venv\Lib\site-packages\httpcore\_sync\connection.py", line 124 in _connect
  File "C:\Users\midoa\Downloads\letsfly_full_source_both\Windows\.venv\Lib\site-packages\httpcore\_sync\connection.py", line 78 in handle_request
  File "C:\Users\midoa\Downloads\letsfly_full_source_both\Windows\.venv\Lib\site-packages\httpcore\_sync\connection_pool.py", line 236 in handle_request
  File "C:\Users\midoa\Downloads\letsfly_full_source_both\Windows\.venv\Lib\site-packages\httpx\_transports\default.py", line 250 in handle_request
  File "C:\Users\midoa\Downloads\letsfly_full_source_both\Windows\.venv\Lib\site-packages\httpx\_client.py", line 1014 in _send_single_request
  File "C:\Users\midoa\Downloads\letsfly_full_source_both\Windows\.venv\Lib\site-packages\httpx\_client.py", line 979 in _send_handling_redirects
  File "C:\Users\midoa\Downloads\letsfly_full_source_both\Windows\.venv\Lib\site-packages\httpx\_client.py", line 942 in _send_handling_auth
  File "C:\Users\midoa\Downloads\letsfly_full_source_both\Windows\.venv\Lib\site-packages\httpx\_client.py", line 914 in send
  File "C:\Users\midoa\Downloads\letsfly_full_source_both\Windows\.venv\Lib\site-packages\httpx\_client.py", line 825 in request
  File "C:\Users\midoa\Downloads\letsfly_full_source_both\Windows\client\network\api_client.py", line 38 in _request
  File "C:\Users\midoa\Downloads\letsfly_full_source_both\Windows\client\network\api_client.py", line 78 in me
  File "C:\Users\midoa\Downloads\letsfly_full_source_both\Windows\client\client_app.py", line 510 in worker
  File "C:\Users\midoa\AppData\Local\Python\pythoncore-3.14-64\Lib\threading.py", line 1024 in run
  File "C:\Users\midoa\AppData\Local\Python\pythoncore-3.14-64\Lib\threading.py", line 1082 in _bootstrap_inner
  File "C:\Users\midoa\AppData\Local\Python\pythoncore-3.14-64\Lib\threading.py", line 1044 in _bootstrap

Current thread 0x00001308 (most recent call first):
  File "C:\Users\midoa\Downloads\letsfly_full_source_both\Windows\client\main.py", line 132 in main
  File "C:\Users\midoa\Downloads\letsfly_full_source_both\Windows\client\main.py", line 135 in <module>

Current thread's C stack trace (most recent call first):
  <cannot get C stack on this system>
Windows fatal exception: code 0x8001010d

Thread 0x00003624 [Thread-1 (worker)] (most recent call first):
  File "C:\Users\midoa\AppData\Local\Python\pythoncore-3.14-64\Lib\socket.py", line 987 in getaddrinfo
  File "C:\Users\midoa\AppData\Local\Python\pythoncore-3.14-64\Lib\socket.py", line 850 in create_connection
  File "C:\Users\midoa\Downloads\letsfly_full_source_both\Windows\.venv\Lib\site-packages\httpcore\_backends\sync.py", line 208 in connect_tcp
  File "C:\Users\midoa\Downloads\letsfly_full_source_both\Windows\.venv\Lib\site-packages\httpcore\_sync\connection.py", line 124 in _connect
  File "C:\Users\midoa\Downloads\letsfly_full_source_both\Windows\.venv\Lib\site-packages\httpcore\_sync\connection.py", line 78 in handle_request
  File "C:\Users\midoa\Downloads\letsfly_full_source_both\Windows\.venv\Lib\site-packages\httpcore\_sync\connection_pool.py", line 236 in handle_request
  File "C:\Users\midoa\Downloads\letsfly_full_source_both\Windows\.venv\Lib\site-packages\httpx\_transports\default.py", line 250 in handle_request
  File "C:\Users\midoa\Downloads\letsfly_full_source_both\Windows\.venv\Lib\site-packages\httpx\_client.py", line 1014 in _send_single_request
  File "C:\Users\midoa\Downloads\letsfly_full_source_both\Windows\.venv\Lib\site-packages\httpx\_client.py", line 979 in _send_handling_redirects
  File "C:\Users\midoa\Downloads\letsfly_full_source_both\Windows\.venv\Lib\site-packages\httpx\_client.py", line 942 in _send_handling_auth
  File "C:\Users\midoa\Downloads\letsfly_full_source_both\Windows\.venv\Lib\site-packages\httpx\_client.py", line 914 in send
  File "C:\Users\midoa\Downloads\letsfly_full_source_both\Windows\.venv\Lib\site-packages\httpx\_client.py", line 825 in request
  File "C:\Users\midoa\Downloads\letsfly_full_source_both\Windows\client\network\api_client.py", line 38 in _request
  File "C:\Users\midoa\Downloads\letsfly_full_source_both\Windows\client\network\api_client.py", line 78 in me
  File "C:\Users\midoa\Downloads\letsfly_full_source_both\Windows\client\client_app.py", line 512 in worker
  File "C:\Users\midoa\AppData\Local\Python\pythoncore-3.14-64\Lib\threading.py", line 1024 in run
  File "C:\Users\midoa\AppData\Local\Python\pythoncore-3.14-64\Lib\threading.py", line 1082 in _bootstrap_inner
  File "C:\Users\midoa\AppData\Local\Python\pythoncore-3.14-64\Lib\threading.py", line 1044 in _bootstrap

Current thread 0x00002a3c (most recent call first):
  File "C:\Users\midoa\Downloads\letsfly_full_source_both\Windows\client\main.py", line 132 in main
  File "C:\Users\midoa\Downloads\letsfly_full_source_both\Windows\client\main.py", line 135 in <module>

Current thread's C stack trace (most recent call first):
  <cannot get C stack on this system>
Windows fatal exception: code 0x8001010d

Thread 0x000038e4 [Thread-1 (worker)] (most recent call first):
  File "C:\Users\midoa\AppData\Local\Python\pythoncore-3.14-64\Lib\socket.py", line 987 in getaddrinfo
  File "C:\Users\midoa\AppData\Local\Python\pythoncore-3.14-64\Lib\socket.py", line 850 in create_connection
  File "C:\Users\midoa\Downloads\letsfly_full_source_both\Windows\.venv\Lib\site-packages\httpcore\_backends\sync.py", line 208 in connect_tcp
  File "C:\Users\midoa\Downloads\letsfly_full_source_both\Windows\.venv\Lib\site-packages\httpcore\_sync\connection.py", line 124 in _connect
  File "C:\Users\midoa\Downloads\letsfly_full_source_both\Windows\.venv\Lib\site-packages\httpcore\_sync\connection.py", line 78 in handle_request
  File "C:\Users\midoa\Downloads\letsfly_full_source_both\Windows\.venv\Lib\site-packages\httpcore\_sync\connection_pool.py", line 236 in handle_request
  File "C:\Users\midoa\Downloads\letsfly_full_source_both\Windows\.venv\Lib\site-packages\httpx\_transports\default.py", line 250 in handle_request
  File "C:\Users\midoa\Downloads\letsfly_full_source_both\Windows\.venv\Lib\site-packages\httpx\_client.py", line 1014 in _send_single_request
  File "C:\Users\midoa\Downloads\letsfly_full_source_both\Windows\.venv\Lib\site-packages\httpx\_client.py", line 979 in _send_handling_redirects
  File "C:\Users\midoa\Downloads\letsfly_full_source_both\Windows\.venv\Lib\site-packages\httpx\_client.py", line 942 in _send_handling_auth
  File "C:\Users\midoa\Downloads\letsfly_full_source_both\Windows\.venv\Lib\site-packages\httpx\_client.py", line 914 in send
  File "C:\Users\midoa\Downloads\letsfly_full_source_both\Windows\.venv\Lib\site-packages\httpx\_client.py", line 825 in request
  File "C:\Users\midoa\Downloads\letsfly_full_source_both\Windows\client\network\api_client.py", line 38 in _request
  File "C:\Users\midoa\Downloads\letsfly_full_source_both\Windows\client\network\api_client.py", line 78 in me
  File "C:\Users\midoa\Downloads\letsfly_full_source_both\Windows\client\client_app.py", line 515 in worker
  File "C:\Users\midoa\AppData\Local\Python\pythoncore-3.14-64\Lib\threading.py", line 1024 in run
  File "C:\Users\midoa\AppData\Local\Python\pythoncore-3.14-64\Lib\threading.py", line 1082 in _bootstrap_inner
  File "C:\Users\midoa\AppData\Local\Python\pythoncore-3.14-64\Lib\threading.py", line 1044 in _bootstrap

Current thread 0x00002ff8 (most recent call first):
  File "C:\Users\midoa\Downloads\letsfly_full_source_both\Windows\client\main.py", line 132 in main
  File "C:\Users\midoa\Downloads\letsfly_full_source_both\Windows\client\main.py", line 135 in <module>

Current thread's C stack trace (most recent call first):
  <cannot get C stack on this system>
Windows fatal exception: code 0x8001010d

Thread 0x000023dc [Thread-1 (worker)] (most recent call first):
  File "C:\Users\midoa\AppData\Local\Python\pythoncore-3.14-64\Lib\socket.py", line 987 in getaddrinfo
  File "C:\Users\midoa\AppData\Local\Python\pythoncore-3.14-64\Lib\socket.py", line 850 in create_connection
  File "C:\Users\midoa\Downloads\letsfly_full_source_both\Windows\.venv\Lib\site-packages\httpcore\_backends\sync.py", line 208 in connect_tcp
  File "C:\Users\midoa\Downloads\letsfly_full_source_both\Windows\.venv\Lib\site-packages\httpcore\_sync\connection.py", line 124 in _connect
  File "C:\Users\midoa\Downloads\letsfly_full_source_both\Windows\.venv\Lib\site-packages\httpcore\_sync\connection.py", line 78 in handle_request
  File "C:\Users\midoa\Downloads\letsfly_full_source_both\Windows\.venv\Lib\site-packages\httpcore\_sync\connection_pool.py", line 236 in handle_request
  File "C:\Users\midoa\Downloads\letsfly_full_source_both\Windows\.venv\Lib\site-packages\httpx\_transports\default.py", line 250 in handle_request
  File "C:\Users\midoa\Downloads\letsfly_full_source_both\Windows\.venv\Lib\site-packages\httpx\_client.py", line 1014 in _send_single_request
  File "C:\Users\midoa\Downloads\letsfly_full_source_both\Windows\.venv\Lib\site-packages\httpx\_client.py", line 979 in _send_handling_redirects
  File "C:\Users\midoa\Downloads\letsfly_full_source_both\Windows\.venv\Lib\site-packages\httpx\_client.py", line 942 in _send_handling_auth
  File "C:\Users\midoa\Downloads\letsfly_full_source_both\Windows\.venv\Lib\site-packages\httpx\_client.py", line 914 in send
  File "C:\Users\midoa\Downloads\letsfly_full_source_both\Windows\.venv\Lib\site-packages\httpx\_client.py", line 825 in request
  File "C:\Users\midoa\Downloads\letsfly_full_source_both\Windows\client\network\api_client.py", line 38 in _request
  File "C:\Users\midoa\Downloads\letsfly_full_source_both\Windows\client\network\api_client.py", line 78 in me
  File "C:\Users\midoa\Downloads\letsfly_full_source_both\Windows\client\client_app.py", line 515 in worker
  File "C:\Users\midoa\AppData\Local\Python\pythoncore-3.14-64\Lib\threading.py", line 1024 in run
  File "C:\Users\midoa\AppData\Local\Python\pythoncore-3.14-64\Lib\threading.py", line 1082 in _bootstrap_inner
  File "C:\Users\midoa\AppData\Local\Python\pythoncore-3.14-64\Lib\threading.py", line 1044 in _bootstrap

Current thread 0x00002904 (most recent call first):
  File "C:\Users\midoa\Downloads\letsfly_full_source_both\Windows\client\main.py", line 132 in main
  File "C:\Users\midoa\Downloads\letsfly_full_source_both\Windows\client\main.py", line 135 in <module>

Current thread's C stack trace (most recent call first):
  <cannot get C stack on this system>
Windows fatal exception: code 0x8001010d

Thread 0x00003a54 [Thread-1 (worker)] (most recent call first):
  File "C:\Users\midoa\AppData\Local\Python\pythoncore-3.14-64\Lib\socket.py", line 987 in getaddrinfo
  File "C:\Users\midoa\AppData\Local\Python\pythoncore-3.14-64\Lib\socket.py", line 850 in create_connection
  File "C:\Users\midoa\Downloads\letsfly_full_source_both\Windows\.venv\Lib\site-packages\httpcore\_backends\sync.py", line 208 in connect_tcp
  File "C:\Users\midoa\Downloads\letsfly_full_source_both\Windows\.venv\Lib\site-packages\httpcore\_sync\connection.py", line 124 in _connect
  File "C:\Users\midoa\Downloads\letsfly_full_source_both\Windows\.venv\Lib\site-packages\httpcore\_sync\connection.py", line 78 in handle_request
  File "C:\Users\midoa\Downloads\letsfly_full_source_both\Windows\.venv\Lib\site-packages\httpcore\_sync\connection_pool.py", line 236 in handle_request
  File "C:\Users\midoa\Downloads\letsfly_full_source_both\Windows\.venv\Lib\site-packages\httpx\_transports\default.py", line 250 in handle_request
  File "C:\Users\midoa\Downloads\letsfly_full_source_both\Windows\.venv\Lib\site-packages\httpx\_client.py", line 1014 in _send_single_request
  File "C:\Users\midoa\Downloads\letsfly_full_source_both\Windows\.venv\Lib\site-packages\httpx\_client.py", line 979 in _send_handling_redirects
  File "C:\Users\midoa\Downloads\letsfly_full_source_both\Windows\.venv\Lib\site-packages\httpx\_client.py", line 942 in _send_handling_auth
  File "C:\Users\midoa\Downloads\letsfly_full_source_both\Windows\.venv\Lib\site-packages\httpx\_client.py", line 914 in send
  File "C:\Users\midoa\Downloads\letsfly_full_source_both\Windows\.venv\Lib\site-packages\httpx\_client.py", line 825 in request
  File "C:\Users\midoa\Downloads\letsfly_full_source_both\Windows\client\network\api_client.py", line 38 in _request
  File "C:\Users\midoa\Downloads\letsfly_full_source_both\Windows\client\network\api_client.py", line 78 in me
  File "C:\Users\midoa\Downloads\letsfly_full_source_both\Windows\client\client_app.py", line 516 in worker
  File "C:\Users\midoa\AppData\Local\Python\pythoncore-3.14-64\Lib\threading.py", line 1024 in run
  File "C:\Users\midoa\AppData\Local\Python\pythoncore-3.14-64\Lib\threading.py", line 1082 in _bootstrap_inner
  File "C:\Users\midoa\AppData\Local\Python\pythoncore-3.14-64\Lib\threading.py", line 1044 in _bootstrap

Current thread 0x00000ecc (most recent call first):
  File "C:\Users\midoa\Downloads\letsfly_full_source_both\Windows\client\main.py", line 132 in main
  File "C:\Users\midoa\Downloads\letsfly_full_source_both\Windows\client\main.py", line 135 in <module>

Current thread's C stack trace (most recent call first):
  <cannot get C stack on this system>
Windows fatal exception: code 0x8001010d

Thread 0x00003640 [Thread-1 (worker)] (most recent call first):
  File "C:\Users\midoa\AppData\Local\Python\pythoncore-3.14-64\Lib\socket.py", line 859 in create_connection
  File "C:\Users\midoa\Downloads\letsfly_full_source_both\Windows\.venv\Lib\site-packages\httpcore\_backends\sync.py", line 208 in connect_tcp
  File "C:\Users\midoa\Downloads\letsfly_full_source_both\Windows\.venv\Lib\site-packages\httpcore\_sync\connection.py", line 124 in _connect
  File "C:\Users\midoa\Downloads\letsfly_full_source_both\Windows\.venv\Lib\site-packages\httpcore\_sync\connection.py", line 78 in handle_request
  File "C:\Users\midoa\Downloads\letsfly_full_source_both\Windows\.venv\Lib\site-packages\httpcore\_sync\connection_pool.py", line 236 in handle_request
  File "C:\Users\midoa\Downloads\letsfly_full_source_both\Windows\.venv\Lib\site-packages\httpx\_transports\default.py", line 250 in handle_request
  File "C:\Users\midoa\Downloads\letsfly_full_source_both\Windows\.venv\Lib\site-packages\httpx\_client.py", line 1014 in _send_single_request
  File "C:\Users\midoa\Downloads\letsfly_full_source_both\Windows\.venv\Lib\site-packages\httpx\_client.py", line 979 in _send_handling_redirects
  File "C:\Users\midoa\Downloads\letsfly_full_source_both\Windows\.venv\Lib\site-packages\httpx\_client.py", line 942 in _send_handling_auth
  File "C:\Users\midoa\Downloads\letsfly_full_source_both\Windows\.venv\Lib\site-packages\httpx\_client.py", line 914 in send
  File "C:\Users\midoa\Downloads\letsfly_full_source_both\Windows\.venv\Lib\site-packages\httpx\_client.py", line 825 in request
  File "C:\Users\midoa\Downloads\letsfly_full_source_both\Windows\client\network\api_client.py", line 38 in _request
  File "C:\Users\midoa\Downloads\letsfly_full_source_both\Windows\client\network\api_client.py", line 78 in me
  File "C:\Users\midoa\Downloads\letsfly_full_source_both\Windows\client\client_app.py", line 516 in worker
  File "C:\Users\midoa\AppData\Local\Python\pythoncore-3.14-64\Lib\threading.py", line 1024 in run
  File "C:\Users\midoa\AppData\Local\Python\pythoncore-3.14-64\Lib\threading.py", line 1082 in _bootstrap_inner
  File "C:\Users\midoa\AppData\Local\Python\pythoncore-3.14-64\Lib\threading.py", line 1044 in _bootstrap

Current thread 0x00001b50 (most recent call first):
  File "C:\Users\midoa\Downloads\letsfly_full_source_both\Windows\client\main.py", line 132 in main
  File "C:\Users\midoa\Downloads\letsfly_full_source_both\Windows\client\main.py", line 135 in <module>

Current thread's C stack trace (most recent call first):
  <cannot get C stack on this system>
Windows fatal exception: code 0x8001010d

Thread 0x00002e84 [Thread-1 (worker)] (most recent call first):
  File "C:\Users\midoa\AppData\Local\Python\pythoncore-3.14-64\Lib\socket.py", line 987 in getaddrinfo
  File "C:\Users\midoa\AppData\Local\Python\pythoncore-3.14-64\Lib\socket.py", line 850 in create_connection
  File "C:\Users\midoa\Downloads\letsfly_full_source_both\Windows\.venv\Lib\site-packages\httpcore\_backends\sync.py", line 208 in connect_tcp
  File "C:\Users\midoa\Downloads\letsfly_full_source_both\Windows\.venv\Lib\site-packages\httpcore\_sync\connection.py", line 124 in _connect
  File "C:\Users\midoa\Downloads\letsfly_full_source_both\Windows\.venv\Lib\site-packages\httpcore\_sync\connection.py", line 78 in handle_request
  File "C:\Users\midoa\Downloads\letsfly_full_source_both\Windows\.venv\Lib\site-packages\httpcore\_sync\connection_pool.py", line 236 in handle_request
  File "C:\Users\midoa\Downloads\letsfly_full_source_both\Windows\.venv\Lib\site-packages\httpx\_transports\default.py", line 250 in handle_request
  File "C:\Users\midoa\Downloads\letsfly_full_source_both\Windows\.venv\Lib\site-packages\httpx\_client.py", line 1014 in _send_single_request
  File "C:\Users\midoa\Downloads\letsfly_full_source_both\Windows\.venv\Lib\site-packages\httpx\_client.py", line 979 in _send_handling_redirects
  File "C:\Users\midoa\Downloads\letsfly_full_source_both\Windows\.venv\Lib\site-packages\httpx\_client.py", line 942 in _send_handling_auth
  File "C:\Users\midoa\Downloads\letsfly_full_source_both\Windows\.venv\Lib\site-packages\httpx\_client.py", line 914 in send
  File "C:\Users\midoa\Downloads\letsfly_full_source_both\Windows\.venv\Lib\site-packages\httpx\_client.py", line 825 in request
  File "C:\Users\midoa\Downloads\letsfly_full_source_both\Windows\client\network\api_client.py", line 38 in _request
  File "C:\Users\midoa\Downloads\letsfly_full_source_both\Windows\client\network\api_client.py", line 78 in me
  File "C:\Users\midoa\Downloads\letsfly_full_source_both\Windows\client\client_app.py", line 516 in worker
  File "C:\Users\midoa\AppData\Local\Python\pythoncore-3.14-64\Lib\threading.py", line 1024 in run
  File "C:\Users\midoa\AppData\Local\Python\pythoncore-3.14-64\Lib\threading.py", line 1082 in _bootstrap_inner
  File "C:\Users\midoa\AppData\Local\Python\pythoncore-3.14-64\Lib\threading.py", line 1044 in _bootstrap

Current thread 0x00001910 (most recent call first):
  File "C:\Users\midoa\Downloads\letsfly_full_source_both\Windows\client\main.py", line 132 in main
  File "C:\Users\midoa\Downloads\letsfly_full_source_both\Windows\client\main.py", line 135 in <module>

Current thread's C stack trace (most recent call first):
  <cannot get C stack on this system>
Windows fatal exception: code 0x8001010d

Thread 0x000037dc [Thread-1 (worker)] (most recent call first):
  File "C:\Users\midoa\AppData\Local\Python\pythoncore-3.14-64\Lib\socket.py", line 859 in create_connection
  File "C:\Users\midoa\Downloads\letsfly_full_source_both\Windows\.venv\Lib\site-packages\httpcore\_backends\sync.py", line 208 in connect_tcp
  File "C:\Users\midoa\Downloads\letsfly_full_source_both\Windows\.venv\Lib\site-packages\httpcore\_sync\connection.py", line 124 in _connect
  File "C:\Users\midoa\Downloads\letsfly_full_source_both\Windows\.venv\Lib\site-packages\httpcore\_sync\connection.py", line 78 in handle_request
  File "C:\Users\midoa\Downloads\letsfly_full_source_both\Windows\.venv\Lib\site-packages\httpcore\_sync\connection_pool.py", line 236 in handle_request
  File "C:\Users\midoa\Downloads\letsfly_full_source_both\Windows\.venv\Lib\site-packages\httpx\_transports\default.py", line 250 in handle_request
  File "C:\Users\midoa\Downloads\letsfly_full_source_both\Windows\.venv\Lib\site-packages\httpx\_client.py", line 1014 in _send_single_request
  File "C:\Users\midoa\Downloads\letsfly_full_source_both\Windows\.venv\Lib\site-packages\httpx\_client.py", line 979 in _send_handling_redirects
  File "C:\Users\midoa\Downloads\letsfly_full_source_both\Windows\.venv\Lib\site-packages\httpx\_client.py", line 942 in _send_handling_auth
  File "C:\Users\midoa\Downloads\letsfly_full_source_both\Windows\.venv\Lib\site-packages\httpx\_client.py", line 914 in send
  File "C:\Users\midoa\Downloads\letsfly_full_source_both\Windows\.venv\Lib\site-packages\httpx\_client.py", line 825 in request
  File "C:\Users\midoa\Downloads\letsfly_full_source_both\Windows\client\network\api_client.py", line 38 in _request
  File "C:\Users\midoa\Downloads\letsfly_full_source_both\Windows\client\network\api_client.py", line 78 in me
  File "C:\Users\midoa\Downloads\letsfly_full_source_both\Windows\client\client_app.py", line 516 in worker
  File "C:\Users\midoa\AppData\Local\Python\pythoncore-3.14-64\Lib\threading.py", line 1024 in run
  File "C:\Users\midoa\AppData\Local\Python\pythoncore-3.14-64\Lib\threading.py", line 1082 in _bootstrap_inner
  File "C:\Users\midoa\AppData\Local\Python\pythoncore-3.14-64\Lib\threading.py", line 1044 in _bootstrap

Current thread 0x00000a74 (most recent call first):
  File "C:\Users\midoa\Downloads\letsfly_full_source_both\Windows\client\main.py", line 132 in main
  File "C:\Users\midoa\Downloads\letsfly_full_source_both\Windows\client\main.py", line 135 in <module>

Current thread's C stack trace (most recent call first):
  <cannot get C stack on this system>
Windows fatal exception: code 0x8001010d

Thread 0x00003994 [Thread-1 (worker)] (most recent call first):
  File "C:\Users\midoa\AppData\Local\Python\pythoncore-3.14-64\Lib\socket.py", line 987 in getaddrinfo
  File "C:\Users\midoa\AppData\Local\Python\pythoncore-3.14-64\Lib\socket.py", line 850 in create_connection
  File "C:\Users\midoa\Downloads\letsfly_full_source_both\Windows\.venv\Lib\site-packages\httpcore\_backends\sync.py", line 208 in connect_tcp
  File "C:\Users\midoa\Downloads\letsfly_full_source_both\Windows\.venv\Lib\site-packages\httpcore\_sync\connection.py", line 124 in _connect
  File "C:\Users\midoa\Downloads\letsfly_full_source_both\Windows\.venv\Lib\site-packages\httpcore\_sync\connection.py", line 78 in handle_request
  File "C:\Users\midoa\Downloads\letsfly_full_source_both\Windows\.venv\Lib\site-packages\httpcore\_sync\connection_pool.py", line 236 in handle_request
  File "C:\Users\midoa\Downloads\letsfly_full_source_both\Windows\.venv\Lib\site-packages\httpx\_transports\default.py", line 250 in handle_request
  File "C:\Users\midoa\Downloads\letsfly_full_source_both\Windows\.venv\Lib\site-packages\httpx\_client.py", line 1014 in _send_single_request
  File "C:\Users\midoa\Downloads\letsfly_full_source_both\Windows\.venv\Lib\site-packages\httpx\_client.py", line 979 in _send_handling_redirects
  File "C:\Users\midoa\Downloads\letsfly_full_source_both\Windows\.venv\Lib\site-packages\httpx\_client.py", line 942 in _send_handling_auth
  File "C:\Users\midoa\Downloads\letsfly_full_source_both\Windows\.venv\Lib\site-packages\httpx\_client.py", line 914 in send
  File "C:\Users\midoa\Downloads\letsfly_full_source_both\Windows\.venv\Lib\site-packages\httpx\_client.py", line 825 in request
  File "C:\Users\midoa\Downloads\letsfly_full_source_both\Windows\client\network\api_client.py", line 38 in _request
  File "C:\Users\midoa\Downloads\letsfly_full_source_both\Windows\client\network\api_client.py", line 78 in me
  File "C:\Users\midoa\Downloads\letsfly_full_source_both\Windows\client\client_app.py", line 516 in worker
  File "C:\Users\midoa\AppData\Local\Python\pythoncore-3.14-64\Lib\threading.py", line 1024 in run
  File "C:\Users\midoa\AppData\Local\Python\pythoncore-3.14-64\Lib\threading.py", line 1082 in _bootstrap_inner
  File "C:\Users\midoa\AppData\Local\Python\pythoncore-3.14-64\Lib\threading.py", line 1044 in _bootstrap

Current thread 0x000030a8 (most recent call first):
  File "C:\Users\midoa\Downloads\letsfly_full_source_both\Windows\client\main.py", line 132 in main
  File "C:\Users\midoa\Downloads\letsfly_full_source_both\Windows\client\main.py", line 135 in <module>

Current thread's C stack trace (most recent call first):
  <cannot get C stack on this system>
Windows fatal exception: code 0x8001010d

Thread 0x000016c8 [Thread-1 (worker)] (most recent call first):
  File "C:\Users\midoa\AppData\Local\Python\pythoncore-3.14-64\Lib\socket.py", line 987 in getaddrinfo
  File "C:\Users\midoa\AppData\Local\Python\pythoncore-3.14-64\Lib\socket.py", line 850 in create_connection
  File "C:\Users\midoa\Downloads\letsfly_full_source_both\Windows\.venv\Lib\site-packages\httpcore\_backends\sync.py", line 208 in connect_tcp
  File "C:\Users\midoa\Downloads\letsfly_full_source_both\Windows\.venv\Lib\site-packages\httpcore\_sync\connection.py", line 124 in _connect
  File "C:\Users\midoa\Downloads\letsfly_full_source_both\Windows\.venv\Lib\site-packages\httpcore\_sync\connection.py", line 78 in handle_request
  File "C:\Users\midoa\Downloads\letsfly_full_source_both\Windows\.venv\Lib\site-packages\httpcore\_sync\connection_pool.py", line 236 in handle_request
  File "C:\Users\midoa\Downloads\letsfly_full_source_both\Windows\.venv\Lib\site-packages\httpx\_transports\default.py", line 250 in handle_request
  File "C:\Users\midoa\Downloads\letsfly_full_source_both\Windows\.venv\Lib\site-packages\httpx\_client.py", line 1014 in _send_single_request
  File "C:\Users\midoa\Downloads\letsfly_full_source_both\Windows\.venv\Lib\site-packages\httpx\_client.py", line 979 in _send_handling_redirects
  File "C:\Users\midoa\Downloads\letsfly_full_source_both\Windows\.venv\Lib\site-packages\httpx\_client.py", line 942 in _send_handling_auth
  File "C:\Users\midoa\Downloads\letsfly_full_source_both\Windows\.venv\Lib\site-packages\httpx\_client.py", line 914 in send
  File "C:\Users\midoa\Downloads\letsfly_full_source_both\Windows\.venv\Lib\site-packages\httpx\_client.py", line 825 in request
  File "C:\Users\midoa\Downloads\letsfly_full_source_both\Windows\client\network\api_client.py", line 38 in _request
  File "C:\Users\midoa\Downloads\letsfly_full_source_both\Windows\client\network\api_client.py", line 78 in me
  File "C:\Users\midoa\Downloads\letsfly_full_source_both\Windows\client\client_app.py", line 516 in worker
  File "C:\Users\midoa\AppData\Local\Python\pythoncore-3.14-64\Lib\threading.py", line 1024 in run
  File "C:\Users\midoa\AppData\Local\Python\pythoncore-3.14-64\Lib\threading.py", line 1082 in _bootstrap_inner
  File "C:\Users\midoa\AppData\Local\Python\pythoncore-3.14-64\Lib\threading.py", line 1044 in _bootstrap

Current thread 0x00001624 (most recent call first):
  File "C:\Users\midoa\Downloads\letsfly_full_source_both\Windows\client\main.py", line 132 in main
  File "C:\Users\midoa\Downloads\letsfly_full_source_both\Windows\client\main.py", line 135 in <module>

Current thread's C stack trace (most recent call first):
  <cannot get C stack on this system>
Windows fatal exception: code 0x8001010d

Thread 0x00002fd4 [Thread-1 (worker)] (most recent call first):
  File "C:\Users\midoa\AppData\Local\Python\pythoncore-3.14-64\Lib\socket.py", line 859 in create_connection
  File "C:\Users\midoa\Downloads\letsfly_full_source_both\Windows\.venv\Lib\site-packages\httpcore\_backends\sync.py", line 208 in connect_tcp
  File "C:\Users\midoa\Downloads\letsfly_full_source_both\Windows\.venv\Lib\site-packages\httpcore\_sync\connection.py", line 124 in _connect
  File "C:\Users\midoa\Downloads\letsfly_full_source_both\Windows\.venv\Lib\site-packages\httpcore\_sync\connection.py", line 78 in handle_request
  File "C:\Users\midoa\Downloads\letsfly_full_source_both\Windows\.venv\Lib\site-packages\httpcore\_sync\connection_pool.py", line 236 in handle_request
  File "C:\Users\midoa\Downloads\letsfly_full_source_both\Windows\.venv\Lib\site-packages\httpx\_transports\default.py", line 250 in handle_request
  File "C:\Users\midoa\Downloads\letsfly_full_source_both\Windows\.venv\Lib\site-packages\httpx\_client.py", line 1014 in _send_single_request
  File "C:\Users\midoa\Downloads\letsfly_full_source_both\Windows\.venv\Lib\site-packages\httpx\_client.py", line 979 in _send_handling_redirects
  File "C:\Users\midoa\Downloads\letsfly_full_source_both\Windows\.venv\Lib\site-packages\httpx\_client.py", line 942 in _send_handling_auth
  File "C:\Users\midoa\Downloads\letsfly_full_source_both\Windows\.venv\Lib\site-packages\httpx\_client.py", line 914 in send
  File "C:\Users\midoa\Downloads\letsfly_full_source_both\Windows\.venv\Lib\site-packages\httpx\_client.py", line 825 in request
  File "C:\Users\midoa\Downloads\letsfly_full_source_both\Windows\client\network\api_client.py", line 38 in _request
  File "C:\Users\midoa\Downloads\letsfly_full_source_both\Windows\client\network\api_client.py", line 78 in me
  File "C:\Users\midoa\Downloads\letsfly_full_source_both\Windows\client\client_app.py", line 516 in worker
  File "C:\Users\midoa\AppData\Local\Python\pythoncore-3.14-64\Lib\threading.py", line 1024 in run
  File "C:\Users\midoa\AppData\Local\Python\pythoncore-3.14-64\Lib\threading.py", line 1082 in _bootstrap_inner
  File "C:\Users\midoa\AppData\Local\Python\pythoncore-3.14-64\Lib\threading.py", line 1044 in _bootstrap

Current thread 0x000011c4 (most recent call first):
  File "C:\Users\midoa\Downloads\letsfly_full_source_both\Windows\client\main.py", line 132 in main
  File "C:\Users\midoa\Downloads\letsfly_full_source_both\Windows\client\main.py", line 135 in <module>

Current thread's C stack trace (most recent call first):
  <cannot get C stack on this system>
Windows fatal exception: code 0x8001010d

Thread 0x00000234 [Thread-1 (worker)] (most recent call first):
  File "C:\Users\midoa\AppData\Local\Python\pythoncore-3.14-64\Lib\socket.py", line 987 in getaddrinfo
  File "C:\Users\midoa\AppData\Local\Python\pythoncore-3.14-64\Lib\socket.py", line 850 in create_connection
  File "C:\Users\midoa\Downloads\letsfly_full_source_both\Windows\.venv\Lib\site-packages\httpcore\_backends\sync.py", line 208 in connect_tcp
  File "C:\Users\midoa\Downloads\letsfly_full_source_both\Windows\.venv\Lib\site-packages\httpcore\_sync\connection.py", line 124 in _connect
  File "C:\Users\midoa\Downloads\letsfly_full_source_both\Windows\.venv\Lib\site-packages\httpcore\_sync\connection.py", line 78 in handle_request
  File "C:\Users\midoa\Downloads\letsfly_full_source_both\Windows\.venv\Lib\site-packages\httpcore\_sync\connection_pool.py", line 236 in handle_request
  File "C:\Users\midoa\Downloads\letsfly_full_source_both\Windows\.venv\Lib\site-packages\httpx\_transports\default.py", line 250 in handle_request
  File "C:\Users\midoa\Downloads\letsfly_full_source_both\Windows\.venv\Lib\site-packages\httpx\_client.py", line 1014 in _send_single_request
  File "C:\Users\midoa\Downloads\letsfly_full_source_both\Windows\.venv\Lib\site-packages\httpx\_client.py", line 979 in _send_handling_redirects
  File "C:\Users\midoa\Downloads\letsfly_full_source_both\Windows\.venv\Lib\site-packages\httpx\_client.py", line 942 in _send_handling_auth
  File "C:\Users\midoa\Downloads\letsfly_full_source_both\Windows\.venv\Lib\site-packages\httpx\_client.py", line 914 in send
  File "C:\Users\midoa\Downloads\letsfly_full_source_both\Windows\.venv\Lib\site-packages\httpx\_client.py", line 825 in request
  File "C:\Users\midoa\Downloads\letsfly_full_source_both\Windows\client\network\api_client.py", line 38 in _request
  File "C:\Users\midoa\Downloads\letsfly_full_source_both\Windows\client\network\api_client.py", line 78 in me
  File "C:\Users\midoa\Downloads\letsfly_full_source_both\Windows\client\client_app.py", line 516 in worker
  File "C:\Users\midoa\AppData\Local\Python\pythoncore-3.14-64\Lib\threading.py", line 1024 in run
  File "C:\Users\midoa\AppData\Local\Python\pythoncore-3.14-64\Lib\threading.py", line 1082 in _bootstrap_inner
  File "C:\Users\midoa\AppData\Local\Python\pythoncore-3.14-64\Lib\threading.py", line 1044 in _bootstrap

Current thread 0x00002090 (most recent call first):
  File "C:\Users\midoa\Downloads\letsfly_full_source_both\Windows\client\main.py", line 132 in main
  File "C:\Users\midoa\Downloads\letsfly_full_source_both\Windows\client\main.py", line 135 in <module>

Current thread's C stack trace (most recent call first):
  <cannot get C stack on this system>
Windows fatal exception: code 0x8001010d

Thread 0x000032c4 [Thread-1 (worker)] (most recent call first):
  File "C:\Users\midoa\AppData\Local\Python\pythoncore-3.14-64\Lib\socket.py", line 987 in getaddrinfo
  File "C:\Users\midoa\AppData\Local\Python\pythoncore-3.14-64\Lib\socket.py", line 850 in create_connection
  File "C:\Users\midoa\Downloads\letsfly_full_source_both\Windows\.venv\Lib\site-packages\httpcore\_backends\sync.py", line 208 in connect_tcp
  File "C:\Users\midoa\Downloads\letsfly_full_source_both\Windows\.venv\Lib\site-packages\httpcore\_sync\connection.py", line 124 in _connect
  File "C:\Users\midoa\Downloads\letsfly_full_source_both\Windows\.venv\Lib\site-packages\httpcore\_sync\connection.py", line 78 in handle_request
  File "C:\Users\midoa\Downloads\letsfly_full_source_both\Windows\.venv\Lib\site-packages\httpcore\_sync\connection_pool.py", line 236 in handle_request
  File "C:\Users\midoa\Downloads\letsfly_full_source_both\Windows\.venv\Lib\site-packages\httpx\_transports\default.py", line 250 in handle_request
  File "C:\Users\midoa\Downloads\letsfly_full_source_both\Windows\.venv\Lib\site-packages\httpx\_client.py", line 1014 in _send_single_request
  File "C:\Users\midoa\Downloads\letsfly_full_source_both\Windows\.venv\Lib\site-packages\httpx\_client.py", line 979 in _send_handling_redirects
  File "C:\Users\midoa\Downloads\letsfly_full_source_both\Windows\.venv\Lib\site-packages\httpx\_client.py", line 942 in _send_handling_auth
  File "C:\Users\midoa\Downloads\letsfly_full_source_both\Windows\.venv\Lib\site-packages\httpx\_client.py", line 914 in send
  File "C:\Users\midoa\Downloads\letsfly_full_source_both\Windows\.venv\Lib\site-packages\httpx\_client.py", line 825 in request
  File "C:\Users\midoa\Downloads\letsfly_full_source_both\Windows\client\network\api_client.py", line 38 in _request
  File "C:\Users\midoa\Downloads\letsfly_full_source_both\Windows\client\network\api_client.py", line 78 in me
  File "C:\Users\midoa\Downloads\letsfly_full_source_both\Windows\client\client_app.py", line 516 in worker
  File "C:\Users\midoa\AppData\Local\Python\pythoncore-3.14-64\Lib\threading.py", line 1024 in run
  File "C:\Users\midoa\AppData\Local\Python\pythoncore-3.14-64\Lib\threading.py", line 1082 in _bootstrap_inner
  File "C:\Users\midoa\AppData\Local\Python\pythoncore-3.14-64\Lib\threading.py", line 1044 in _bootstrap

Current thread 0x000007a8 (most recent call first):
  File "C:\Users\midoa\Downloads\letsfly_full_source_both\Windows\client\main.py", line 132 in main
  File "C:\Users\midoa\Downloads\letsfly_full_source_both\Windows\client\main.py", line 135 in <module>

Current thread's C stack trace (most recent call first):
  <cannot get C stack on this system>
Windows fatal exception: code 0x8001010d

Thread 0x000003a8 [Thread-1 (worker)] (most recent call first):
  File "C:\Users\midoa\AppData\Local\Python\pythoncore-3.14-64\Lib\socket.py", line 859 in create_connection
  File "C:\Users\midoa\Downloads\letsfly_full_source_both\Windows\.venv\Lib\site-packages\httpcore\_backends\sync.py", line 208 in connect_tcp
  File "C:\Users\midoa\Downloads\letsfly_full_source_both\Windows\.venv\Lib\site-packages\httpcore\_sync\connection.py", line 124 in _connect
  File "C:\Users\midoa\Downloads\letsfly_full_source_both\Windows\.venv\Lib\site-packages\httpcore\_sync\connection.py", line 78 in handle_request
  File "C:\Users\midoa\Downloads\letsfly_full_source_both\Windows\.venv\Lib\site-packages\httpcore\_sync\connection_pool.py", line 236 in handle_request
  File "C:\Users\midoa\Downloads\letsfly_full_source_both\Windows\.venv\Lib\site-packages\httpx\_transports\default.py", line 250 in handle_request
  File "C:\Users\midoa\Downloads\letsfly_full_source_both\Windows\.venv\Lib\site-packages\httpx\_client.py", line 1014 in _send_single_request
  File "C:\Users\midoa\Downloads\letsfly_full_source_both\Windows\.venv\Lib\site-packages\httpx\_client.py", line 979 in _send_handling_redirects
  File "C:\Users\midoa\Downloads\letsfly_full_source_both\Windows\.venv\Lib\site-packages\httpx\_client.py", line 942 in _send_handling_auth
  File "C:\Users\midoa\Downloads\letsfly_full_source_both\Windows\.venv\Lib\site-packages\httpx\_client.py", line 914 in send
  File "C:\Users\midoa\Downloads\letsfly_full_source_both\Windows\.venv\Lib\site-packages\httpx\_client.py", line 825 in request
  File "C:\Users\midoa\Downloads\letsfly_full_source_both\Windows\client\network\api_client.py", line 38 in _request
  File "C:\Users\midoa\Downloads\letsfly_full_source_both\Windows\client\network\api_client.py", line 78 in me
  File "C:\Users\midoa\Downloads\letsfly_full_source_both\Windows\client\client_app.py", line 516 in worker
  File "C:\Users\midoa\AppData\Local\Python\pythoncore-3.14-64\Lib\threading.py", line 1024 in run
  File "C:\Users\midoa\AppData\Local\Python\pythoncore-3.14-64\Lib\threading.py", line 1082 in _bootstrap_inner
  File "C:\Users\midoa\AppData\Local\Python\pythoncore-3.14-64\Lib\threading.py", line 1044 in _bootstrap

Current thread 0x0000357c (most recent call first):
  File "C:\Users\midoa\Downloads\letsfly_full_source_both\Windows\client\main.py", line 132 in main
  File "C:\Users\midoa\Downloads\letsfly_full_source_both\Windows\client\main.py", line 135 in <module>

Current thread's C stack trace (most recent call first):
  <cannot get C stack on this system>
Windows fatal exception: code 0x8001010d

Thread 0x00000480 [Thread-1 (worker)] (most recent call first):
  File "C:\Users\midoa\AppData\Local\Python\pythoncore-3.14-64\Lib\socket.py", line 859 in create_connection
  File "C:\Users\midoa\Downloads\letsfly_full_source_both\Windows\.venv\Lib\site-packages\httpcore\_backends\sync.py", line 208 in connect_tcp
  File "C:\Users\midoa\Downloads\letsfly_full_source_both\Windows\.venv\Lib\site-packages\httpcore\_sync\connection.py", line 124 in _connect
  File "C:\Users\midoa\Downloads\letsfly_full_source_both\Windows\.venv\Lib\site-packages\httpcore\_sync\connection.py", line 78 in handle_request
  File "C:\Users\midoa\Downloads\letsfly_full_source_both\Windows\.venv\Lib\site-packages\httpcore\_sync\connection_pool.py", line 236 in handle_request
  File "C:\Users\midoa\Downloads\letsfly_full_source_both\Windows\.venv\Lib\site-packages\httpx\_transports\default.py", line 250 in handle_request
  File "C:\Users\midoa\Downloads\letsfly_full_source_both\Windows\.venv\Lib\site-packages\httpx\_client.py", line 1014 in _send_single_request
  File "C:\Users\midoa\Downloads\letsfly_full_source_both\Windows\.venv\Lib\site-packages\httpx\_client.py", line 979 in _send_handling_redirects
  File "C:\Users\midoa\Downloads\letsfly_full_source_both\Windows\.venv\Lib\site-packages\httpx\_client.py", line 942 in _send_handling_auth
  File "C:\Users\midoa\Downloads\letsfly_full_source_both\Windows\.venv\Lib\site-packages\httpx\_client.py", line 914 in send
  File "C:\Users\midoa\Downloads\letsfly_full_source_both\Windows\.venv\Lib\site-packages\httpx\_client.py", line 825 in request
  File "C:\Users\midoa\Downloads\letsfly_full_source_both\Windows\client\network\api_client.py", line 38 in _request
  File "C:\Users\midoa\Downloads\letsfly_full_source_both\Windows\client\network\api_client.py", line 78 in me
  File "C:\Users\midoa\Downloads\letsfly_full_source_both\Windows\client\client_app.py", line 516 in worker
  File "C:\Users\midoa\AppData\Local\Python\pythoncore-3.14-64\Lib\threading.py", line 1024 in run
  File "C:\Users\midoa\AppData\Local\Python\pythoncore-3.14-64\Lib\threading.py", line 1082 in _bootstrap_inner
  File "C:\Users\midoa\AppData\Local\Python\pythoncore-3.14-64\Lib\threading.py", line 1044 in _bootstrap

Current thread 0x00002d04 (most recent call first):
  File "C:\Users\midoa\Downloads\letsfly_full_source_both\Windows\client\main.py", line 132 in main
  File "C:\Users\midoa\Downloads\letsfly_full_source_both\Windows\client\main.py", line 135 in <module>

Current thread's C stack trace (most recent call first):
  <cannot get C stack on this system>
Windows fatal exception: code 0x8001010d

Thread 0x00002d84 [Thread-1 (worker)] (most recent call first):
  File "C:\Users\midoa\AppData\Local\Python\pythoncore-3.14-64\Lib\socket.py", line 987 in getaddrinfo
  File "C:\Users\midoa\AppData\Local\Python\pythoncore-3.14-64\Lib\socket.py", line 850 in create_connection
  File "C:\Users\midoa\Downloads\letsfly_full_source_both\Windows\.venv\Lib\site-packages\httpcore\_backends\sync.py", line 208 in connect_tcp
  File "C:\Users\midoa\Downloads\letsfly_full_source_both\Windows\.venv\Lib\site-packages\httpcore\_sync\connection.py", line 124 in _connect
  File "C:\Users\midoa\Downloads\letsfly_full_source_both\Windows\.venv\Lib\site-packages\httpcore\_sync\connection.py", line 78 in handle_request
  File "C:\Users\midoa\Downloads\letsfly_full_source_both\Windows\.venv\Lib\site-packages\httpcore\_sync\connection_pool.py", line 236 in handle_request
  File "C:\Users\midoa\Downloads\letsfly_full_source_both\Windows\.venv\Lib\site-packages\httpx\_transports\default.py", line 250 in handle_request
  File "C:\Users\midoa\Downloads\letsfly_full_source_both\Windows\.venv\Lib\site-packages\httpx\_client.py", line 1014 in _send_single_request
  File "C:\Users\midoa\Downloads\letsfly_full_source_both\Windows\.venv\Lib\site-packages\httpx\_client.py", line 979 in _send_handling_redirects
  File "C:\Users\midoa\Downloads\letsfly_full_source_both\Windows\.venv\Lib\site-packages\httpx\_client.py", line 942 in _send_handling_auth
  File "C:\Users\midoa\Downloads\letsfly_full_source_both\Windows\.venv\Lib\site-packages\httpx\_client.py", line 914 in send
  File "C:\Users\midoa\Downloads\letsfly_full_source_both\Windows\.venv\Lib\site-packages\httpx\_client.py", line 825 in request
  File "C:\Users\midoa\Downloads\letsfly_full_source_both\Windows\client\network\api_client.py", line 38 in _request
  File "C:\Users\midoa\Downloads\letsfly_full_source_both\Windows\client\network\api_client.py", line 78 in me
  File "C:\Users\midoa\Downloads\letsfly_full_source_both\Windows\client\client_app.py", line 516 in worker
  File "C:\Users\midoa\AppData\Local\Python\pythoncore-3.14-64\Lib\threading.py", line 1024 in run
  File "C:\Users\midoa\AppData\Local\Python\pythoncore-3.14-64\Lib\threading.py", line 1082 in _bootstrap_inner
  File "C:\Users\midoa\AppData\Local\Python\pythoncore-3.14-64\Lib\threading.py", line 1044 in _bootstrap

Current thread 0x000019b0 (most recent call first):
  File "C:\Users\midoa\Downloads\letsfly_full_source_both\Windows\client\main.py", line 132 in main
  File "C:\Users\midoa\Downloads\letsfly_full_source_both\Windows\client\main.py", line 135 in <module>

Current thread's C stack trace (most recent call first):
  <cannot get C stack on this system>
Windows fatal exception: code 0x8001010d

Thread 0x00001ee4 [Thread-1 (worker)] (most recent call first):
  File "C:\Users\midoa\AppData\Local\Python\pythoncore-3.14-64\Lib\socket.py", line 859 in create_connection
  File "C:\Users\midoa\Downloads\letsfly_full_source_both\Windows\.venv\Lib\site-packages\httpcore\_backends\sync.py", line 208 in connect_tcp
  File "C:\Users\midoa\Downloads\letsfly_full_source_both\Windows\.venv\Lib\site-packages\httpcore\_sync\connection.py", line 124 in _connect
  File "C:\Users\midoa\Downloads\letsfly_full_source_both\Windows\.venv\Lib\site-packages\httpcore\_sync\connection.py", line 78 in handle_request
  File "C:\Users\midoa\Downloads\letsfly_full_source_both\Windows\.venv\Lib\site-packages\httpcore\_sync\connection_pool.py", line 236 in handle_request
  File "C:\Users\midoa\Downloads\letsfly_full_source_both\Windows\.venv\Lib\site-packages\httpx\_transports\default.py", line 250 in handle_request
  File "C:\Users\midoa\Downloads\letsfly_full_source_both\Windows\.venv\Lib\site-packages\httpx\_client.py", line 1014 in _send_single_request
  File "C:\Users\midoa\Downloads\letsfly_full_source_both\Windows\.venv\Lib\site-packages\httpx\_client.py", line 979 in _send_handling_redirects
  File "C:\Users\midoa\Downloads\letsfly_full_source_both\Windows\.venv\Lib\site-packages\httpx\_client.py", line 942 in _send_handling_auth
  File "C:\Users\midoa\Downloads\letsfly_full_source_both\Windows\.venv\Lib\site-packages\httpx\_client.py", line 914 in send
  File "C:\Users\midoa\Downloads\letsfly_full_source_both\Windows\.venv\Lib\site-packages\httpx\_client.py", line 825 in request
  File "C:\Users\midoa\Downloads\letsfly_full_source_both\Windows\client\network\api_client.py", line 38 in _request
  File "C:\Users\midoa\Downloads\letsfly_full_source_both\Windows\client\network\api_client.py", line 78 in me
  File "C:\Users\midoa\Downloads\letsfly_full_source_both\Windows\client\client_app.py", line 516 in worker
  File "C:\Users\midoa\AppData\Local\Python\pythoncore-3.14-64\Lib\threading.py", line 1024 in run
  File "C:\Users\midoa\AppData\Local\Python\pythoncore-3.14-64\Lib\threading.py", line 1082 in _bootstrap_inner
  File "C:\Users\midoa\AppData\Local\Python\pythoncore-3.14-64\Lib\threading.py", line 1044 in _bootstrap

Current thread 0x00003670 (most recent call first):
  File "C:\Users\midoa\Downloads\letsfly_full_source_both\Windows\client\main.py", line 132 in main
  File "C:\Users\midoa\Downloads\letsfly_full_source_both\Windows\client\main.py", line 135 in <module>

Current thread's C stack trace (most recent call first):
  <cannot get C stack on this system>
Windows fatal exception: code 0x8001010d

Thread 0x00002dec [Thread-1 (worker)] (most recent call first):
  File "C:\Users\midoa\AppData\Local\Python\pythoncore-3.14-64\Lib\socket.py", line 859 in create_connection
  File "C:\Users\midoa\Downloads\letsfly_full_source_both\Windows\.venv\Lib\site-packages\httpcore\_backends\sync.py", line 208 in connect_tcp
  File "C:\Users\midoa\Downloads\letsfly_full_source_both\Windows\.venv\Lib\site-packages\httpcore\_sync\connection.py", line 124 in _connect
  File "C:\Users\midoa\Downloads\letsfly_full_source_both\Windows\.venv\Lib\site-packages\httpcore\_sync\connection.py", line 78 in handle_request
  File "C:\Users\midoa\Downloads\letsfly_full_source_both\Windows\.venv\Lib\site-packages\httpcore\_sync\connection_pool.py", line 236 in handle_request
  File "C:\Users\midoa\Downloads\letsfly_full_source_both\Windows\.venv\Lib\site-packages\httpx\_transports\default.py", line 250 in handle_request
  File "C:\Users\midoa\Downloads\letsfly_full_source_both\Windows\.venv\Lib\site-packages\httpx\_client.py", line 1014 in _send_single_request
  File "C:\Users\midoa\Downloads\letsfly_full_source_both\Windows\.venv\Lib\site-packages\httpx\_client.py", line 979 in _send_handling_redirects
  File "C:\Users\midoa\Downloads\letsfly_full_source_both\Windows\.venv\Lib\site-packages\httpx\_client.py", line 942 in _send_handling_auth
  File "C:\Users\midoa\Downloads\letsfly_full_source_both\Windows\.venv\Lib\site-packages\httpx\_client.py", line 914 in send
  File "C:\Users\midoa\Downloads\letsfly_full_source_both\Windows\.venv\Lib\site-packages\httpx\_client.py", line 825 in request
  File "C:\Users\midoa\Downloads\letsfly_full_source_both\Windows\client\network\api_client.py", line 38 in _request
  File "C:\Users\midoa\Downloads\letsfly_full_source_both\Windows\client\network\api_client.py", line 78 in me
  File "C:\Users\midoa\Downloads\letsfly_full_source_both\Windows\client\client_app.py", line 516 in worker
  File "C:\Users\midoa\AppData\Local\Python\pythoncore-3.14-64\Lib\threading.py", line 1024 in run
  File "C:\Users\midoa\AppData\Local\Python\pythoncore-3.14-64\Lib\threading.py", line 1082 in _bootstrap_inner
  File "C:\Users\midoa\AppData\Local\Python\pythoncore-3.14-64\Lib\threading.py", line 1044 in _bootstrap

Current thread 0x000019e8 (most recent call first):
  File "C:\Users\midoa\Downloads\letsfly_full_source_both\Windows\client\main.py", line 132 in main
  File "C:\Users\midoa\Downloads\letsfly_full_source_both\Windows\client\main.py", line 135 in <module>

Current thread's C stack trace (most recent call first):
  <cannot get C stack on this system>
Windows fatal exception: code 0x8001010d

Thread 0x00003100 [Thread-1 (worker)] (most recent call first):
  File "C:\Users\midoa\AppData\Local\Python\pythoncore-3.14-64\Lib\socket.py", line 859 in create_connection
  File "C:\Users\midoa\Downloads\letsfly_full_source_both\Windows\.venv\Lib\site-packages\httpcore\_backends\sync.py", line 208 in connect_tcp
  File "C:\Users\midoa\Downloads\letsfly_full_source_both\Windows\.venv\Lib\site-packages\httpcore\_sync\connection.py", line 124 in _connect
  File "C:\Users\midoa\Downloads\letsfly_full_source_both\Windows\.venv\Lib\site-packages\httpcore\_sync\connection.py", line 78 in handle_request
  File "C:\Users\midoa\Downloads\letsfly_full_source_both\Windows\.venv\Lib\site-packages\httpcore\_sync\connection_pool.py", line 236 in handle_request
  File "C:\Users\midoa\Downloads\letsfly_full_source_both\Windows\.venv\Lib\site-packages\httpx\_transports\default.py", line 250 in handle_request
  File "C:\Users\midoa\Downloads\letsfly_full_source_both\Windows\.venv\Lib\site-packages\httpx\_client.py", line 1014 in _send_single_request
  File "C:\Users\midoa\Downloads\letsfly_full_source_both\Windows\.venv\Lib\site-packages\httpx\_client.py", line 979 in _send_handling_redirects
  File "C:\Users\midoa\Downloads\letsfly_full_source_both\Windows\.venv\Lib\site-packages\httpx\_client.py", line 942 in _send_handling_auth
  File "C:\Users\midoa\Downloads\letsfly_full_source_both\Windows\.venv\Lib\site-packages\httpx\_client.py", line 914 in send
  File "C:\Users\midoa\Downloads\letsfly_full_source_both\Windows\.venv\Lib\site-packages\httpx\_client.py", line 825 in request
  File "C:\Users\midoa\Downloads\letsfly_full_source_both\Windows\client\network\api_client.py", line 38 in _request
  File "C:\Users\midoa\Downloads\letsfly_full_source_both\Windows\client\network\api_client.py", line 78 in me
  File "C:\Users\midoa\Downloads\letsfly_full_source_both\Windows\client\client_app.py", line 516 in worker
  File "C:\Users\midoa\AppData\Local\Python\pythoncore-3.14-64\Lib\threading.py", line 1024 in run
  File "C:\Users\midoa\AppData\Local\Python\pythoncore-3.14-64\Lib\threading.py", line 1082 in _bootstrap_inner
  File "C:\Users\midoa\AppData\Local\Python\pythoncore-3.14-64\Lib\threading.py", line 1044 in _bootstrap

Current thread 0x00001f74 (most recent call first):
  File "C:\Users\midoa\Downloads\letsfly_full_source_both\Windows\client\main.py", line 132 in main
  File "C:\Users\midoa\Downloads\letsfly_full_source_both\Windows\client\main.py", line 135 in <module>

Current thread's C stack trace (most recent call first):
  <cannot get C stack on this system>
Windows fatal exception: code 0x8001010d

Thread 0x00001fac [Thread-1 (worker)] (most recent call first):
  File "C:\Users\midoa\AppData\Local\Python\pythoncore-3.14-64\Lib\socket.py", line 859 in create_connection
  File "C:\Users\midoa\Downloads\letsfly_full_source_both\Windows\.venv\Lib\site-packages\httpcore\_backends\sync.py", line 208 in connect_tcp
  File "C:\Users\midoa\Downloads\letsfly_full_source_both\Windows\.venv\Lib\site-packages\httpcore\_sync\connection.py", line 124 in _connect
  File "C:\Users\midoa\Downloads\letsfly_full_source_both\Windows\.venv\Lib\site-packages\httpcore\_sync\connection.py", line 78 in handle_request
  File "C:\Users\midoa\Downloads\letsfly_full_source_both\Windows\.venv\Lib\site-packages\httpcore\_sync\connection_pool.py", line 236 in handle_request
  File "C:\Users\midoa\Downloads\letsfly_full_source_both\Windows\.venv\Lib\site-packages\httpx\_transports\default.py", line 250 in handle_request
  File "C:\Users\midoa\Downloads\letsfly_full_source_both\Windows\.venv\Lib\site-packages\httpx\_client.py", line 1014 in _send_single_request
  File "C:\Users\midoa\Downloads\letsfly_full_source_both\Windows\.venv\Lib\site-packages\httpx\_client.py", line 979 in _send_handling_redirects
  File "C:\Users\midoa\Downloads\letsfly_full_source_both\Windows\.venv\Lib\site-packages\httpx\_client.py", line 942 in _send_handling_auth
  File "C:\Users\midoa\Downloads\letsfly_full_source_both\Windows\.venv\Lib\site-packages\httpx\_client.py", line 914 in send
  File "C:\Users\midoa\Downloads\letsfly_full_source_both\Windows\.venv\Lib\site-packages\httpx\_client.py", line 825 in request
  File "C:\Users\midoa\Downloads\letsfly_full_source_both\Windows\client\network\api_client.py", line 38 in _request
  File "C:\Users\midoa\Downloads\letsfly_full_source_both\Windows\client\network\api_client.py", line 78 in me
  File "C:\Users\midoa\Downloads\letsfly_full_source_both\Windows\client\client_app.py", line 516 in worker
  File "C:\Users\midoa\AppData\Local\Python\pythoncore-3.14-64\Lib\threading.py", line 1024 in run
  File "C:\Users\midoa\AppData\Local\Python\pythoncore-3.14-64\Lib\threading.py", line 1082 in _bootstrap_inner
  File "C:\Users\midoa\AppData\Local\Python\pythoncore-3.14-64\Lib\threading.py", line 1044 in _bootstrap

Current thread 0x0000171c (most recent call first):
  File "C:\Users\midoa\Downloads\letsfly_full_source_both\Windows\client\main.py", line 132 in main
  File "C:\Users\midoa\Downloads\letsfly_full_source_both\Windows\client\main.py", line 135 in <module>

Current thread's C stack trace (most recent call first):
  <cannot get C stack on this system>
Windows fatal exception: code 0x8001010d

Thread 0x00000d08 [Thread-1 (worker)] (most recent call first):
  File "C:\Users\midoa\AppData\Local\Python\pythoncore-3.14-64\Lib\socket.py", line 859 in create_connection
  File "C:\Users\midoa\Downloads\letsfly_full_source_both\Windows\.venv\Lib\site-packages\httpcore\_backends\sync.py", line 208 in connect_tcp
  File "C:\Users\midoa\Downloads\letsfly_full_source_both\Windows\.venv\Lib\site-packages\httpcore\_sync\connection.py", line 124 in _connect
  File "C:\Users\midoa\Downloads\letsfly_full_source_both\Windows\.venv\Lib\site-packages\httpcore\_sync\connection.py", line 78 in handle_request
  File "C:\Users\midoa\Downloads\letsfly_full_source_both\Windows\.venv\Lib\site-packages\httpcore\_sync\connection_pool.py", line 236 in handle_request
  File "C:\Users\midoa\Downloads\letsfly_full_source_both\Windows\.venv\Lib\site-packages\httpx\_transports\default.py", line 250 in handle_request
  File "C:\Users\midoa\Downloads\letsfly_full_source_both\Windows\.venv\Lib\site-packages\httpx\_client.py", line 1014 in _send_single_request
  File "C:\Users\midoa\Downloads\letsfly_full_source_both\Windows\.venv\Lib\site-packages\httpx\_client.py", line 979 in _send_handling_redirects
  File "C:\Users\midoa\Downloads\letsfly_full_source_both\Windows\.venv\Lib\site-packages\httpx\_client.py", line 942 in _send_handling_auth
  File "C:\Users\midoa\Downloads\letsfly_full_source_both\Windows\.venv\Lib\site-packages\httpx\_client.py", line 914 in send
  File "C:\Users\midoa\Downloads\letsfly_full_source_both\Windows\.venv\Lib\site-packages\httpx\_client.py", line 825 in request
  File "C:\Users\midoa\Downloads\letsfly_full_source_both\Windows\client\network\api_client.py", line 38 in _request
  File "C:\Users\midoa\Downloads\letsfly_full_source_both\Windows\client\network\api_client.py", line 78 in me
  File "C:\Users\midoa\Downloads\letsfly_full_source_both\Windows\client\client_app.py", line 516 in worker
  File "C:\Users\midoa\AppData\Local\Python\pythoncore-3.14-64\Lib\threading.py", line 1024 in run
  File "C:\Users\midoa\AppData\Local\Python\pythoncore-3.14-64\Lib\threading.py", line 1082 in _bootstrap_inner
  File "C:\Users\midoa\AppData\Local\Python\pythoncore-3.14-64\Lib\threading.py", line 1044 in _bootstrap

Current thread 0x0000111c (most recent call first):
  File "C:\Users\midoa\Downloads\letsfly_full_source_both\Windows\client\main.py", line 132 in main
  File "C:\Users\midoa\Downloads\letsfly_full_source_both\Windows\client\main.py", line 135 in <module>

Current thread's C stack trace (most recent call first):
  <cannot get C stack on this system>
Windows fatal exception: code 0x8001010d

Thread 0x00002134 [Thread-1 (worker)] (most recent call first):
  File "C:\Users\midoa\AppData\Local\Python\pythoncore-3.14-64\Lib\socket.py", line 987 in getaddrinfo
  File "C:\Users\midoa\AppData\Local\Python\pythoncore-3.14-64\Lib\socket.py", line 850 in create_connection
  File "C:\Users\midoa\Downloads\letsfly_full_source_both\Windows\.venv\Lib\site-packages\httpcore\_backends\sync.py", line 208 in connect_tcp
  File "C:\Users\midoa\Downloads\letsfly_full_source_both\Windows\.venv\Lib\site-packages\httpcore\_sync\connection.py", line 124 in _connect
  File "C:\Users\midoa\Downloads\letsfly_full_source_both\Windows\.venv\Lib\site-packages\httpcore\_sync\connection.py", line 78 in handle_request
  File "C:\Users\midoa\Downloads\letsfly_full_source_both\Windows\.venv\Lib\site-packages\httpcore\_sync\connection_pool.py", line 236 in handle_request
  File "C:\Users\midoa\Downloads\letsfly_full_source_both\Windows\.venv\Lib\site-packages\httpx\_transports\default.py", line 250 in handle_request
  File "C:\Users\midoa\Downloads\letsfly_full_source_both\Windows\.venv\Lib\site-packages\httpx\_client.py", line 1014 in _send_single_request
  File "C:\Users\midoa\Downloads\letsfly_full_source_both\Windows\.venv\Lib\site-packages\httpx\_client.py", line 979 in _send_handling_redirects
  File "C:\Users\midoa\Downloads\letsfly_full_source_both\Windows\.venv\Lib\site-packages\httpx\_client.py", line 942 in _send_handling_auth
  File "C:\Users\midoa\Downloads\letsfly_full_source_both\Windows\.venv\Lib\site-packages\httpx\_client.py", line 914 in send
  File "C:\Users\midoa\Downloads\letsfly_full_source_both\Windows\.venv\Lib\site-packages\httpx\_client.py", line 825 in request
  File "C:\Users\midoa\Downloads\letsfly_full_source_both\Windows\client\network\api_client.py", line 38 in _request
  File "C:\Users\midoa\Downloads\letsfly_full_source_both\Windows\client\network\api_client.py", line 78 in me
  File "C:\Users\midoa\Downloads\letsfly_full_source_both\Windows\client\client_app.py", line 516 in worker
  File "C:\Users\midoa\AppData\Local\Python\pythoncore-3.14-64\Lib\threading.py", line 1024 in run
  File "C:\Users\midoa\AppData\Local\Python\pythoncore-3.14-64\Lib\threading.py", line 1082 in _bootstrap_inner
  File "C:\Users\midoa\AppData\Local\Python\pythoncore-3.14-64\Lib\threading.py", line 1044 in _bootstrap

Current thread 0x00001edc (most recent call first):
  File "C:\Users\midoa\Downloads\letsfly_full_source_both\Windows\client\main.py", line 132 in main
  File "C:\Users\midoa\Downloads\letsfly_full_source_both\Windows\client\main.py", line 135 in <module>

Current thread's C stack trace (most recent call first):
  <cannot get C stack on this system>
Windows fatal exception: code 0x8001010d

Thread 0x000007fc [Thread-1 (worker)] (most recent call first):
  File "C:\Users\midoa\AppData\Local\Python\pythoncore-3.14-64\Lib\socket.py", line 859 in create_connection
  File "C:\Users\midoa\Downloads\letsfly_full_source_both\Windows\.venv\Lib\site-packages\httpcore\_backends\sync.py", line 208 in connect_tcp
  File "C:\Users\midoa\Downloads\letsfly_full_source_both\Windows\.venv\Lib\site-packages\httpcore\_sync\connection.py", line 124 in _connect
  File "C:\Users\midoa\Downloads\letsfly_full_source_both\Windows\.venv\Lib\site-packages\httpcore\_sync\connection.py", line 78 in handle_request
  File "C:\Users\midoa\Downloads\letsfly_full_source_both\Windows\.venv\Lib\site-packages\httpcore\_sync\connection_pool.py", line 236 in handle_request
  File "C:\Users\midoa\Downloads\letsfly_full_source_both\Windows\.venv\Lib\site-packages\httpx\_transports\default.py", line 250 in handle_request
  File "C:\Users\midoa\Downloads\letsfly_full_source_both\Windows\.venv\Lib\site-packages\httpx\_client.py", line 1014 in _send_single_request
  File "C:\Users\midoa\Downloads\letsfly_full_source_both\Windows\.venv\Lib\site-packages\httpx\_client.py", line 979 in _send_handling_redirects
  File "C:\Users\midoa\Downloads\letsfly_full_source_both\Windows\.venv\Lib\site-packages\httpx\_client.py", line 942 in _send_handling_auth
  File "C:\Users\midoa\Downloads\letsfly_full_source_both\Windows\.venv\Lib\site-packages\httpx\_client.py", line 914 in send
  File "C:\Users\midoa\Downloads\letsfly_full_source_both\Windows\.venv\Lib\site-packages\httpx\_client.py", line 825 in request
  File "C:\Users\midoa\Downloads\letsfly_full_source_both\Windows\client\network\api_client.py", line 38 in _request
  File "C:\Users\midoa\Downloads\letsfly_full_source_both\Windows\client\network\api_client.py", line 78 in me
  File "C:\Users\midoa\Downloads\letsfly_full_source_both\Windows\client\client_app.py", line 516 in worker
  File "C:\Users\midoa\AppData\Local\Python\pythoncore-3.14-64\Lib\threading.py", line 1024 in run
  File "C:\Users\midoa\AppData\Local\Python\pythoncore-3.14-64\Lib\threading.py", line 1082 in _bootstrap_inner
  File "C:\Users\midoa\AppData\Local\Python\pythoncore-3.14-64\Lib\threading.py", line 1044 in _bootstrap

Current thread 0x00002314 (most recent call first):
  File "C:\Users\midoa\Downloads\letsfly_full_source_both\Windows\client\main.py", line 132 in main
  File "C:\Users\midoa\Downloads\letsfly_full_source_both\Windows\client\main.py", line 135 in <module>

Current thread's C stack trace (most recent call first):
  <cannot get C stack on this system>
Windows fatal exception: code 0x8001010d

Thread 0x00003494 [Thread-1 (worker)] (most recent call first):
  File "C:\Users\midoa\AppData\Local\Python\pythoncore-3.14-64\Lib\socket.py", line 859 in create_connection
  File "C:\Users\midoa\Downloads\letsfly_full_source_both\Windows\.venv\Lib\site-packages\httpcore\_backends\sync.py", line 208 in connect_tcp
  File "C:\Users\midoa\Downloads\letsfly_full_source_both\Windows\.venv\Lib\site-packages\httpcore\_sync\connection.py", line 124 in _connect
  File "C:\Users\midoa\Downloads\letsfly_full_source_both\Windows\.venv\Lib\site-packages\httpcore\_sync\connection.py", line 78 in handle_request
  File "C:\Users\midoa\Downloads\letsfly_full_source_both\Windows\.venv\Lib\site-packages\httpcore\_sync\connection_pool.py", line 236 in handle_request
  File "C:\Users\midoa\Downloads\letsfly_full_source_both\Windows\.venv\Lib\site-packages\httpx\_transports\default.py", line 250 in handle_request
  File "C:\Users\midoa\Downloads\letsfly_full_source_both\Windows\.venv\Lib\site-packages\httpx\_client.py", line 1014 in _send_single_request
  File "C:\Users\midoa\Downloads\letsfly_full_source_both\Windows\.venv\Lib\site-packages\httpx\_client.py", line 979 in _send_handling_redirects
  File "C:\Users\midoa\Downloads\letsfly_full_source_both\Windows\.venv\Lib\site-packages\httpx\_client.py", line 942 in _send_handling_auth
  File "C:\Users\midoa\Downloads\letsfly_full_source_both\Windows\.venv\Lib\site-packages\httpx\_client.py", line 914 in send
  File "C:\Users\midoa\Downloads\letsfly_full_source_both\Windows\.venv\Lib\site-packages\httpx\_client.py", line 825 in request
  File "C:\Users\midoa\Downloads\letsfly_full_source_both\Windows\client\network\api_client.py", line 38 in _request
  File "C:\Users\midoa\Downloads\letsfly_full_source_both\Windows\client\network\api_client.py", line 78 in me
  File "C:\Users\midoa\Downloads\letsfly_full_source_both\Windows\client\client_app.py", line 516 in worker
  File "C:\Users\midoa\AppData\Local\Python\pythoncore-3.14-64\Lib\threading.py", line 1024 in run
  File "C:\Users\midoa\AppData\Local\Python\pythoncore-3.14-64\Lib\threading.py", line 1082 in _bootstrap_inner
  File "C:\Users\midoa\AppData\Local\Python\pythoncore-3.14-64\Lib\threading.py", line 1044 in _bootstrap

Current thread 0x00001a00 (most recent call first):
  File "C:\Users\midoa\Downloads\letsfly_full_source_both\Windows\client\main.py", line 132 in main
  File "C:\Users\midoa\Downloads\letsfly_full_source_both\Windows\client\main.py", line 135 in <module>

Current thread's C stack trace (most recent call first):
  <cannot get C stack on this system>
Windows fatal exception: code 0x8001010d

Thread 0x00003a8c [Thread-1 (worker)] (most recent call first):
  File "C:\Users\midoa\AppData\Local\Python\pythoncore-3.14-64\Lib\socket.py", line 987 in getaddrinfo
  File "C:\Users\midoa\AppData\Local\Python\pythoncore-3.14-64\Lib\socket.py", line 850 in create_connection
  File "C:\Users\midoa\Downloads\letsfly_full_source_both\Windows\.venv\Lib\site-packages\httpcore\_backends\sync.py", line 208 in connect_tcp
  File "C:\Users\midoa\Downloads\letsfly_full_source_both\Windows\.venv\Lib\site-packages\httpcore\_sync\connection.py", line 124 in _connect
  File "C:\Users\midoa\Downloads\letsfly_full_source_both\Windows\.venv\Lib\site-packages\httpcore\_sync\connection.py", line 78 in handle_request
  File "C:\Users\midoa\Downloads\letsfly_full_source_both\Windows\.venv\Lib\site-packages\httpcore\_sync\connection_pool.py", line 236 in handle_request
  File "C:\Users\midoa\Downloads\letsfly_full_source_both\Windows\.venv\Lib\site-packages\httpx\_transports\default.py", line 250 in handle_request
  File "C:\Users\midoa\Downloads\letsfly_full_source_both\Windows\.venv\Lib\site-packages\httpx\_client.py", line 1014 in _send_single_request
  File "C:\Users\midoa\Downloads\letsfly_full_source_both\Windows\.venv\Lib\site-packages\httpx\_client.py", line 979 in _send_handling_redirects
  File "C:\Users\midoa\Downloads\letsfly_full_source_both\Windows\.venv\Lib\site-packages\httpx\_client.py", line 942 in _send_handling_auth
  File "C:\Users\midoa\Downloads\letsfly_full_source_both\Windows\.venv\Lib\site-packages\httpx\_client.py", line 914 in send
  File "C:\Users\midoa\Downloads\letsfly_full_source_both\Windows\.venv\Lib\site-packages\httpx\_client.py", line 825 in request
  File "C:\Users\midoa\Downloads\letsfly_full_source_both\Windows\client\network\api_client.py", line 38 in _request
  File "C:\Users\midoa\Downloads\letsfly_full_source_both\Windows\client\network\api_client.py", line 78 in me
  File "C:\Users\midoa\Downloads\letsfly_full_source_both\Windows\client\client_app.py", line 516 in worker
  File "C:\Users\midoa\AppData\Local\Python\pythoncore-3.14-64\Lib\threading.py", line 1024 in run
  File "C:\Users\midoa\AppData\Local\Python\pythoncore-3.14-64\Lib\threading.py", line 1082 in _bootstrap_inner
  File "C:\Users\midoa\AppData\Local\Python\pythoncore-3.14-64\Lib\threading.py", line 1044 in _bootstrap

Current thread 0x000027a0 (most recent call first):
  File "C:\Users\midoa\Downloads\letsfly_full_source_both\Windows\client\main.py", line 132 in main
  File "C:\Users\midoa\Downloads\letsfly_full_source_both\Windows\client\main.py", line 135 in <module>

Current thread's C stack trace (most recent call first):
  <cannot get C stack on this system>
Windows fatal exception: code 0x8001010d

Thread 0x0000215c [Thread-1 (worker)] (most recent call first):
  File "C:\Users\midoa\AppData\Local\Python\pythoncore-3.14-64\Lib\socket.py", line 987 in getaddrinfo
  File "C:\Users\midoa\AppData\Local\Python\pythoncore-3.14-64\Lib\socket.py", line 850 in create_connection
  File "C:\Users\midoa\Downloads\letsfly_full_source_both\Windows\.venv\Lib\site-packages\httpcore\_backends\sync.py", line 208 in connect_tcp
  File "C:\Users\midoa\Downloads\letsfly_full_source_both\Windows\.venv\Lib\site-packages\httpcore\_sync\connection.py", line 124 in _connect
  File "C:\Users\midoa\Downloads\letsfly_full_source_both\Windows\.venv\Lib\site-packages\httpcore\_sync\connection.py", line 78 in handle_request
  File "C:\Users\midoa\Downloads\letsfly_full_source_both\Windows\.venv\Lib\site-packages\httpcore\_sync\connection_pool.py", line 236 in handle_request
  File "C:\Users\midoa\Downloads\letsfly_full_source_both\Windows\.venv\Lib\site-packages\httpx\_transports\default.py", line 250 in handle_request
  File "C:\Users\midoa\Downloads\letsfly_full_source_both\Windows\.venv\Lib\site-packages\httpx\_client.py", line 1014 in _send_single_request
  File "C:\Users\midoa\Downloads\letsfly_full_source_both\Windows\.venv\Lib\site-packages\httpx\_client.py", line 979 in _send_handling_redirects
  File "C:\Users\midoa\Downloads\letsfly_full_source_both\Windows\.venv\Lib\site-packages\httpx\_client.py", line 942 in _send_handling_auth
  File "C:\Users\midoa\Downloads\letsfly_full_source_both\Windows\.venv\Lib\site-packages\httpx\_client.py", line 914 in send
  File "C:\Users\midoa\Downloads\letsfly_full_source_both\Windows\.venv\Lib\site-packages\httpx\_client.py", line 825 in request
  File "C:\Users\midoa\Downloads\letsfly_full_source_both\Windows\client\network\api_client.py", line 38 in _request
  File "C:\Users\midoa\Downloads\letsfly_full_source_both\Windows\client\network\api_client.py", line 78 in me
  File "C:\Users\midoa\Downloads\letsfly_full_source_both\Windows\client\client_app.py", line 516 in worker
  File "C:\Users\midoa\AppData\Local\Python\pythoncore-3.14-64\Lib\threading.py", line 1024 in run
  File "C:\Users\midoa\AppData\Local\Python\pythoncore-3.14-64\Lib\threading.py", line 1082 in _bootstrap_inner
  File "C:\Users\midoa\AppData\Local\Python\pythoncore-3.14-64\Lib\threading.py", line 1044 in _bootstrap

Current thread 0x00002530 (most recent call first):
  File "C:\Users\midoa\Downloads\letsfly_full_source_both\Windows\client\main.py", line 132 in main
  File "C:\Users\midoa\Downloads\letsfly_full_source_both\Windows\client\main.py", line 135 in <module>

Current thread's C stack trace (most recent call first):
  <cannot get C stack on this system>
Windows fatal exception: code 0x8001010d

Thread 0x000019bc [Thread-1 (worker)] (most recent call first):
  File "C:\Users\midoa\AppData\Local\Python\pythoncore-3.14-64\Lib\socket.py", line 987 in getaddrinfo
  File "C:\Users\midoa\AppData\Local\Python\pythoncore-3.14-64\Lib\socket.py", line 850 in create_connection
  File "C:\Users\midoa\Downloads\letsfly_full_source_both\Windows\.venv\Lib\site-packages\httpcore\_backends\sync.py", line 208 in connect_tcp
  File "C:\Users\midoa\Downloads\letsfly_full_source_both\Windows\.venv\Lib\site-packages\httpcore\_sync\connection.py", line 124 in _connect
  File "C:\Users\midoa\Downloads\letsfly_full_source_both\Windows\.venv\Lib\site-packages\httpcore\_sync\connection.py", line 78 in handle_request
  File "C:\Users\midoa\Downloads\letsfly_full_source_both\Windows\.venv\Lib\site-packages\httpcore\_sync\connection_pool.py", line 236 in handle_request
  File "C:\Users\midoa\Downloads\letsfly_full_source_both\Windows\.venv\Lib\site-packages\httpx\_transports\default.py", line 250 in handle_request
  File "C:\Users\midoa\Downloads\letsfly_full_source_both\Windows\.venv\Lib\site-packages\httpx\_client.py", line 1014 in _send_single_request
  File "C:\Users\midoa\Downloads\letsfly_full_source_both\Windows\.venv\Lib\site-packages\httpx\_client.py", line 979 in _send_handling_redirects
  File "C:\Users\midoa\Downloads\letsfly_full_source_both\Windows\.venv\Lib\site-packages\httpx\_client.py", line 942 in _send_handling_auth
  File "C:\Users\midoa\Downloads\letsfly_full_source_both\Windows\.venv\Lib\site-packages\httpx\_client.py", line 914 in send
  File "C:\Users\midoa\Downloads\letsfly_full_source_both\Windows\.venv\Lib\site-packages\httpx\_client.py", line 825 in request
  File "C:\Users\midoa\Downloads\letsfly_full_source_both\Windows\client\network\api_client.py", line 38 in _request
  File "C:\Users\midoa\Downloads\letsfly_full_source_both\Windows\client\network\api_client.py", line 78 in me
  File "C:\Users\midoa\Downloads\letsfly_full_source_both\Windows\client\client_app.py", line 516 in worker
  File "C:\Users\midoa\AppData\Local\Python\pythoncore-3.14-64\Lib\threading.py", line 1024 in run
  File "C:\Users\midoa\AppData\Local\Python\pythoncore-3.14-64\Lib\threading.py", line 1082 in _bootstrap_inner
  File "C:\Users\midoa\AppData\Local\Python\pythoncore-3.14-64\Lib\threading.py", line 1044 in _bootstrap

Current thread 0x000029b8 (most recent call first):
  File "C:\Users\midoa\Downloads\letsfly_full_source_both\Windows\client\main.py", line 132 in main
  File "C:\Users\midoa\Downloads\letsfly_full_source_both\Windows\client\main.py", line 135 in <module>

Current thread's C stack trace (most recent call first):
  <cannot get C stack on this system>
Windows fatal exception: code 0x8001010d

Current thread 0x00003374 (most recent call first):
  File "C:\Users\midoa\Downloads\letsfly_full_source_both\Windows\client\main.py", line 132 in main
  File "C:\Users\midoa\Downloads\letsfly_full_source_both\Windows\client\main.py", line 135 in <module>

Current thread's C stack trace (most recent call first):
  <cannot get C stack on this system>
Windows fatal exception: code 0x8001010d

Thread 0x00003424 [Thread-1 (worker)] (most recent call first):
  File "C:\Users\midoa\AppData\Local\Python\pythoncore-3.14-64\Lib\socket.py", line 987 in getaddrinfo
  File "C:\Users\midoa\AppData\Local\Python\pythoncore-3.14-64\Lib\socket.py", line 850 in create_connection
  File "C:\Users\midoa\Downloads\letsfly_full_source_both\Windows\.venv\Lib\site-packages\httpcore\_backends\sync.py", line 208 in connect_tcp
  File "C:\Users\midoa\Downloads\letsfly_full_source_both\Windows\.venv\Lib\site-packages\httpcore\_sync\connection.py", line 124 in _connect
  File "C:\Users\midoa\Downloads\letsfly_full_source_both\Windows\.venv\Lib\site-packages\httpcore\_sync\connection.py", line 78 in handle_request
  File "C:\Users\midoa\Downloads\letsfly_full_source_both\Windows\.venv\Lib\site-packages\httpcore\_sync\connection_pool.py", line 236 in handle_request
  File "C:\Users\midoa\Downloads\letsfly_full_source_both\Windows\.venv\Lib\site-packages\httpx\_transports\default.py", line 250 in handle_request
  File "C:\Users\midoa\Downloads\letsfly_full_source_both\Windows\.venv\Lib\site-packages\httpx\_client.py", line 1014 in _send_single_request
  File "C:\Users\midoa\Downloads\letsfly_full_source_both\Windows\.venv\Lib\site-packages\httpx\_client.py", line 979 in _send_handling_redirects
  File "C:\Users\midoa\Downloads\letsfly_full_source_both\Windows\.venv\Lib\site-packages\httpx\_client.py", line 942 in _send_handling_auth
  File "C:\Users\midoa\Downloads\letsfly_full_source_both\Windows\.venv\Lib\site-packages\httpx\_client.py", line 914 in send
  File "C:\Users\midoa\Downloads\letsfly_full_source_both\Windows\.venv\Lib\site-packages\httpx\_client.py", line 825 in request
  File "C:\Users\midoa\Downloads\letsfly_full_source_both\Windows\client\network\api_client.py", line 38 in _request
  File "C:\Users\midoa\Downloads\letsfly_full_source_both\Windows\client\network\api_client.py", line 78 in me
  File "C:\Users\midoa\Downloads\letsfly_full_source_both\Windows\client\client_app.py", line 516 in worker
  File "C:\Users\midoa\AppData\Local\Python\pythoncore-3.14-64\Lib\threading.py", line 1024 in run
  File "C:\Users\midoa\AppData\Local\Python\pythoncore-3.14-64\Lib\threading.py", line 1082 in _bootstrap_inner
  File "C:\Users\midoa\AppData\Local\Python\pythoncore-3.14-64\Lib\threading.py", line 1044 in _bootstrap

Current thread 0x0000351c (most recent call first):
  File "C:\Users\midoa\Downloads\letsfly_full_source_both\Windows\client\main.py", line 132 in main
  File "C:\Users\midoa\Downloads\letsfly_full_source_both\Windows\client\main.py", line 135 in <module>

Current thread's C stack trace (most recent call first):
  <cannot get C stack on this system>
Windows fatal exception: code 0x8001010d

Thread 0x0000330c [Thread-1 (worker)] (most recent call first):
  File "C:\Users\midoa\AppData\Local\Python\pythoncore-3.14-64\Lib\socket.py", line 987 in getaddrinfo
  File "C:\Users\midoa\AppData\Local\Python\pythoncore-3.14-64\Lib\socket.py", line 850 in create_connection
  File "C:\Users\midoa\Downloads\letsfly_full_source_both\Windows\.venv\Lib\site-packages\httpcore\_backends\sync.py", line 208 in connect_tcp
  File "C:\Users\midoa\Downloads\letsfly_full_source_both\Windows\.venv\Lib\site-packages\httpcore\_sync\connection.py", line 124 in _connect
  File "C:\Users\midoa\Downloads\letsfly_full_source_both\Windows\.venv\Lib\site-packages\httpcore\_sync\connection.py", line 78 in handle_request
  File "C:\Users\midoa\Downloads\letsfly_full_source_both\Windows\.venv\Lib\site-packages\httpcore\_sync\connection_pool.py", line 236 in handle_request
  File "C:\Users\midoa\Downloads\letsfly_full_source_both\Windows\.venv\Lib\site-packages\httpx\_transports\default.py", line 250 in handle_request
  File "C:\Users\midoa\Downloads\letsfly_full_source_both\Windows\.venv\Lib\site-packages\httpx\_client.py", line 1014 in _send_single_request
  File "C:\Users\midoa\Downloads\letsfly_full_source_both\Windows\.venv\Lib\site-packages\httpx\_client.py", line 979 in _send_handling_redirects
  File "C:\Users\midoa\Downloads\letsfly_full_source_both\Windows\.venv\Lib\site-packages\httpx\_client.py", line 942 in _send_handling_auth
  File "C:\Users\midoa\Downloads\letsfly_full_source_both\Windows\.venv\Lib\site-packages\httpx\_client.py", line 914 in send
  File "C:\Users\midoa\Downloads\letsfly_full_source_both\Windows\.venv\Lib\site-packages\httpx\_client.py", line 825 in request
  File "C:\Users\midoa\Downloads\letsfly_full_source_both\Windows\client\network\api_client.py", line 38 in _request
  File "C:\Users\midoa\Downloads\letsfly_full_source_both\Windows\client\network\api_client.py", line 78 in me
  File "C:\Users\midoa\Downloads\letsfly_full_source_both\Windows\client\client_app.py", line 516 in worker
  File "C:\Users\midoa\AppData\Local\Python\pythoncore-3.14-64\Lib\threading.py", line 1024 in run
  File "C:\Users\midoa\AppData\Local\Python\pythoncore-3.14-64\Lib\threading.py", line 1082 in _bootstrap_inner
  File "C:\Users\midoa\AppData\Local\Python\pythoncore-3.14-64\Lib\threading.py", line 1044 in _bootstrap

Current thread 0x00002754 (most recent call first):
  File "C:\Users\midoa\Downloads\letsfly_full_source_both\Windows\client\main.py", line 132 in main
  File "C:\Users\midoa\Downloads\letsfly_full_source_both\Windows\client\main.py", line 135 in <module>

Current thread's C stack trace (most recent call first):
  <cannot get C stack on this system>
Windows fatal exception: code 0x8001010d

Current thread 0x000030ac (most recent call first):
  File "C:\Users\midoa\Downloads\letsfly_full_source_both\Windows\client\main.py", line 132 in main
  File "C:\Users\midoa\Downloads\letsfly_full_source_both\Windows\client\main.py", line 135 in <module>

Current thread's C stack trace (most recent call first):
  <cannot get C stack on this system>
Windows fatal exception: code 0x8001010d

Thread 0x00001488 [Thread-1 (worker)] (most recent call first):
  File "C:\Users\midoa\AppData\Local\Python\pythoncore-3.14-64\Lib\socket.py", line 859 in create_connection
  File "C:\Users\midoa\Downloads\letsfly_full_source_both\Windows\.venv\Lib\site-packages\httpcore\_backends\sync.py", line 208 in connect_tcp
  File "C:\Users\midoa\Downloads\letsfly_full_source_both\Windows\.venv\Lib\site-packages\httpcore\_sync\connection.py", line 124 in _connect
  File "C:\Users\midoa\Downloads\letsfly_full_source_both\Windows\.venv\Lib\site-packages\httpcore\_sync\connection.py", line 78 in handle_request
  File "C:\Users\midoa\Downloads\letsfly_full_source_both\Windows\.venv\Lib\site-packages\httpcore\_sync\connection_pool.py", line 236 in handle_request
  File "C:\Users\midoa\Downloads\letsfly_full_source_both\Windows\.venv\Lib\site-packages\httpx\_transports\default.py", line 250 in handle_request
  File "C:\Users\midoa\Downloads\letsfly_full_source_both\Windows\.venv\Lib\site-packages\httpx\_client.py", line 1014 in _send_single_request
  File "C:\Users\midoa\Downloads\letsfly_full_source_both\Windows\.venv\Lib\site-packages\httpx\_client.py", line 979 in _send_handling_redirects
  File "C:\Users\midoa\Downloads\letsfly_full_source_both\Windows\.venv\Lib\site-packages\httpx\_client.py", line 942 in _send_handling_auth
  File "C:\Users\midoa\Downloads\letsfly_full_source_both\Windows\.venv\Lib\site-packages\httpx\_client.py", line 914 in send
  File "C:\Users\midoa\Downloads\letsfly_full_source_both\Windows\.venv\Lib\site-packages\httpx\_client.py", line 825 in request
  File "C:\Users\midoa\Downloads\letsfly_full_source_both\Windows\client\network\api_client.py", line 38 in _request
  File "C:\Users\midoa\Downloads\letsfly_full_source_both\Windows\client\network\api_client.py", line 78 in me
  File "C:\Users\midoa\Downloads\letsfly_full_source_both\Windows\client\client_app.py", line 516 in worker
  File "C:\Users\midoa\AppData\Local\Python\pythoncore-3.14-64\Lib\threading.py", line 1024 in run
  File "C:\Users\midoa\AppData\Local\Python\pythoncore-3.14-64\Lib\threading.py", line 1082 in _bootstrap_inner
  File "C:\Users\midoa\AppData\Local\Python\pythoncore-3.14-64\Lib\threading.py", line 1044 in _bootstrap

Current thread 0x00002b7c (most recent call first):
  File "C:\Users\midoa\Downloads\letsfly_full_source_both\Windows\client\main.py", line 132 in main
  File "C:\Users\midoa\Downloads\letsfly_full_source_both\Windows\client\main.py", line 135 in <module>

Current thread's C stack trace (most recent call first):
  <cannot get C stack on this system>
Windows fatal exception: code 0x8001010d

Thread 0x000018fc [Thread-1 (worker)] (most recent call first):
  File "C:\Users\midoa\AppData\Local\Python\pythoncore-3.14-64\Lib\socket.py", line 987 in getaddrinfo
  File "C:\Users\midoa\AppData\Local\Python\pythoncore-3.14-64\Lib\socket.py", line 850 in create_connection
  File "C:\Users\midoa\Downloads\letsfly_full_source_both\Windows\.venv\Lib\site-packages\httpcore\_backends\sync.py", line 208 in connect_tcp
  File "C:\Users\midoa\Downloads\letsfly_full_source_both\Windows\.venv\Lib\site-packages\httpcore\_sync\connection.py", line 124 in _connect
  File "C:\Users\midoa\Downloads\letsfly_full_source_both\Windows\.venv\Lib\site-packages\httpcore\_sync\connection.py", line 78 in handle_request
  File "C:\Users\midoa\Downloads\letsfly_full_source_both\Windows\.venv\Lib\site-packages\httpcore\_sync\connection_pool.py", line 236 in handle_request
  File "C:\Users\midoa\Downloads\letsfly_full_source_both\Windows\.venv\Lib\site-packages\httpx\_transports\default.py", line 250 in handle_request
  File "C:\Users\midoa\Downloads\letsfly_full_source_both\Windows\.venv\Lib\site-packages\httpx\_client.py", line 1014 in _send_single_request
  File "C:\Users\midoa\Downloads\letsfly_full_source_both\Windows\.venv\Lib\site-packages\httpx\_client.py", line 979 in _send_handling_redirects
  File "C:\Users\midoa\Downloads\letsfly_full_source_both\Windows\.venv\Lib\site-packages\httpx\_client.py", line 942 in _send_handling_auth
  File "C:\Users\midoa\Downloads\letsfly_full_source_both\Windows\.venv\Lib\site-packages\httpx\_client.py", line 914 in send
  File "C:\Users\midoa\Downloads\letsfly_full_source_both\Windows\.venv\Lib\site-packages\httpx\_client.py", line 825 in request
  File "C:\Users\midoa\Downloads\letsfly_full_source_both\Windows\client\network\api_client.py", line 38 in _request
  File "C:\Users\midoa\Downloads\letsfly_full_source_both\Windows\client\network\api_client.py", line 78 in me
  File "C:\Users\midoa\Downloads\letsfly_full_source_both\Windows\client\client_app.py", line 517 in worker
  File "C:\Users\midoa\AppData\Local\Python\pythoncore-3.14-64\Lib\threading.py", line 1024 in run
  File "C:\Users\midoa\AppData\Local\Python\pythoncore-3.14-64\Lib\threading.py", line 1082 in _bootstrap_inner
  File "C:\Users\midoa\AppData\Local\Python\pythoncore-3.14-64\Lib\threading.py", line 1044 in _bootstrap

Current thread 0x00002914 (most recent call first):
  File "C:\Users\midoa\Downloads\letsfly_full_source_both\Windows\client\main.py", line 132 in main
  File "C:\Users\midoa\Downloads\letsfly_full_source_both\Windows\client\main.py", line 135 in <module>

Current thread's C stack trace (most recent call first):
  <cannot get C stack on this system>
Windows fatal exception: code 0x8001010d

Thread 0x000005e0 [Thread-1 (worker)] (most recent call first):
  File "C:\Users\midoa\AppData\Local\Python\pythoncore-3.14-64\Lib\socket.py", line 987 in getaddrinfo
  File "C:\Users\midoa\AppData\Local\Python\pythoncore-3.14-64\Lib\socket.py", line 850 in create_connection
  File "C:\Users\midoa\Downloads\letsfly_full_source_both\Windows\.venv\Lib\site-packages\httpcore\_backends\sync.py", line 208 in connect_tcp
  File "C:\Users\midoa\Downloads\letsfly_full_source_both\Windows\.venv\Lib\site-packages\httpcore\_sync\connection.py", line 124 in _connect
  File "C:\Users\midoa\Downloads\letsfly_full_source_both\Windows\.venv\Lib\site-packages\httpcore\_sync\connection.py", line 78 in handle_request
  File "C:\Users\midoa\Downloads\letsfly_full_source_both\Windows\.venv\Lib\site-packages\httpcore\_sync\connection_pool.py", line 236 in handle_request
  File "C:\Users\midoa\Downloads\letsfly_full_source_both\Windows\.venv\Lib\site-packages\httpx\_transports\default.py", line 250 in handle_request
  File "C:\Users\midoa\Downloads\letsfly_full_source_both\Windows\.venv\Lib\site-packages\httpx\_client.py", line 1014 in _send_single_request
  File "C:\Users\midoa\Downloads\letsfly_full_source_both\Windows\.venv\Lib\site-packages\httpx\_client.py", line 979 in _send_handling_redirects
  File "C:\Users\midoa\Downloads\letsfly_full_source_both\Windows\.venv\Lib\site-packages\httpx\_client.py", line 942 in _send_handling_auth
  File "C:\Users\midoa\Downloads\letsfly_full_source_both\Windows\.venv\Lib\site-packages\httpx\_client.py", line 914 in send
  File "C:\Users\midoa\Downloads\letsfly_full_source_both\Windows\.venv\Lib\site-packages\httpx\_client.py", line 825 in request
  File "C:\Users\midoa\Downloads\letsfly_full_source_both\Windows\client\network\api_client.py", line 38 in _request
  File "C:\Users\midoa\Downloads\letsfly_full_source_both\Windows\client\network\api_client.py", line 78 in me
  File "C:\Users\midoa\Downloads\letsfly_full_source_both\Windows\client\client_app.py", line 517 in worker
  File "C:\Users\midoa\AppData\Local\Python\pythoncore-3.14-64\Lib\threading.py", line 1024 in run
  File "C:\Users\midoa\AppData\Local\Python\pythoncore-3.14-64\Lib\threading.py", line 1082 in _bootstrap_inner
  File "C:\Users\midoa\AppData\Local\Python\pythoncore-3.14-64\Lib\threading.py", line 1044 in _bootstrap

Current thread 0x0000305c (most recent call first):
  File "C:\Users\midoa\Downloads\letsfly_full_source_both\Windows\client\main.py", line 132 in main
  File "C:\Users\midoa\Downloads\letsfly_full_source_both\Windows\client\main.py", line 135 in <module>

Current thread's C stack trace (most recent call first):
  <cannot get C stack on this system>
Windows fatal exception: code 0x8001010d

Thread 0x00002c94 [Thread-1 (worker)] (most recent call first):
  File "C:\Users\midoa\AppData\Local\Python\pythoncore-3.14-64\Lib\socket.py", line 987 in getaddrinfo
  File "C:\Users\midoa\AppData\Local\Python\pythoncore-3.14-64\Lib\socket.py", line 850 in create_connection
  File "C:\Users\midoa\Downloads\letsfly_full_source_both\Windows\.venv\Lib\site-packages\httpcore\_backends\sync.py", line 208 in connect_tcp
  File "C:\Users\midoa\Downloads\letsfly_full_source_both\Windows\.venv\Lib\site-packages\httpcore\_sync\connection.py", line 124 in _connect
  File "C:\Users\midoa\Downloads\letsfly_full_source_both\Windows\.venv\Lib\site-packages\httpcore\_sync\connection.py", line 78 in handle_request
  File "C:\Users\midoa\Downloads\letsfly_full_source_both\Windows\.venv\Lib\site-packages\httpcore\_sync\connection_pool.py", line 236 in handle_request
  File "C:\Users\midoa\Downloads\letsfly_full_source_both\Windows\.venv\Lib\site-packages\httpx\_transports\default.py", line 250 in handle_request
  File "C:\Users\midoa\Downloads\letsfly_full_source_both\Windows\.venv\Lib\site-packages\httpx\_client.py", line 1014 in _send_single_request
  File "C:\Users\midoa\Downloads\letsfly_full_source_both\Windows\.venv\Lib\site-packages\httpx\_client.py", line 979 in _send_handling_redirects
  File "C:\Users\midoa\Downloads\letsfly_full_source_both\Windows\.venv\Lib\site-packages\httpx\_client.py", line 942 in _send_handling_auth
  File "C:\Users\midoa\Downloads\letsfly_full_source_both\Windows\.venv\Lib\site-packages\httpx\_client.py", line 914 in send
  File "C:\Users\midoa\Downloads\letsfly_full_source_both\Windows\.venv\Lib\site-packages\httpx\_client.py", line 825 in request
  File "C:\Users\midoa\Downloads\letsfly_full_source_both\Windows\client\network\api_client.py", line 38 in _request
  File "C:\Users\midoa\Downloads\letsfly_full_source_both\Windows\client\network\api_client.py", line 78 in me
  File "C:\Users\midoa\Downloads\letsfly_full_source_both\Windows\client\client_app.py", line 517 in worker
  File "C:\Users\midoa\AppData\Local\Python\pythoncore-3.14-64\Lib\threading.py", line 1024 in run
  File "C:\Users\midoa\AppData\Local\Python\pythoncore-3.14-64\Lib\threading.py", line 1082 in _bootstrap_inner
  File "C:\Users\midoa\AppData\Local\Python\pythoncore-3.14-64\Lib\threading.py", line 1044 in _bootstrap

Current thread 0x00003778 (most recent call first):
  File "C:\Users\midoa\Downloads\letsfly_full_source_both\Windows\client\main.py", line 132 in main
  File "C:\Users\midoa\Downloads\letsfly_full_source_both\Windows\client\main.py", line 135 in <module>

Current thread's C stack trace (most recent call first):
  <cannot get C stack on this system>
Windows fatal exception: code 0x8001010d

Thread 0x00001c98 [Thread-1 (worker)] (most recent call first):
  File "C:\Users\midoa\AppData\Local\Python\pythoncore-3.14-64\Lib\socket.py", line 859 in create_connection
  File "C:\Users\midoa\Downloads\letsfly_full_source_both\Windows\.venv\Lib\site-packages\httpcore\_backends\sync.py", line 208 in connect_tcp
  File "C:\Users\midoa\Downloads\letsfly_full_source_both\Windows\.venv\Lib\site-packages\httpcore\_sync\connection.py", line 124 in _connect
  File "C:\Users\midoa\Downloads\letsfly_full_source_both\Windows\.venv\Lib\site-packages\httpcore\_sync\connection.py", line 78 in handle_request
  File "C:\Users\midoa\Downloads\letsfly_full_source_both\Windows\.venv\Lib\site-packages\httpcore\_sync\connection_pool.py", line 236 in handle_request
  File "C:\Users\midoa\Downloads\letsfly_full_source_both\Windows\.venv\Lib\site-packages\httpx\_transports\default.py", line 250 in handle_request
  File "C:\Users\midoa\Downloads\letsfly_full_source_both\Windows\.venv\Lib\site-packages\httpx\_client.py", line 1014 in _send_single_request
  File "C:\Users\midoa\Downloads\letsfly_full_source_both\Windows\.venv\Lib\site-packages\httpx\_client.py", line 979 in _send_handling_redirects
  File "C:\Users\midoa\Downloads\letsfly_full_source_both\Windows\.venv\Lib\site-packages\httpx\_client.py", line 942 in _send_handling_auth
  File "C:\Users\midoa\Downloads\letsfly_full_source_both\Windows\.venv\Lib\site-packages\httpx\_client.py", line 914 in send
  File "C:\Users\midoa\Downloads\letsfly_full_source_both\Windows\.venv\Lib\site-packages\httpx\_client.py", line 825 in request
  File "C:\Users\midoa\Downloads\letsfly_full_source_both\Windows\client\network\api_client.py", line 38 in _request
  File "C:\Users\midoa\Downloads\letsfly_full_source_both\Windows\client\network\api_client.py", line 78 in me
  File "C:\Users\midoa\Downloads\letsfly_full_source_both\Windows\client\client_app.py", line 517 in worker
  File "C:\Users\midoa\AppData\Local\Python\pythoncore-3.14-64\Lib\threading.py", line 1024 in run
  File "C:\Users\midoa\AppData\Local\Python\pythoncore-3.14-64\Lib\threading.py", line 1082 in _bootstrap_inner
  File "C:\Users\midoa\AppData\Local\Python\pythoncore-3.14-64\Lib\threading.py", line 1044 in _bootstrap

Current thread 0x000026b0 (most recent call first):
  File "C:\Users\midoa\Downloads\letsfly_full_source_both\Windows\client\main.py", line 132 in main
  File "C:\Users\midoa\Downloads\letsfly_full_source_both\Windows\client\main.py", line 135 in <module>

Current thread's C stack trace (most recent call first):
  <cannot get C stack on this system>
Windows fatal exception: code 0x8001010d

Thread 0x00002e30 [Thread-1 (worker)] (most recent call first):
  File "C:\Users\midoa\AppData\Local\Python\pythoncore-3.14-64\Lib\socket.py", line 987 in getaddrinfo
  File "C:\Users\midoa\AppData\Local\Python\pythoncore-3.14-64\Lib\socket.py", line 850 in create_connection
  File "C:\Users\midoa\Downloads\letsfly_full_source_both\Windows\.venv\Lib\site-packages\httpcore\_backends\sync.py", line 208 in connect_tcp
  File "C:\Users\midoa\Downloads\letsfly_full_source_both\Windows\.venv\Lib\site-packages\httpcore\_sync\connection.py", line 124 in _connect
  File "C:\Users\midoa\Downloads\letsfly_full_source_both\Windows\.venv\Lib\site-packages\httpcore\_sync\connection.py", line 78 in handle_request
  File "C:\Users\midoa\Downloads\letsfly_full_source_both\Windows\.venv\Lib\site-packages\httpcore\_sync\connection_pool.py", line 236 in handle_request
  File "C:\Users\midoa\Downloads\letsfly_full_source_both\Windows\.venv\Lib\site-packages\httpx\_transports\default.py", line 250 in handle_request
  File "C:\Users\midoa\Downloads\letsfly_full_source_both\Windows\.venv\Lib\site-packages\httpx\_client.py", line 1014 in _send_single_request
  File "C:\Users\midoa\Downloads\letsfly_full_source_both\Windows\.venv\Lib\site-packages\httpx\_client.py", line 979 in _send_handling_redirects
  File "C:\Users\midoa\Downloads\letsfly_full_source_both\Windows\.venv\Lib\site-packages\httpx\_client.py", line 942 in _send_handling_auth
  File "C:\Users\midoa\Downloads\letsfly_full_source_both\Windows\.venv\Lib\site-packages\httpx\_client.py", line 914 in send
  File "C:\Users\midoa\Downloads\letsfly_full_source_both\Windows\.venv\Lib\site-packages\httpx\_client.py", line 825 in request
  File "C:\Users\midoa\Downloads\letsfly_full_source_both\Windows\client\network\api_client.py", line 38 in _request
  File "C:\Users\midoa\Downloads\letsfly_full_source_both\Windows\client\network\api_client.py", line 78 in me
  File "C:\Users\midoa\Downloads\letsfly_full_source_both\Windows\client\client_app.py", line 517 in worker
  File "C:\Users\midoa\AppData\Local\Python\pythoncore-3.14-64\Lib\threading.py", line 1024 in run
  File "C:\Users\midoa\AppData\Local\Python\pythoncore-3.14-64\Lib\threading.py", line 1082 in _bootstrap_inner
  File "C:\Users\midoa\AppData\Local\Python\pythoncore-3.14-64\Lib\threading.py", line 1044 in _bootstrap

Current thread 0x000030f4 (most recent call first):
  File "C:\Users\midoa\Downloads\letsfly_full_source_both\Windows\client\main.py", line 132 in main
  File "C:\Users\midoa\Downloads\letsfly_full_source_both\Windows\client\main.py", line 135 in <module>

Current thread's C stack trace (most recent call first):
  <cannot get C stack on this system>
Windows fatal exception: code 0x8001010d

Thread 0x00001434 [Thread-1 (worker)] (most recent call first):
  File "C:\Users\midoa\AppData\Local\Python\pythoncore-3.14-64\Lib\socket.py", line 859 in create_connection
  File "C:\Users\midoa\Downloads\letsfly_full_source_both\Windows\.venv\Lib\site-packages\httpcore\_backends\sync.py", line 208 in connect_tcp
  File "C:\Users\midoa\Downloads\letsfly_full_source_both\Windows\.venv\Lib\site-packages\httpcore\_sync\connection.py", line 124 in _connect
  File "C:\Users\midoa\Downloads\letsfly_full_source_both\Windows\.venv\Lib\site-packages\httpcore\_sync\connection.py", line 78 in handle_request
  File "C:\Users\midoa\Downloads\letsfly_full_source_both\Windows\.venv\Lib\site-packages\httpcore\_sync\connection_pool.py", line 236 in handle_request
  File "C:\Users\midoa\Downloads\letsfly_full_source_both\Windows\.venv\Lib\site-packages\httpx\_transports\default.py", line 250 in handle_request
  File "C:\Users\midoa\Downloads\letsfly_full_source_both\Windows\.venv\Lib\site-packages\httpx\_client.py", line 1014 in _send_single_request
  File "C:\Users\midoa\Downloads\letsfly_full_source_both\Windows\.venv\Lib\site-packages\httpx\_client.py", line 979 in _send_handling_redirects
  File "C:\Users\midoa\Downloads\letsfly_full_source_both\Windows\.venv\Lib\site-packages\httpx\_client.py", line 942 in _send_handling_auth
  File "C:\Users\midoa\Downloads\letsfly_full_source_both\Windows\.venv\Lib\site-packages\httpx\_client.py", line 914 in send
  File "C:\Users\midoa\Downloads\letsfly_full_source_both\Windows\.venv\Lib\site-packages\httpx\_client.py", line 825 in request
  File "C:\Users\midoa\Downloads\letsfly_full_source_both\Windows\client\network\api_client.py", line 38 in _request
  File "C:\Users\midoa\Downloads\letsfly_full_source_both\Windows\client\network\api_client.py", line 78 in me
  File "C:\Users\midoa\Downloads\letsfly_full_source_both\Windows\client\client_app.py", line 517 in worker
  File "C:\Users\midoa\AppData\Local\Python\pythoncore-3.14-64\Lib\threading.py", line 1024 in run
  File "C:\Users\midoa\AppData\Local\Python\pythoncore-3.14-64\Lib\threading.py", line 1082 in _bootstrap_inner
  File "C:\Users\midoa\AppData\Local\Python\pythoncore-3.14-64\Lib\threading.py", line 1044 in _bootstrap

Current thread 0x00001eb0 (most recent call first):
  File "C:\Users\midoa\Downloads\letsfly_full_source_both\Windows\client\main.py", line 132 in main
  File "C:\Users\midoa\Downloads\letsfly_full_source_both\Windows\client\main.py", line 135 in <module>

Current thread's C stack trace (most recent call first):
  <cannot get C stack on this system>
Windows fatal exception: code 0x8001010d

Thread 0x000007ec [Thread-1 (worker)] (most recent call first):
  File "C:\Users\midoa\AppData\Local\Python\pythoncore-3.14-64\Lib\socket.py", line 987 in getaddrinfo
  File "C:\Users\midoa\AppData\Local\Python\pythoncore-3.14-64\Lib\socket.py", line 850 in create_connection
  File "C:\Users\midoa\Downloads\letsfly_full_source_both\Windows\.venv\Lib\site-packages\httpcore\_backends\sync.py", line 208 in connect_tcp
  File "C:\Users\midoa\Downloads\letsfly_full_source_both\Windows\.venv\Lib\site-packages\httpcore\_sync\connection.py", line 124 in _connect
  File "C:\Users\midoa\Downloads\letsfly_full_source_both\Windows\.venv\Lib\site-packages\httpcore\_sync\connection.py", line 78 in handle_request
  File "C:\Users\midoa\Downloads\letsfly_full_source_both\Windows\.venv\Lib\site-packages\httpcore\_sync\connection_pool.py", line 236 in handle_request
  File "C:\Users\midoa\Downloads\letsfly_full_source_both\Windows\.venv\Lib\site-packages\httpx\_transports\default.py", line 250 in handle_request
  File "C:\Users\midoa\Downloads\letsfly_full_source_both\Windows\.venv\Lib\site-packages\httpx\_client.py", line 1014 in _send_single_request
  File "C:\Users\midoa\Downloads\letsfly_full_source_both\Windows\.venv\Lib\site-packages\httpx\_client.py", line 979 in _send_handling_redirects
  File "C:\Users\midoa\Downloads\letsfly_full_source_both\Windows\.venv\Lib\site-packages\httpx\_client.py", line 942 in _send_handling_auth
  File "C:\Users\midoa\Downloads\letsfly_full_source_both\Windows\.venv\Lib\site-packages\httpx\_client.py", line 914 in send
  File "C:\Users\midoa\Downloads\letsfly_full_source_both\Windows\.venv\Lib\site-packages\httpx\_client.py", line 825 in request
  File "C:\Users\midoa\Downloads\letsfly_full_source_both\Windows\client\network\api_client.py", line 38 in _request
  File "C:\Users\midoa\Downloads\letsfly_full_source_both\Windows\client\network\api_client.py", line 78 in me
  File "C:\Users\midoa\Downloads\letsfly_full_source_both\Windows\client\client_app.py", line 517 in worker
  File "C:\Users\midoa\AppData\Local\Python\pythoncore-3.14-64\Lib\threading.py", line 1024 in run
  File "C:\Users\midoa\AppData\Local\Python\pythoncore-3.14-64\Lib\threading.py", line 1082 in _bootstrap_inner
  File "C:\Users\midoa\AppData\Local\Python\pythoncore-3.14-64\Lib\threading.py", line 1044 in _bootstrap

Current thread 0x00002558 (most recent call first):
  File "C:\Users\midoa\Downloads\letsfly_full_source_both\Windows\client\main.py", line 132 in main
  File "C:\Users\midoa\Downloads\letsfly_full_source_both\Windows\client\main.py", line 135 in <module>

Current thread's C stack trace (most recent call first):
  <cannot get C stack on this system>
Windows fatal exception: code 0x8001010d

Thread 0x00002304 [Thread-1 (worker)] (most recent call first):
  File "C:\Users\midoa\AppData\Local\Python\pythoncore-3.14-64\Lib\socket.py", line 987 in getaddrinfo
  File "C:\Users\midoa\AppData\Local\Python\pythoncore-3.14-64\Lib\socket.py", line 850 in create_connection
  File "C:\Users\midoa\Downloads\letsfly_full_source_both\Windows\.venv\Lib\site-packages\httpcore\_backends\sync.py", line 208 in connect_tcp
  File "C:\Users\midoa\Downloads\letsfly_full_source_both\Windows\.venv\Lib\site-packages\httpcore\_sync\connection.py", line 124 in _connect
  File "C:\Users\midoa\Downloads\letsfly_full_source_both\Windows\.venv\Lib\site-packages\httpcore\_sync\connection.py", line 78 in handle_request
  File "C:\Users\midoa\Downloads\letsfly_full_source_both\Windows\.venv\Lib\site-packages\httpcore\_sync\connection_pool.py", line 236 in handle_request
  File "C:\Users\midoa\Downloads\letsfly_full_source_both\Windows\.venv\Lib\site-packages\httpx\_transports\default.py", line 250 in handle_request
  File "C:\Users\midoa\Downloads\letsfly_full_source_both\Windows\.venv\Lib\site-packages\httpx\_client.py", line 1014 in _send_single_request
  File "C:\Users\midoa\Downloads\letsfly_full_source_both\Windows\.venv\Lib\site-packages\httpx\_client.py", line 979 in _send_handling_redirects
  File "C:\Users\midoa\Downloads\letsfly_full_source_both\Windows\.venv\Lib\site-packages\httpx\_client.py", line 942 in _send_handling_auth
  File "C:\Users\midoa\Downloads\letsfly_full_source_both\Windows\.venv\Lib\site-packages\httpx\_client.py", line 914 in send
  File "C:\Users\midoa\Downloads\letsfly_full_source_both\Windows\.venv\Lib\site-packages\httpx\_client.py", line 825 in request
  File "C:\Users\midoa\Downloads\letsfly_full_source_both\Windows\client\network\api_client.py", line 38 in _request
  File "C:\Users\midoa\Downloads\letsfly_full_source_both\Windows\client\network\api_client.py", line 78 in me
  File "C:\Users\midoa\Downloads\letsfly_full_source_both\Windows\client\client_app.py", line 517 in worker
  File "C:\Users\midoa\AppData\Local\Python\pythoncore-3.14-64\Lib\threading.py", line 1024 in run
  File "C:\Users\midoa\AppData\Local\Python\pythoncore-3.14-64\Lib\threading.py", line 1082 in _bootstrap_inner
  File "C:\Users\midoa\AppData\Local\Python\pythoncore-3.14-64\Lib\threading.py", line 1044 in _bootstrap

Current thread 0x00002a90 (most recent call first):
  File "C:\Users\midoa\Downloads\letsfly_full_source_both\Windows\client\main.py", line 132 in main
  File "C:\Users\midoa\Downloads\letsfly_full_source_both\Windows\client\main.py", line 135 in <module>

Current thread's C stack trace (most recent call first):
  <cannot get C stack on this system>
Windows fatal exception: code 0x8001010d

Thread 0x0000373c [Thread-1 (worker)] (most recent call first):
  File "C:\Users\midoa\AppData\Local\Python\pythoncore-3.14-64\Lib\socket.py", line 987 in getaddrinfo
  File "C:\Users\midoa\AppData\Local\Python\pythoncore-3.14-64\Lib\socket.py", line 850 in create_connection
  File "C:\Users\midoa\Downloads\letsfly_full_source_both\Windows\.venv\Lib\site-packages\httpcore\_backends\sync.py", line 208 in connect_tcp
  File "C:\Users\midoa\Downloads\letsfly_full_source_both\Windows\.venv\Lib\site-packages\httpcore\_sync\connection.py", line 124 in _connect
  File "C:\Users\midoa\Downloads\letsfly_full_source_both\Windows\.venv\Lib\site-packages\httpcore\_sync\connection.py", line 78 in handle_request
  File "C:\Users\midoa\Downloads\letsfly_full_source_both\Windows\.venv\Lib\site-packages\httpcore\_sync\connection_pool.py", line 236 in handle_request
  File "C:\Users\midoa\Downloads\letsfly_full_source_both\Windows\.venv\Lib\site-packages\httpx\_transports\default.py", line 250 in handle_request
  File "C:\Users\midoa\Downloads\letsfly_full_source_both\Windows\.venv\Lib\site-packages\httpx\_client.py", line 1014 in _send_single_request
  File "C:\Users\midoa\Downloads\letsfly_full_source_both\Windows\.venv\Lib\site-packages\httpx\_client.py", line 979 in _send_handling_redirects
  File "C:\Users\midoa\Downloads\letsfly_full_source_both\Windows\.venv\Lib\site-packages\httpx\_client.py", line 942 in _send_handling_auth
  File "C:\Users\midoa\Downloads\letsfly_full_source_both\Windows\.venv\Lib\site-packages\httpx\_client.py", line 914 in send
  File "C:\Users\midoa\Downloads\letsfly_full_source_both\Windows\.venv\Lib\site-packages\httpx\_client.py", line 825 in request
  File "C:\Users\midoa\Downloads\letsfly_full_source_both\Windows\client\network\api_client.py", line 38 in _request
  File "C:\Users\midoa\Downloads\letsfly_full_source_both\Windows\client\network\api_client.py", line 78 in me
  File "C:\Users\midoa\Downloads\letsfly_full_source_both\Windows\client\client_app.py", line 517 in worker
  File "C:\Users\midoa\AppData\Local\Python\pythoncore-3.14-64\Lib\threading.py", line 1024 in run
  File "C:\Users\midoa\AppData\Local\Python\pythoncore-3.14-64\Lib\threading.py", line 1082 in _bootstrap_inner
  File "C:\Users\midoa\AppData\Local\Python\pythoncore-3.14-64\Lib\threading.py", line 1044 in _bootstrap

Current thread 0x00002634 (most recent call first):
  File "C:\Users\midoa\Downloads\letsfly_full_source_both\Windows\client\main.py", line 132 in main
  File "C:\Users\midoa\Downloads\letsfly_full_source_both\Windows\client\main.py", line 135 in <module>

Current thread's C stack trace (most recent call first):
  <cannot get C stack on this system>
Windows fatal exception: code 0x8001010d

Current thread 0x00002848 (most recent call first):
  File "C:\Users\midoa\Downloads\letsfly_full_source_both\Windows\client\main.py", line 132 in main
  File "C:\Users\midoa\Downloads\letsfly_full_source_both\Windows\client\main.py", line 135 in <module>

Current thread's C stack trace (most recent call first):
  <cannot get C stack on this system>
Windows fatal exception: code 0x8001010d

Thread 0x00002cb4 [Thread-1 (worker)] (most recent call first):
  File "C:\Users\midoa\AppData\Local\Python\pythoncore-3.14-64\Lib\socket.py", line 987 in getaddrinfo
  File "C:\Users\midoa\AppData\Local\Python\pythoncore-3.14-64\Lib\socket.py", line 850 in create_connection
  File "C:\Users\midoa\Downloads\letsfly_full_source_both\Windows\.venv\Lib\site-packages\httpcore\_backends\sync.py", line 208 in connect_tcp
  File "C:\Users\midoa\Downloads\letsfly_full_source_both\Windows\.venv\Lib\site-packages\httpcore\_sync\connection.py", line 124 in _connect
  File "C:\Users\midoa\Downloads\letsfly_full_source_both\Windows\.venv\Lib\site-packages\httpcore\_sync\connection.py", line 78 in handle_request
  File "C:\Users\midoa\Downloads\letsfly_full_source_both\Windows\.venv\Lib\site-packages\httpcore\_sync\connection_pool.py", line 236 in handle_request
  File "C:\Users\midoa\Downloads\letsfly_full_source_both\Windows\.venv\Lib\site-packages\httpx\_transports\default.py", line 250 in handle_request
  File "C:\Users\midoa\Downloads\letsfly_full_source_both\Windows\.venv\Lib\site-packages\httpx\_client.py", line 1014 in _send_single_request
  File "C:\Users\midoa\Downloads\letsfly_full_source_both\Windows\.venv\Lib\site-packages\httpx\_client.py", line 979 in _send_handling_redirects
  File "C:\Users\midoa\Downloads\letsfly_full_source_both\Windows\.venv\Lib\site-packages\httpx\_client.py", line 942 in _send_handling_auth
  File "C:\Users\midoa\Downloads\letsfly_full_source_both\Windows\.venv\Lib\site-packages\httpx\_client.py", line 914 in send
  File "C:\Users\midoa\Downloads\letsfly_full_source_both\Windows\.venv\Lib\site-packages\httpx\_client.py", line 825 in request
  File "C:\Users\midoa\Downloads\letsfly_full_source_both\Windows\client\network\api_client.py", line 38 in _request
  File "C:\Users\midoa\Downloads\letsfly_full_source_both\Windows\client\network\api_client.py", line 78 in me
  File "C:\Users\midoa\Downloads\letsfly_full_source_both\Windows\client\client_app.py", line 517 in worker
  File "C:\Users\midoa\AppData\Local\Python\pythoncore-3.14-64\Lib\threading.py", line 1024 in run
  File "C:\Users\midoa\AppData\Local\Python\pythoncore-3.14-64\Lib\threading.py", line 1082 in _bootstrap_inner
  File "C:\Users\midoa\AppData\Local\Python\pythoncore-3.14-64\Lib\threading.py", line 1044 in _bootstrap

Current thread 0x00003200 (most recent call first):
  File "C:\Users\midoa\Downloads\letsfly_full_source_both\Windows\client\main.py", line 132 in main
  File "C:\Users\midoa\Downloads\letsfly_full_source_both\Windows\client\main.py", line 135 in <module>

Current thread's C stack trace (most recent call first):
  <cannot get C stack on this system>
Windows fatal exception: code 0x8001010d

Thread 0x000027b4 [Thread-1 (worker)] (most recent call first):
  File "C:\Users\midoa\AppData\Local\Python\pythoncore-3.14-64\Lib\socket.py", line 987 in getaddrinfo
  File "C:\Users\midoa\AppData\Local\Python\pythoncore-3.14-64\Lib\socket.py", line 850 in create_connection
  File "C:\Users\midoa\Downloads\letsfly_full_source_both\Windows\.venv\Lib\site-packages\httpcore\_backends\sync.py", line 208 in connect_tcp
  File "C:\Users\midoa\Downloads\letsfly_full_source_both\Windows\.venv\Lib\site-packages\httpcore\_sync\connection.py", line 124 in _connect
  File "C:\Users\midoa\Downloads\letsfly_full_source_both\Windows\.venv\Lib\site-packages\httpcore\_sync\connection.py", line 78 in handle_request
  File "C:\Users\midoa\Downloads\letsfly_full_source_both\Windows\.venv\Lib\site-packages\httpcore\_sync\connection_pool.py", line 236 in handle_request
  File "C:\Users\midoa\Downloads\letsfly_full_source_both\Windows\.venv\Lib\site-packages\httpx\_transports\default.py", line 250 in handle_request
  File "C:\Users\midoa\Downloads\letsfly_full_source_both\Windows\.venv\Lib\site-packages\httpx\_client.py", line 1014 in _send_single_request
  File "C:\Users\midoa\Downloads\letsfly_full_source_both\Windows\.venv\Lib\site-packages\httpx\_client.py", line 979 in _send_handling_redirects
  File "C:\Users\midoa\Downloads\letsfly_full_source_both\Windows\.venv\Lib\site-packages\httpx\_client.py", line 942 in _send_handling_auth
  File "C:\Users\midoa\Downloads\letsfly_full_source_both\Windows\.venv\Lib\site-packages\httpx\_client.py", line 914 in send
  File "C:\Users\midoa\Downloads\letsfly_full_source_both\Windows\.venv\Lib\site-packages\httpx\_client.py", line 825 in request
  File "C:\Users\midoa\Downloads\letsfly_full_source_both\Windows\client\network\api_client.py", line 38 in _request
  File "C:\Users\midoa\Downloads\letsfly_full_source_both\Windows\client\network\api_client.py", line 78 in me
  File "C:\Users\midoa\Downloads\letsfly_full_source_both\Windows\client\client_app.py", line 524 in worker
  File "C:\Users\midoa\AppData\Local\Python\pythoncore-3.14-64\Lib\threading.py", line 1024 in run
  File "C:\Users\midoa\AppData\Local\Python\pythoncore-3.14-64\Lib\threading.py", line 1082 in _bootstrap_inner
  File "C:\Users\midoa\AppData\Local\Python\pythoncore-3.14-64\Lib\threading.py", line 1044 in _bootstrap

Current thread 0x00000938 (most recent call first):
  File "C:\Users\midoa\Downloads\letsfly_full_source_both\Windows\client\main.py", line 132 in main
  File "C:\Users\midoa\Downloads\letsfly_full_source_both\Windows\client\main.py", line 135 in <module>

Current thread's C stack trace (most recent call first):
  <cannot get C stack on this system>
Windows fatal exception: code 0x8001010d

Thread 0x00001c08 [Thread-1 (worker)] (most recent call first):
  File "C:\Users\midoa\AppData\Local\Python\pythoncore-3.14-64\Lib\socket.py", line 987 in getaddrinfo
  File "C:\Users\midoa\AppData\Local\Python\pythoncore-3.14-64\Lib\socket.py", line 850 in create_connection
  File "C:\Users\midoa\Downloads\letsfly_full_source_both\Windows\.venv\Lib\site-packages\httpcore\_backends\sync.py", line 208 in connect_tcp
  File "C:\Users\midoa\Downloads\letsfly_full_source_both\Windows\.venv\Lib\site-packages\httpcore\_sync\connection.py", line 124 in _connect
  File "C:\Users\midoa\Downloads\letsfly_full_source_both\Windows\.venv\Lib\site-packages\httpcore\_sync\connection.py", line 78 in handle_request
  File "C:\Users\midoa\Downloads\letsfly_full_source_both\Windows\.venv\Lib\site-packages\httpcore\_sync\connection_pool.py", line 236 in handle_request
  File "C:\Users\midoa\Downloads\letsfly_full_source_both\Windows\.venv\Lib\site-packages\httpx\_transports\default.py", line 250 in handle_request
  File "C:\Users\midoa\Downloads\letsfly_full_source_both\Windows\.venv\Lib\site-packages\httpx\_client.py", line 1014 in _send_single_request
  File "C:\Users\midoa\Downloads\letsfly_full_source_both\Windows\.venv\Lib\site-packages\httpx\_client.py", line 979 in _send_handling_redirects
  File "C:\Users\midoa\Downloads\letsfly_full_source_both\Windows\.venv\Lib\site-packages\httpx\_client.py", line 942 in _send_handling_auth
  File "C:\Users\midoa\Downloads\letsfly_full_source_both\Windows\.venv\Lib\site-packages\httpx\_client.py", line 914 in send
  File "C:\Users\midoa\Downloads\letsfly_full_source_both\Windows\.venv\Lib\site-packages\httpx\_client.py", line 825 in request
  File "C:\Users\midoa\Downloads\letsfly_full_source_both\Windows\client\network\api_client.py", line 38 in _request
  File "C:\Users\midoa\Downloads\letsfly_full_source_both\Windows\client\network\api_client.py", line 78 in me
  File "C:\Users\midoa\Downloads\letsfly_full_source_both\Windows\client\client_app.py", line 524 in worker
  File "C:\Users\midoa\AppData\Local\Python\pythoncore-3.14-64\Lib\threading.py", line 1024 in run
  File "C:\Users\midoa\AppData\Local\Python\pythoncore-3.14-64\Lib\threading.py", line 1082 in _bootstrap_inner
  File "C:\Users\midoa\AppData\Local\Python\pythoncore-3.14-64\Lib\threading.py", line 1044 in _bootstrap

Current thread 0x00002a94 (most recent call first):
  File "C:\Users\midoa\Downloads\letsfly_full_source_both\Windows\client\main.py", line 132 in main
  File "C:\Users\midoa\Downloads\letsfly_full_source_both\Windows\client\main.py", line 135 in <module>

Current thread's C stack trace (most recent call first):
  <cannot get C stack on this system>
Windows fatal exception: code 0x8001010d

Thread 0x0000372c [Thread-1 (worker)] (most recent call first):
  File "C:\Users\midoa\AppData\Local\Python\pythoncore-3.14-64\Lib\socket.py", line 987 in getaddrinfo
  File "C:\Users\midoa\AppData\Local\Python\pythoncore-3.14-64\Lib\socket.py", line 850 in create_connection
  File "C:\Users\midoa\Downloads\letsfly_full_source_both\Windows\.venv\Lib\site-packages\httpcore\_backends\sync.py", line 208 in connect_tcp
  File "C:\Users\midoa\Downloads\letsfly_full_source_both\Windows\.venv\Lib\site-packages\httpcore\_sync\connection.py", line 124 in _connect
  File "C:\Users\midoa\Downloads\letsfly_full_source_both\Windows\.venv\Lib\site-packages\httpcore\_sync\connection.py", line 78 in handle_request
  File "C:\Users\midoa\Downloads\letsfly_full_source_both\Windows\.venv\Lib\site-packages\httpcore\_sync\connection_pool.py", line 236 in handle_request
  File "C:\Users\midoa\Downloads\letsfly_full_source_both\Windows\.venv\Lib\site-packages\httpx\_transports\default.py", line 250 in handle_request
  File "C:\Users\midoa\Downloads\letsfly_full_source_both\Windows\.venv\Lib\site-packages\httpx\_client.py", line 1014 in _send_single_request
  File "C:\Users\midoa\Downloads\letsfly_full_source_both\Windows\.venv\Lib\site-packages\httpx\_client.py", line 979 in _send_handling_redirects
  File "C:\Users\midoa\Downloads\letsfly_full_source_both\Windows\.venv\Lib\site-packages\httpx\_client.py", line 942 in _send_handling_auth
  File "C:\Users\midoa\Downloads\letsfly_full_source_both\Windows\.venv\Lib\site-packages\httpx\_client.py", line 914 in send
  File "C:\Users\midoa\Downloads\letsfly_full_source_both\Windows\.venv\Lib\site-packages\httpx\_client.py", line 825 in request
  File "C:\Users\midoa\Downloads\letsfly_full_source_both\Windows\client\network\api_client.py", line 38 in _request
  File "C:\Users\midoa\Downloads\letsfly_full_source_both\Windows\client\network\api_client.py", line 78 in me
  File "C:\Users\midoa\Downloads\letsfly_full_source_both\Windows\client\client_app.py", line 524 in worker
  File "C:\Users\midoa\AppData\Local\Python\pythoncore-3.14-64\Lib\threading.py", line 1024 in run
  File "C:\Users\midoa\AppData\Local\Python\pythoncore-3.14-64\Lib\threading.py", line 1082 in _bootstrap_inner
  File "C:\Users\midoa\AppData\Local\Python\pythoncore-3.14-64\Lib\threading.py", line 1044 in _bootstrap

Current thread 0x00001fd8 (most recent call first):
  File "C:\Users\midoa\Downloads\letsfly_full_source_both\Windows\client\main.py", line 132 in main
  File "C:\Users\midoa\Downloads\letsfly_full_source_both\Windows\client\main.py", line 135 in <module>

Current thread's C stack trace (most recent call first):
  <cannot get C stack on this system>
Windows fatal exception: code 0x8001010d

Thread 0x000025e8 [Thread-1 (worker)] (most recent call first):
  File "C:\Users\midoa\AppData\Local\Python\pythoncore-3.14-64\Lib\socket.py", line 987 in getaddrinfo
  File "C:\Users\midoa\AppData\Local\Python\pythoncore-3.14-64\Lib\socket.py", line 850 in create_connection
  File "C:\Users\midoa\Downloads\letsfly_full_source_both\Windows\.venv\Lib\site-packages\httpcore\_backends\sync.py", line 208 in connect_tcp
  File "C:\Users\midoa\Downloads\letsfly_full_source_both\Windows\.venv\Lib\site-packages\httpcore\_sync\connection.py", line 124 in _connect
  File "C:\Users\midoa\Downloads\letsfly_full_source_both\Windows\.venv\Lib\site-packages\httpcore\_sync\connection.py", line 78 in handle_request
  File "C:\Users\midoa\Downloads\letsfly_full_source_both\Windows\.venv\Lib\site-packages\httpcore\_sync\connection_pool.py", line 236 in handle_request
  File "C:\Users\midoa\Downloads\letsfly_full_source_both\Windows\.venv\Lib\site-packages\httpx\_transports\default.py", line 250 in handle_request
  File "C:\Users\midoa\Downloads\letsfly_full_source_both\Windows\.venv\Lib\site-packages\httpx\_client.py", line 1014 in _send_single_request
  File "C:\Users\midoa\Downloads\letsfly_full_source_both\Windows\.venv\Lib\site-packages\httpx\_client.py", line 979 in _send_handling_redirects
  File "C:\Users\midoa\Downloads\letsfly_full_source_both\Windows\.venv\Lib\site-packages\httpx\_client.py", line 942 in _send_handling_auth
  File "C:\Users\midoa\Downloads\letsfly_full_source_both\Windows\.venv\Lib\site-packages\httpx\_client.py", line 914 in send
  File "C:\Users\midoa\Downloads\letsfly_full_source_both\Windows\.venv\Lib\site-packages\httpx\_client.py", line 825 in request
  File "C:\Users\midoa\Downloads\letsfly_full_source_both\Windows\client\network\api_client.py", line 38 in _request
  File "C:\Users\midoa\Downloads\letsfly_full_source_both\Windows\client\network\api_client.py", line 78 in me
  File "C:\Users\midoa\Downloads\letsfly_full_source_both\Windows\client\client_app.py", line 524 in worker
  File "C:\Users\midoa\AppData\Local\Python\pythoncore-3.14-64\Lib\threading.py", line 1024 in run
  File "C:\Users\midoa\AppData\Local\Python\pythoncore-3.14-64\Lib\threading.py", line 1082 in _bootstrap_inner
  File "C:\Users\midoa\AppData\Local\Python\pythoncore-3.14-64\Lib\threading.py", line 1044 in _bootstrap

Current thread 0x00001cd4 (most recent call first):
  File "C:\Users\midoa\Downloads\letsfly_full_source_both\Windows\client\main.py", line 132 in main
  File "C:\Users\midoa\Downloads\letsfly_full_source_both\Windows\client\main.py", line 135 in <module>

Current thread's C stack trace (most recent call first):
  <cannot get C stack on this system>
Windows fatal exception: code 0x8001010d

Thread 0x0000278c [Thread-1 (worker)] (most recent call first):
  File "C:\Users\midoa\AppData\Local\Python\pythoncore-3.14-64\Lib\socket.py", line 987 in getaddrinfo
  File "C:\Users\midoa\AppData\Local\Python\pythoncore-3.14-64\Lib\socket.py", line 850 in create_connection
  File "C:\Users\midoa\Downloads\letsfly_full_source_both\Windows\.venv\Lib\site-packages\httpcore\_backends\sync.py", line 208 in connect_tcp
  File "C:\Users\midoa\Downloads\letsfly_full_source_both\Windows\.venv\Lib\site-packages\httpcore\_sync\connection.py", line 124 in _connect
  File "C:\Users\midoa\Downloads\letsfly_full_source_both\Windows\.venv\Lib\site-packages\httpcore\_sync\connection.py", line 78 in handle_request
  File "C:\Users\midoa\Downloads\letsfly_full_source_both\Windows\.venv\Lib\site-packages\httpcore\_sync\connection_pool.py", line 236 in handle_request
  File "C:\Users\midoa\Downloads\letsfly_full_source_both\Windows\.venv\Lib\site-packages\httpx\_transports\default.py", line 250 in handle_request
  File "C:\Users\midoa\Downloads\letsfly_full_source_both\Windows\.venv\Lib\site-packages\httpx\_client.py", line 1014 in _send_single_request
  File "C:\Users\midoa\Downloads\letsfly_full_source_both\Windows\.venv\Lib\site-packages\httpx\_client.py", line 979 in _send_handling_redirects
  File "C:\Users\midoa\Downloads\letsfly_full_source_both\Windows\.venv\Lib\site-packages\httpx\_client.py", line 942 in _send_handling_auth
  File "C:\Users\midoa\Downloads\letsfly_full_source_both\Windows\.venv\Lib\site-packages\httpx\_client.py", line 914 in send
  File "C:\Users\midoa\Downloads\letsfly_full_source_both\Windows\.venv\Lib\site-packages\httpx\_client.py", line 825 in request
  File "C:\Users\midoa\Downloads\letsfly_full_source_both\Windows\client\network\api_client.py", line 38 in _request
  File "C:\Users\midoa\Downloads\letsfly_full_source_both\Windows\client\network\api_client.py", line 78 in me
  File "C:\Users\midoa\Downloads\letsfly_full_source_both\Windows\client\client_app.py", line 524 in worker
  File "C:\Users\midoa\AppData\Local\Python\pythoncore-3.14-64\Lib\threading.py", line 1024 in run
  File "C:\Users\midoa\AppData\Local\Python\pythoncore-3.14-64\Lib\threading.py", line 1082 in _bootstrap_inner
  File "C:\Users\midoa\AppData\Local\Python\pythoncore-3.14-64\Lib\threading.py", line 1044 in _bootstrap

Current thread 0x00001148 (most recent call first):
  File "C:\Users\midoa\Downloads\letsfly_full_source_both\Windows\client\main.py", line 132 in main
  File "C:\Users\midoa\Downloads\letsfly_full_source_both\Windows\client\main.py", line 135 in <module>

Current thread's C stack trace (most recent call first):
  <cannot get C stack on this system>
Windows fatal exception: code 0x8001010d

Thread 0x000037c0 [Thread-1 (worker)] (most recent call first):
  File "C:\Users\midoa\AppData\Local\Python\pythoncore-3.14-64\Lib\socket.py", line 987 in getaddrinfo
  File "C:\Users\midoa\AppData\Local\Python\pythoncore-3.14-64\Lib\socket.py", line 850 in create_connection
  File "C:\Users\midoa\Downloads\letsfly_full_source_both\Windows\.venv\Lib\site-packages\httpcore\_backends\sync.py", line 208 in connect_tcp
  File "C:\Users\midoa\Downloads\letsfly_full_source_both\Windows\.venv\Lib\site-packages\httpcore\_sync\connection.py", line 124 in _connect
  File "C:\Users\midoa\Downloads\letsfly_full_source_both\Windows\.venv\Lib\site-packages\httpcore\_sync\connection.py", line 78 in handle_request
  File "C:\Users\midoa\Downloads\letsfly_full_source_both\Windows\.venv\Lib\site-packages\httpcore\_sync\connection_pool.py", line 236 in handle_request
  File "C:\Users\midoa\Downloads\letsfly_full_source_both\Windows\.venv\Lib\site-packages\httpx\_transports\default.py", line 250 in handle_request
  File "C:\Users\midoa\Downloads\letsfly_full_source_both\Windows\.venv\Lib\site-packages\httpx\_client.py", line 1014 in _send_single_request
  File "C:\Users\midoa\Downloads\letsfly_full_source_both\Windows\.venv\Lib\site-packages\httpx\_client.py", line 979 in _send_handling_redirects
  File "C:\Users\midoa\Downloads\letsfly_full_source_both\Windows\.venv\Lib\site-packages\httpx\_client.py", line 942 in _send_handling_auth
  File "C:\Users\midoa\Downloads\letsfly_full_source_both\Windows\.venv\Lib\site-packages\httpx\_client.py", line 914 in send
  File "C:\Users\midoa\Downloads\letsfly_full_source_both\Windows\.venv\Lib\site-packages\httpx\_client.py", line 825 in request
  File "C:\Users\midoa\Downloads\letsfly_full_source_both\Windows\client\network\api_client.py", line 38 in _request
  File "C:\Users\midoa\Downloads\letsfly_full_source_both\Windows\client\network\api_client.py", line 78 in me
  File "C:\Users\midoa\Downloads\letsfly_full_source_both\Windows\client\client_app.py", line 525 in worker
  File "C:\Users\midoa\AppData\Local\Python\pythoncore-3.14-64\Lib\threading.py", line 1024 in run
  File "C:\Users\midoa\AppData\Local\Python\pythoncore-3.14-64\Lib\threading.py", line 1082 in _bootstrap_inner
  File "C:\Users\midoa\AppData\Local\Python\pythoncore-3.14-64\Lib\threading.py", line 1044 in _bootstrap

Current thread 0x00002340 (most recent call first):
  File "C:\Users\midoa\Downloads\letsfly_full_source_both\Windows\client\main.py", line 132 in main
  File "C:\Users\midoa\Downloads\letsfly_full_source_both\Windows\client\main.py", line 135 in <module>

Current thread's C stack trace (most recent call first):
  <cannot get C stack on this system>
Windows fatal exception: code 0x8001010d

Thread 0x00002f64 [Thread-1 (worker)] (most recent call first):
  File "C:\Users\midoa\AppData\Local\Python\pythoncore-3.14-64\Lib\socket.py", line 987 in getaddrinfo
  File "C:\Users\midoa\AppData\Local\Python\pythoncore-3.14-64\Lib\socket.py", line 850 in create_connection
  File "C:\Users\midoa\Downloads\letsfly_full_source_both\Windows\.venv\Lib\site-packages\httpcore\_backends\sync.py", line 208 in connect_tcp
  File "C:\Users\midoa\Downloads\letsfly_full_source_both\Windows\.venv\Lib\site-packages\httpcore\_sync\connection.py", line 124 in _connect
  File "C:\Users\midoa\Downloads\letsfly_full_source_both\Windows\.venv\Lib\site-packages\httpcore\_sync\connection.py", line 78 in handle_request
  File "C:\Users\midoa\Downloads\letsfly_full_source_both\Windows\.venv\Lib\site-packages\httpcore\_sync\connection_pool.py", line 236 in handle_request
  File "C:\Users\midoa\Downloads\letsfly_full_source_both\Windows\.venv\Lib\site-packages\httpx\_transports\default.py", line 250 in handle_request
  File "C:\Users\midoa\Downloads\letsfly_full_source_both\Windows\.venv\Lib\site-packages\httpx\_client.py", line 1014 in _send_single_request
  File "C:\Users\midoa\Downloads\letsfly_full_source_both\Windows\.venv\Lib\site-packages\httpx\_client.py", line 979 in _send_handling_redirects
  File "C:\Users\midoa\Downloads\letsfly_full_source_both\Windows\.venv\Lib\site-packages\httpx\_client.py", line 942 in _send_handling_auth
  File "C:\Users\midoa\Downloads\letsfly_full_source_both\Windows\.venv\Lib\site-packages\httpx\_client.py", line 914 in send
  File "C:\Users\midoa\Downloads\letsfly_full_source_both\Windows\.venv\Lib\site-packages\httpx\_client.py", line 825 in request
  File "C:\Users\midoa\Downloads\letsfly_full_source_both\Windows\client\network\api_client.py", line 38 in _request
  File "C:\Users\midoa\Downloads\letsfly_full_source_both\Windows\client\network\api_client.py", line 78 in me
  File "C:\Users\midoa\Downloads\letsfly_full_source_both\Windows\client\client_app.py", line 525 in worker
  File "C:\Users\midoa\AppData\Local\Python\pythoncore-3.14-64\Lib\threading.py", line 1024 in run
  File "C:\Users\midoa\AppData\Local\Python\pythoncore-3.14-64\Lib\threading.py", line 1082 in _bootstrap_inner
  File "C:\Users\midoa\AppData\Local\Python\pythoncore-3.14-64\Lib\threading.py", line 1044 in _bootstrap

Current thread 0x0000177c (most recent call first):
  File "C:\Users\midoa\Downloads\letsfly_full_source_both\Windows\client\main.py", line 132 in main
  File "C:\Users\midoa\Downloads\letsfly_full_source_both\Windows\client\main.py", line 135 in <module>

Current thread's C stack trace (most recent call first):
  <cannot get C stack on this system>
Windows fatal exception: code 0x8001010d

Thread 0x000015bc [Thread-1 (worker)] (most recent call first):
  File "C:\Users\midoa\AppData\Local\Python\pythoncore-3.14-64\Lib\socket.py", line 859 in create_connection
  File "C:\Users\midoa\Downloads\letsfly_full_source_both\Windows\.venv\Lib\site-packages\httpcore\_backends\sync.py", line 208 in connect_tcp
  File "C:\Users\midoa\Downloads\letsfly_full_source_both\Windows\.venv\Lib\site-packages\httpcore\_sync\connection.py", line 124 in _connect
  File "C:\Users\midoa\Downloads\letsfly_full_source_both\Windows\.venv\Lib\site-packages\httpcore\_sync\connection.py", line 78 in handle_request
  File "C:\Users\midoa\Downloads\letsfly_full_source_both\Windows\.venv\Lib\site-packages\httpcore\_sync\connection_pool.py", line 236 in handle_request
  File "C:\Users\midoa\Downloads\letsfly_full_source_both\Windows\.venv\Lib\site-packages\httpx\_transports\default.py", line 250 in handle_request
  File "C:\Users\midoa\Downloads\letsfly_full_source_both\Windows\.venv\Lib\site-packages\httpx\_client.py", line 1014 in _send_single_request
  File "C:\Users\midoa\Downloads\letsfly_full_source_both\Windows\.venv\Lib\site-packages\httpx\_client.py", line 979 in _send_handling_redirects
  File "C:\Users\midoa\Downloads\letsfly_full_source_both\Windows\.venv\Lib\site-packages\httpx\_client.py", line 942 in _send_handling_auth
  File "C:\Users\midoa\Downloads\letsfly_full_source_both\Windows\.venv\Lib\site-packages\httpx\_client.py", line 914 in send
  File "C:\Users\midoa\Downloads\letsfly_full_source_both\Windows\.venv\Lib\site-packages\httpx\_client.py", line 825 in request
  File "C:\Users\midoa\Downloads\letsfly_full_source_both\Windows\client\network\api_client.py", line 38 in _request
  File "C:\Users\midoa\Downloads\letsfly_full_source_both\Windows\client\network\api_client.py", line 78 in me
  File "C:\Users\midoa\Downloads\letsfly_full_source_both\Windows\client\client_app.py", line 525 in worker
  File "C:\Users\midoa\AppData\Local\Python\pythoncore-3.14-64\Lib\threading.py", line 1024 in run
  File "C:\Users\midoa\AppData\Local\Python\pythoncore-3.14-64\Lib\threading.py", line 1082 in _bootstrap_inner
  File "C:\Users\midoa\AppData\Local\Python\pythoncore-3.14-64\Lib\threading.py", line 1044 in _bootstrap

Current thread 0x0000129c (most recent call first):
  File "C:\Users\midoa\Downloads\letsfly_full_source_both\Windows\client\main.py", line 132 in main
  File "C:\Users\midoa\Downloads\letsfly_full_source_both\Windows\client\main.py", line 135 in <module>

Current thread's C stack trace (most recent call first):
  <cannot get C stack on this system>
Windows fatal exception: code 0x8001010d

Thread 0x00002544 [Thread-1 (worker)] (most recent call first):
  File "C:\Users\midoa\AppData\Local\Python\pythoncore-3.14-64\Lib\socket.py", line 859 in create_connection
  File "C:\Users\midoa\Downloads\letsfly_full_source_both\Windows\.venv\Lib\site-packages\httpcore\_backends\sync.py", line 208 in connect_tcp
  File "C:\Users\midoa\Downloads\letsfly_full_source_both\Windows\.venv\Lib\site-packages\httpcore\_sync\connection.py", line 124 in _connect
  File "C:\Users\midoa\Downloads\letsfly_full_source_both\Windows\.venv\Lib\site-packages\httpcore\_sync\connection.py", line 78 in handle_request
  File "C:\Users\midoa\Downloads\letsfly_full_source_both\Windows\.venv\Lib\site-packages\httpcore\_sync\connection_pool.py", line 236 in handle_request
  File "C:\Users\midoa\Downloads\letsfly_full_source_both\Windows\.venv\Lib\site-packages\httpx\_transports\default.py", line 250 in handle_request
  File "C:\Users\midoa\Downloads\letsfly_full_source_both\Windows\.venv\Lib\site-packages\httpx\_client.py", line 1014 in _send_single_request
  File "C:\Users\midoa\Downloads\letsfly_full_source_both\Windows\.venv\Lib\site-packages\httpx\_client.py", line 979 in _send_handling_redirects
  File "C:\Users\midoa\Downloads\letsfly_full_source_both\Windows\.venv\Lib\site-packages\httpx\_client.py", line 942 in _send_handling_auth
  File "C:\Users\midoa\Downloads\letsfly_full_source_both\Windows\.venv\Lib\site-packages\httpx\_client.py", line 914 in send
  File "C:\Users\midoa\Downloads\letsfly_full_source_both\Windows\.venv\Lib\site-packages\httpx\_client.py", line 825 in request
  File "C:\Users\midoa\Downloads\letsfly_full_source_both\Windows\client\network\api_client.py", line 38 in _request
  File "C:\Users\midoa\Downloads\letsfly_full_source_both\Windows\client\network\api_client.py", line 78 in me
  File "C:\Users\midoa\Downloads\letsfly_full_source_both\Windows\client\client_app.py", line 525 in worker
  File "C:\Users\midoa\AppData\Local\Python\pythoncore-3.14-64\Lib\threading.py", line 1024 in run
  File "C:\Users\midoa\AppData\Local\Python\pythoncore-3.14-64\Lib\threading.py", line 1082 in _bootstrap_inner
  File "C:\Users\midoa\AppData\Local\Python\pythoncore-3.14-64\Lib\threading.py", line 1044 in _bootstrap

Current thread 0x00002b64 (most recent call first):
  File "C:\Users\midoa\Downloads\letsfly_full_source_both\Windows\client\main.py", line 132 in main
  File "C:\Users\midoa\Downloads\letsfly_full_source_both\Windows\client\main.py", line 135 in <module>

Current thread's C stack trace (most recent call first):
  <cannot get C stack on this system>
Windows fatal exception: code 0x8001010d

Thread 0x0000129c [Thread-1 (worker)] (most recent call first):
  File "C:\Users\midoa\AppData\Local\Python\pythoncore-3.14-64\Lib\socket.py", line 859 in create_connection
  File "C:\Users\midoa\Downloads\letsfly_full_source_both\Windows\.venv\Lib\site-packages\httpcore\_backends\sync.py", line 208 in connect_tcp
  File "C:\Users\midoa\Downloads\letsfly_full_source_both\Windows\.venv\Lib\site-packages\httpcore\_sync\connection.py", line 124 in _connect
  File "C:\Users\midoa\Downloads\letsfly_full_source_both\Windows\.venv\Lib\site-packages\httpcore\_sync\connection.py", line 78 in handle_request
  File "C:\Users\midoa\Downloads\letsfly_full_source_both\Windows\.venv\Lib\site-packages\httpcore\_sync\connection_pool.py", line 236 in handle_request
  File "C:\Users\midoa\Downloads\letsfly_full_source_both\Windows\.venv\Lib\site-packages\httpx\_transports\default.py", line 250 in handle_request
  File "C:\Users\midoa\Downloads\letsfly_full_source_both\Windows\.venv\Lib\site-packages\httpx\_client.py", line 1014 in _send_single_request
  File "C:\Users\midoa\Downloads\letsfly_full_source_both\Windows\.venv\Lib\site-packages\httpx\_client.py", line 979 in _send_handling_redirects
  File "C:\Users\midoa\Downloads\letsfly_full_source_both\Windows\.venv\Lib\site-packages\httpx\_client.py", line 942 in _send_handling_auth
  File "C:\Users\midoa\Downloads\letsfly_full_source_both\Windows\.venv\Lib\site-packages\httpx\_client.py", line 914 in send
  File "C:\Users\midoa\Downloads\letsfly_full_source_both\Windows\.venv\Lib\site-packages\httpx\_client.py", line 825 in request
  File "C:\Users\midoa\Downloads\letsfly_full_source_both\Windows\client\network\api_client.py", line 38 in _request
  File "C:\Users\midoa\Downloads\letsfly_full_source_both\Windows\client\network\api_client.py", line 78 in me
  File "C:\Users\midoa\Downloads\letsfly_full_source_both\Windows\client\client_app.py", line 525 in worker
  File "C:\Users\midoa\AppData\Local\Python\pythoncore-3.14-64\Lib\threading.py", line 1024 in run
  File "C:\Users\midoa\AppData\Local\Python\pythoncore-3.14-64\Lib\threading.py", line 1082 in _bootstrap_inner
  File "C:\Users\midoa\AppData\Local\Python\pythoncore-3.14-64\Lib\threading.py", line 1044 in _bootstrap

Current thread 0x00000d64 (most recent call first):
  File "C:\Users\midoa\Downloads\letsfly_full_source_both\Windows\client\main.py", line 132 in main
  File "C:\Users\midoa\Downloads\letsfly_full_source_both\Windows\client\main.py", line 135 in <module>

Current thread's C stack trace (most recent call first):
  <cannot get C stack on this system>
Windows fatal exception: code 0x8001010d

Thread 0x000004d0 [Thread-1 (worker)] (most recent call first):
  File "C:\Users\midoa\AppData\Local\Python\pythoncore-3.14-64\Lib\socket.py", line 987 in getaddrinfo
  File "C:\Users\midoa\AppData\Local\Python\pythoncore-3.14-64\Lib\socket.py", line 850 in create_connection
  File "C:\Users\midoa\Downloads\letsfly_full_source_both\Windows\.venv\Lib\site-packages\httpcore\_backends\sync.py", line 208 in connect_tcp
  File "C:\Users\midoa\Downloads\letsfly_full_source_both\Windows\.venv\Lib\site-packages\httpcore\_sync\connection.py", line 124 in _connect
  File "C:\Users\midoa\Downloads\letsfly_full_source_both\Windows\.venv\Lib\site-packages\httpcore\_sync\connection.py", line 78 in handle_request
  File "C:\Users\midoa\Downloads\letsfly_full_source_both\Windows\.venv\Lib\site-packages\httpcore\_sync\connection_pool.py", line 236 in handle_request
  File "C:\Users\midoa\Downloads\letsfly_full_source_both\Windows\.venv\Lib\site-packages\httpx\_transports\default.py", line 250 in handle_request
  File "C:\Users\midoa\Downloads\letsfly_full_source_both\Windows\.venv\Lib\site-packages\httpx\_client.py", line 1014 in _send_single_request
  File "C:\Users\midoa\Downloads\letsfly_full_source_both\Windows\.venv\Lib\site-packages\httpx\_client.py", line 979 in _send_handling_redirects
  File "C:\Users\midoa\Downloads\letsfly_full_source_both\Windows\.venv\Lib\site-packages\httpx\_client.py", line 942 in _send_handling_auth
  File "C:\Users\midoa\Downloads\letsfly_full_source_both\Windows\.venv\Lib\site-packages\httpx\_client.py", line 914 in send
  File "C:\Users\midoa\Downloads\letsfly_full_source_both\Windows\.venv\Lib\site-packages\httpx\_client.py", line 825 in request
  File "C:\Users\midoa\Downloads\letsfly_full_source_both\Windows\client\network\api_client.py", line 38 in _request
  File "C:\Users\midoa\Downloads\letsfly_full_source_both\Windows\client\network\api_client.py", line 78 in me
  File "C:\Users\midoa\Downloads\letsfly_full_source_both\Windows\client\client_app.py", line 518 in worker
  File "C:\Users\midoa\AppData\Local\Python\pythoncore-3.14-64\Lib\threading.py", line 1024 in run
  File "C:\Users\midoa\AppData\Local\Python\pythoncore-3.14-64\Lib\threading.py", line 1082 in _bootstrap_inner
  File "C:\Users\midoa\AppData\Local\Python\pythoncore-3.14-64\Lib\threading.py", line 1044 in _bootstrap

Current thread 0x00001650 (most recent call first):
  File "C:\Users\midoa\Downloads\letsfly_full_source_both\Windows\client\main.py", line 132 in main
  File "C:\Users\midoa\Downloads\letsfly_full_source_both\Windows\client\main.py", line 135 in <module>

Current thread's C stack trace (most recent call first):
  <cannot get C stack on this system>
Windows fatal exception: code 0x8001010d

Thread 0x000013c0 [Thread-1 (worker)] (most recent call first):
  File "C:\Users\midoa\AppData\Local\Python\pythoncore-3.14-64\Lib\socket.py", line ??? in __init__
  <invalid frame>

Current thread 0x00002dfc (most recent call first):
  File "C:\Users\midoa\Downloads\letsfly_full_source_both\Windows\client\main.py", line 132 in main
  File "C:\Users\midoa\Downloads\letsfly_full_source_both\Windows\client\main.py", line 135 in <module>

Current thread's C stack trace (most recent call first):
  <cannot get C stack on this system>
Windows fatal exception: code 0x8001010d

Thread 0x00002018 [Thread-1 (worker)] (most recent call first):
  File "C:\Users\midoa\AppData\Local\Python\pythoncore-3.14-64\Lib\socket.py", line 987 in getaddrinfo
  File "C:\Users\midoa\AppData\Local\Python\pythoncore-3.14-64\Lib\socket.py", line 850 in create_connection
  File "C:\Users\midoa\Downloads\letsfly_full_source_both\Windows\.venv\Lib\site-packages\httpcore\_backends\sync.py", line 208 in connect_tcp
  File "C:\Users\midoa\Downloads\letsfly_full_source_both\Windows\.venv\Lib\site-packages\httpcore\_sync\connection.py", line 124 in _connect
  File "C:\Users\midoa\Downloads\letsfly_full_source_both\Windows\.venv\Lib\site-packages\httpcore\_sync\connection.py", line 78 in handle_request
  File "C:\Users\midoa\Downloads\letsfly_full_source_both\Windows\.venv\Lib\site-packages\httpcore\_sync\connection_pool.py", line 236 in handle_request
  File "C:\Users\midoa\Downloads\letsfly_full_source_both\Windows\.venv\Lib\site-packages\httpx\_transports\default.py", line 250 in handle_request
  File "C:\Users\midoa\Downloads\letsfly_full_source_both\Windows\.venv\Lib\site-packages\httpx\_client.py", line 1014 in _send_single_request
  File "C:\Users\midoa\Downloads\letsfly_full_source_both\Windows\.venv\Lib\site-packages\httpx\_client.py", line 979 in _send_handling_redirects
  File "C:\Users\midoa\Downloads\letsfly_full_source_both\Windows\.venv\Lib\site-packages\httpx\_client.py", line 942 in _send_handling_auth
  File "C:\Users\midoa\Downloads\letsfly_full_source_both\Windows\.venv\Lib\site-packages\httpx\_client.py", line 914 in send
  File "C:\Users\midoa\Downloads\letsfly_full_source_both\Windows\.venv\Lib\site-packages\httpx\_client.py", line 825 in request
  File "C:\Users\midoa\Downloads\letsfly_full_source_both\Windows\client\network\api_client.py", line 38 in _request
  File "C:\Users\midoa\Downloads\letsfly_full_source_both\Windows\client\network\api_client.py", line 78 in me
  File "C:\Users\midoa\Downloads\letsfly_full_source_both\Windows\client\client_app.py", line 518 in worker
  File "C:\Users\midoa\AppData\Local\Python\pythoncore-3.14-64\Lib\threading.py", line 1024 in run
  File "C:\Users\midoa\AppData\Local\Python\pythoncore-3.14-64\Lib\threading.py", line 1082 in _bootstrap_inner
  File "C:\Users\midoa\AppData\Local\Python\pythoncore-3.14-64\Lib\threading.py", line 1044 in _bootstrap

Current thread 0x00002664 (most recent call first):
  File "C:\Users\midoa\Downloads\letsfly_full_source_both\Windows\client\main.py", line 132 in main
  File "C:\Users\midoa\Downloads\letsfly_full_source_both\Windows\client\main.py", line 135 in <module>

Current thread's C stack trace (most recent call first):
  <cannot get C stack on this system>
Windows fatal exception: code 0x8001010d

Thread 0x00001e68 [Thread-1 (worker)] (most recent call first):
  File "C:\Users\midoa\AppData\Local\Python\pythoncore-3.14-64\Lib\socket.py", line 987 in getaddrinfo
  File "C:\Users\midoa\AppData\Local\Python\pythoncore-3.14-64\Lib\socket.py", line 850 in create_connection
  File "C:\Users\midoa\Downloads\letsfly_full_source_both\Windows\.venv\Lib\site-packages\httpcore\_backends\sync.py", line 208 in connect_tcp
  File "C:\Users\midoa\Downloads\letsfly_full_source_both\Windows\.venv\Lib\site-packages\httpcore\_sync\connection.py", line 124 in _connect
  File "C:\Users\midoa\Downloads\letsfly_full_source_both\Windows\.venv\Lib\site-packages\httpcore\_sync\connection.py", line 78 in handle_request
  File "C:\Users\midoa\Downloads\letsfly_full_source_both\Windows\.venv\Lib\site-packages\httpcore\_sync\connection_pool.py", line 236 in handle_request
  File "C:\Users\midoa\Downloads\letsfly_full_source_both\Windows\.venv\Lib\site-packages\httpx\_transports\default.py", line 250 in handle_request
  File "C:\Users\midoa\Downloads\letsfly_full_source_both\Windows\.venv\Lib\site-packages\httpx\_client.py", line 1014 in _send_single_request
  File "C:\Users\midoa\Downloads\letsfly_full_source_both\Windows\.venv\Lib\site-packages\httpx\_client.py", line 979 in _send_handling_redirects
  File "C:\Users\midoa\Downloads\letsfly_full_source_both\Windows\.venv\Lib\site-packages\httpx\_client.py", line 942 in _send_handling_auth
  File "C:\Users\midoa\Downloads\letsfly_full_source_both\Windows\.venv\Lib\site-packages\httpx\_client.py", line 914 in send
  File "C:\Users\midoa\Downloads\letsfly_full_source_both\Windows\.venv\Lib\site-packages\httpx\_client.py", line 825 in request
  File "C:\Users\midoa\Downloads\letsfly_full_source_both\Windows\client\network\api_client.py", line 38 in _request
  File "C:\Users\midoa\Downloads\letsfly_full_source_both\Windows\client\network\api_client.py", line 78 in me
  File "C:\Users\midoa\Downloads\letsfly_full_source_both\Windows\client\client_app.py", line 518 in worker
  File "C:\Users\midoa\AppData\Local\Python\pythoncore-3.14-64\Lib\threading.py", line 1024 in run
  File "C:\Users\midoa\AppData\Local\Python\pythoncore-3.14-64\Lib\threading.py", line 1082 in _bootstrap_inner
  File "C:\Users\midoa\AppData\Local\Python\pythoncore-3.14-64\Lib\threading.py", line 1044 in _bootstrap

Current thread 0x000029b4 (most recent call first):
  File "C:\Users\midoa\Downloads\letsfly_full_source_both\Windows\client\main.py", line 132 in main
  File "C:\Users\midoa\Downloads\letsfly_full_source_both\Windows\client\main.py", line 135 in <module>

Current thread's C stack trace (most recent call first):
  <cannot get C stack on this system>
Windows fatal exception: code 0x8001010d

Thread 0x00001b94 [Thread-1 (worker)] (most recent call first):
  File "C:\Users\midoa\AppData\Local\Python\pythoncore-3.14-64\Lib\socket.py", line 987 in getaddrinfo
  File "C:\Users\midoa\AppData\Local\Python\pythoncore-3.14-64\Lib\socket.py", line 850 in create_connection
  File "C:\Users\midoa\Downloads\letsfly_full_source_both\Windows\.venv\Lib\site-packages\httpcore\_backends\sync.py", line 208 in connect_tcp
  File "C:\Users\midoa\Downloads\letsfly_full_source_both\Windows\.venv\Lib\site-packages\httpcore\_sync\connection.py", line 124 in _connect
  File "C:\Users\midoa\Downloads\letsfly_full_source_both\Windows\.venv\Lib\site-packages\httpcore\_sync\connection.py", line 78 in handle_request
  File "C:\Users\midoa\Downloads\letsfly_full_source_both\Windows\.venv\Lib\site-packages\httpcore\_sync\connection_pool.py", line 236 in handle_request
  File "C:\Users\midoa\Downloads\letsfly_full_source_both\Windows\.venv\Lib\site-packages\httpx\_transports\default.py", line 250 in handle_request
  File "C:\Users\midoa\Downloads\letsfly_full_source_both\Windows\.venv\Lib\site-packages\httpx\_client.py", line 1014 in _send_single_request
  File "C:\Users\midoa\Downloads\letsfly_full_source_both\Windows\.venv\Lib\site-packages\httpx\_client.py", line 979 in _send_handling_redirects
  File "C:\Users\midoa\Downloads\letsfly_full_source_both\Windows\.venv\Lib\site-packages\httpx\_client.py", line 942 in _send_handling_auth
  File "C:\Users\midoa\Downloads\letsfly_full_source_both\Windows\.venv\Lib\site-packages\httpx\_client.py", line 914 in send
  File "C:\Users\midoa\Downloads\letsfly_full_source_both\Windows\.venv\Lib\site-packages\httpx\_client.py", line 825 in request
  File "C:\Users\midoa\Downloads\letsfly_full_source_both\Windows\client\network\api_client.py", line 38 in _request
  File "C:\Users\midoa\Downloads\letsfly_full_source_both\Windows\client\network\api_client.py", line 78 in me
  File "C:\Users\midoa\Downloads\letsfly_full_source_both\Windows\client\client_app.py", line 518 in worker
  File "C:\Users\midoa\AppData\Local\Python\pythoncore-3.14-64\Lib\threading.py", line 1024 in run
  File "C:\Users\midoa\AppData\Local\Python\pythoncore-3.14-64\Lib\threading.py", line 1082 in _bootstrap_inner
  File "C:\Users\midoa\AppData\Local\Python\pythoncore-3.14-64\Lib\threading.py", line 1044 in _bootstrap

Current thread 0x000027e4 (most recent call first):
  File "C:\Users\midoa\Downloads\letsfly_full_source_both\Windows\client\main.py", line 132 in main
  File "C:\Users\midoa\Downloads\letsfly_full_source_both\Windows\client\main.py", line 135 in <module>

Current thread's C stack trace (most recent call first):
  <cannot get C stack on this system>
Windows fatal exception: code 0x8001010d

Thread 0x00000c7c [Thread-1 (worker)] (most recent call first):
  File "C:\Users\midoa\AppData\Local\Python\pythoncore-3.14-64\Lib\socket.py", line 859 in create_connection
  File "C:\Users\midoa\Downloads\letsfly_full_source_both\Windows\.venv\Lib\site-packages\httpcore\_backends\sync.py", line 208 in connect_tcp
  File "C:\Users\midoa\Downloads\letsfly_full_source_both\Windows\.venv\Lib\site-packages\httpcore\_sync\connection.py", line 124 in _connect
  File "C:\Users\midoa\Downloads\letsfly_full_source_both\Windows\.venv\Lib\site-packages\httpcore\_sync\connection.py", line 78 in handle_request
  File "C:\Users\midoa\Downloads\letsfly_full_source_both\Windows\.venv\Lib\site-packages\httpcore\_sync\connection_pool.py", line 236 in handle_request
  File "C:\Users\midoa\Downloads\letsfly_full_source_both\Windows\.venv\Lib\site-packages\httpx\_transports\default.py", line 250 in handle_request
  File "C:\Users\midoa\Downloads\letsfly_full_source_both\Windows\.venv\Lib\site-packages\httpx\_client.py", line 1014 in _send_single_request
  File "C:\Users\midoa\Downloads\letsfly_full_source_both\Windows\.venv\Lib\site-packages\httpx\_client.py", line 979 in _send_handling_redirects
  File "C:\Users\midoa\Downloads\letsfly_full_source_both\Windows\.venv\Lib\site-packages\httpx\_client.py", line 942 in _send_handling_auth
  File "C:\Users\midoa\Downloads\letsfly_full_source_both\Windows\.venv\Lib\site-packages\httpx\_client.py", line 914 in send
  File "C:\Users\midoa\Downloads\letsfly_full_source_both\Windows\.venv\Lib\site-packages\httpx\_client.py", line 825 in request
  File "C:\Users\midoa\Downloads\letsfly_full_source_both\Windows\client\network\api_client.py", line 38 in _request
  File "C:\Users\midoa\Downloads\letsfly_full_source_both\Windows\client\network\api_client.py", line 78 in me
  File "C:\Users\midoa\Downloads\letsfly_full_source_both\Windows\client\client_app.py", line 518 in worker
  File "C:\Users\midoa\AppData\Local\Python\pythoncore-3.14-64\Lib\threading.py", line 1024 in run
  File "C:\Users\midoa\AppData\Local\Python\pythoncore-3.14-64\Lib\threading.py", line 1082 in _bootstrap_inner
  File "C:\Users\midoa\AppData\Local\Python\pythoncore-3.14-64\Lib\threading.py", line 1044 in _bootstrap

Current thread 0x000011cc (most recent call first):
  File "C:\Users\midoa\Downloads\letsfly_full_source_both\Windows\client\main.py", line 132 in main
  File "C:\Users\midoa\Downloads\letsfly_full_source_both\Windows\client\main.py", line 135 in <module>

Current thread's C stack trace (most recent call first):
  <cannot get C stack on this system>
Windows fatal exception: code 0x8001010d

Thread 0x000034dc [Thread-1 (worker)] (most recent call first):
  File "C:\Users\midoa\AppData\Local\Python\pythoncore-3.14-64\Lib\socket.py", line 859 in create_connection
  File "C:\Users\midoa\Downloads\letsfly_full_source_both\Windows\.venv\Lib\site-packages\httpcore\_backends\sync.py", line 208 in connect_tcp
  File "C:\Users\midoa\Downloads\letsfly_full_source_both\Windows\.venv\Lib\site-packages\httpcore\_sync\connection.py", line 124 in _connect
  File "C:\Users\midoa\Downloads\letsfly_full_source_both\Windows\.venv\Lib\site-packages\httpcore\_sync\connection.py", line 78 in handle_request
  File "C:\Users\midoa\Downloads\letsfly_full_source_both\Windows\.venv\Lib\site-packages\httpcore\_sync\connection_pool.py", line 236 in handle_request
  File "C:\Users\midoa\Downloads\letsfly_full_source_both\Windows\.venv\Lib\site-packages\httpx\_transports\default.py", line 250 in handle_request
  File "C:\Users\midoa\Downloads\letsfly_full_source_both\Windows\.venv\Lib\site-packages\httpx\_client.py", line 1014 in _send_single_request
  File "C:\Users\midoa\Downloads\letsfly_full_source_both\Windows\.venv\Lib\site-packages\httpx\_client.py", line 979 in _send_handling_redirects
  File "C:\Users\midoa\Downloads\letsfly_full_source_both\Windows\.venv\Lib\site-packages\httpx\_client.py", line 942 in _send_handling_auth
  File "C:\Users\midoa\Downloads\letsfly_full_source_both\Windows\.venv\Lib\site-packages\httpx\_client.py", line 914 in send
  File "C:\Users\midoa\Downloads\letsfly_full_source_both\Windows\.venv\Lib\site-packages\httpx\_client.py", line 825 in request
  File "C:\Users\midoa\Downloads\letsfly_full_source_both\Windows\client\network\api_client.py", line 38 in _request
  File "C:\Users\midoa\Downloads\letsfly_full_source_both\Windows\client\network\api_client.py", line 78 in me
  File "C:\Users\midoa\Downloads\letsfly_full_source_both\Windows\client\client_app.py", line 522 in worker
  File "C:\Users\midoa\AppData\Local\Python\pythoncore-3.14-64\Lib\threading.py", line 1024 in run
  File "C:\Users\midoa\AppData\Local\Python\pythoncore-3.14-64\Lib\threading.py", line 1082 in _bootstrap_inner
  File "C:\Users\midoa\AppData\Local\Python\pythoncore-3.14-64\Lib\threading.py", line 1044 in _bootstrap

Current thread 0x00000ad4 (most recent call first):
  File "C:\Users\midoa\Downloads\letsfly_full_source_both\Windows\client\main.py", line 132 in main
  File "C:\Users\midoa\Downloads\letsfly_full_source_both\Windows\client\main.py", line 135 in <module>

Current thread's C stack trace (most recent call first):
  <cannot get C stack on this system>
Windows fatal exception: code 0x8001010d

Thread 0x000036dc [Thread-1 (worker)] (most recent call first):
  File "C:\Users\midoa\AppData\Local\Python\pythoncore-3.14-64\Lib\socket.py", line 987 in getaddrinfo
  File "C:\Users\midoa\AppData\Local\Python\pythoncore-3.14-64\Lib\socket.py", line 850 in create_connection
  File "C:\Users\midoa\Downloads\letsfly_full_source_both\Windows\.venv\Lib\site-packages\httpcore\_backends\sync.py", line 208 in connect_tcp
  File "C:\Users\midoa\Downloads\letsfly_full_source_both\Windows\.venv\Lib\site-packages\httpcore\_sync\connection.py", line 124 in _connect
  File "C:\Users\midoa\Downloads\letsfly_full_source_both\Windows\.venv\Lib\site-packages\httpcore\_sync\connection.py", line 78 in handle_request
  File "C:\Users\midoa\Downloads\letsfly_full_source_both\Windows\.venv\Lib\site-packages\httpcore\_sync\connection_pool.py", line 236 in handle_request
  File "C:\Users\midoa\Downloads\letsfly_full_source_both\Windows\.venv\Lib\site-packages\httpx\_transports\default.py", line 250 in handle_request
  File "C:\Users\midoa\Downloads\letsfly_full_source_both\Windows\.venv\Lib\site-packages\httpx\_client.py", line 1014 in _send_single_request
  File "C:\Users\midoa\Downloads\letsfly_full_source_both\Windows\.venv\Lib\site-packages\httpx\_client.py", line 979 in _send_handling_redirects
  File "C:\Users\midoa\Downloads\letsfly_full_source_both\Windows\.venv\Lib\site-packages\httpx\_client.py", line 942 in _send_handling_auth
  File "C:\Users\midoa\Downloads\letsfly_full_source_both\Windows\.venv\Lib\site-packages\httpx\_client.py", line 914 in send
  File "C:\Users\midoa\Downloads\letsfly_full_source_both\Windows\.venv\Lib\site-packages\httpx\_client.py", line 825 in request
  File "C:\Users\midoa\Downloads\letsfly_full_source_both\Windows\client\network\api_client.py", line 38 in _request
  File "C:\Users\midoa\Downloads\letsfly_full_source_both\Windows\client\network\api_client.py", line 78 in me
  File "C:\Users\midoa\Downloads\letsfly_full_source_both\Windows\client\client_app.py", line 522 in worker
  File "C:\Users\midoa\AppData\Local\Python\pythoncore-3.14-64\Lib\threading.py", line 1024 in run
  File "C:\Users\midoa\AppData\Local\Python\pythoncore-3.14-64\Lib\threading.py", line 1082 in _bootstrap_inner
  File "C:\Users\midoa\AppData\Local\Python\pythoncore-3.14-64\Lib\threading.py", line 1044 in _bootstrap

Current thread 0x000019f8 (most recent call first):
  File "C:\Users\midoa\Downloads\letsfly_full_source_both\Windows\client\main.py", line 132 in main
  File "C:\Users\midoa\Downloads\letsfly_full_source_both\Windows\client\main.py", line 135 in <module>

Current thread's C stack trace (most recent call first):
  <cannot get C stack on this system>
Windows fatal exception: code 0x8001010d

Thread 0x00003760 [Thread-1 (worker)] (most recent call first):
  File "C:\Users\midoa\AppData\Local\Python\pythoncore-3.14-64\Lib\socket.py", line 987 in getaddrinfo
  File "C:\Users\midoa\AppData\Local\Python\pythoncore-3.14-64\Lib\socket.py", line 850 in create_connection
  File "C:\Users\midoa\Downloads\letsfly_full_source_both\Windows\.venv\Lib\site-packages\httpcore\_backends\sync.py", line 208 in connect_tcp
  File "C:\Users\midoa\Downloads\letsfly_full_source_both\Windows\.venv\Lib\site-packages\httpcore\_sync\connection.py", line 124 in _connect
  File "C:\Users\midoa\Downloads\letsfly_full_source_both\Windows\.venv\Lib\site-packages\httpcore\_sync\connection.py", line 78 in handle_request
  File "C:\Users\midoa\Downloads\letsfly_full_source_both\Windows\.venv\Lib\site-packages\httpcore\_sync\connection_pool.py", line 236 in handle_request
  File "C:\Users\midoa\Downloads\letsfly_full_source_both\Windows\.venv\Lib\site-packages\httpx\_transports\default.py", line 250 in handle_request
  File "C:\Users\midoa\Downloads\letsfly_full_source_both\Windows\.venv\Lib\site-packages\httpx\_client.py", line 1014 in _send_single_request
  File "C:\Users\midoa\Downloads\letsfly_full_source_both\Windows\.venv\Lib\site-packages\httpx\_client.py", line 979 in _send_handling_redirects
  File "C:\Users\midoa\Downloads\letsfly_full_source_both\Windows\.venv\Lib\site-packages\httpx\_client.py", line 942 in _send_handling_auth
  File "C:\Users\midoa\Downloads\letsfly_full_source_both\Windows\.venv\Lib\site-packages\httpx\_client.py", line 914 in send
  File "C:\Users\midoa\Downloads\letsfly_full_source_both\Windows\.venv\Lib\site-packages\httpx\_client.py", line 825 in request
  File "C:\Users\midoa\Downloads\letsfly_full_source_both\Windows\client\network\api_client.py", line 38 in _request
  File "C:\Users\midoa\Downloads\letsfly_full_source_both\Windows\client\network\api_client.py", line 78 in me
  File "C:\Users\midoa\Downloads\letsfly_full_source_both\Windows\client\client_app.py", line 522 in worker
  File "C:\Users\midoa\AppData\Local\Python\pythoncore-3.14-64\Lib\threading.py", line 1024 in run
  File "C:\Users\midoa\AppData\Local\Python\pythoncore-3.14-64\Lib\threading.py", line 1082 in _bootstrap_inner
  File "C:\Users\midoa\AppData\Local\Python\pythoncore-3.14-64\Lib\threading.py", line 1044 in _bootstrap

Current thread 0x000037b8 (most recent call first):
  File "C:\Users\midoa\Downloads\letsfly_full_source_both\Windows\client\main.py", line 132 in main
  File "C:\Users\midoa\Downloads\letsfly_full_source_both\Windows\client\main.py", line 135 in <module>

Current thread's C stack trace (most recent call first):
  <cannot get C stack on this system>
Windows fatal exception: code 0x8001010d

Thread 0x00000c44 [Thread-1 (worker)] (most recent call first):
  File "C:\Users\midoa\AppData\Local\Python\pythoncore-3.14-64\Lib\socket.py", line 987 in getaddrinfo
  File "C:\Users\midoa\AppData\Local\Python\pythoncore-3.14-64\Lib\socket.py", line 850 in create_connection
  File "C:\Users\midoa\Downloads\letsfly_full_source_both\Windows\.venv\Lib\site-packages\httpcore\_backends\sync.py", line 208 in connect_tcp
  File "C:\Users\midoa\Downloads\letsfly_full_source_both\Windows\.venv\Lib\site-packages\httpcore\_sync\connection.py", line 124 in _connect
  File "C:\Users\midoa\Downloads\letsfly_full_source_both\Windows\.venv\Lib\site-packages\httpcore\_sync\connection.py", line 78 in handle_request
  File "C:\Users\midoa\Downloads\letsfly_full_source_both\Windows\.venv\Lib\site-packages\httpcore\_sync\connection_pool.py", line 236 in handle_request
  File "C:\Users\midoa\Downloads\letsfly_full_source_both\Windows\.venv\Lib\site-packages\httpx\_transports\default.py", line 250 in handle_request
  File "C:\Users\midoa\Downloads\letsfly_full_source_both\Windows\.venv\Lib\site-packages\httpx\_client.py", line 1014 in _send_single_request
  File "C:\Users\midoa\Downloads\letsfly_full_source_both\Windows\.venv\Lib\site-packages\httpx\_client.py", line 979 in _send_handling_redirects
  File "C:\Users\midoa\Downloads\letsfly_full_source_both\Windows\.venv\Lib\site-packages\httpx\_client.py", line 942 in _send_handling_auth
  File "C:\Users\midoa\Downloads\letsfly_full_source_both\Windows\.venv\Lib\site-packages\httpx\_client.py", line 914 in send
  File "C:\Users\midoa\Downloads\letsfly_full_source_both\Windows\.venv\Lib\site-packages\httpx\_client.py", line 825 in request
  File "C:\Users\midoa\Downloads\letsfly_full_source_both\Windows\client\network\api_client.py", line 38 in _request
  File "C:\Users\midoa\Downloads\letsfly_full_source_both\Windows\client\network\api_client.py", line 78 in me
  File "C:\Users\midoa\Downloads\letsfly_full_source_both\Windows\client\client_app.py", line 522 in worker
  File "C:\Users\midoa\AppData\Local\Python\pythoncore-3.14-64\Lib\threading.py", line 1024 in run
  File "C:\Users\midoa\AppData\Local\Python\pythoncore-3.14-64\Lib\threading.py", line 1082 in _bootstrap_inner
  File "C:\Users\midoa\AppData\Local\Python\pythoncore-3.14-64\Lib\threading.py", line 1044 in _bootstrap

Current thread 0x000015f0 (most recent call first):
  File "C:\Users\midoa\Downloads\letsfly_full_source_both\Windows\client\main.py", line 132 in main
  File "C:\Users\midoa\Downloads\letsfly_full_source_both\Windows\client\main.py", line 135 in <module>

Current thread's C stack trace (most recent call first):
  <cannot get C stack on this system>
Windows fatal exception: code 0x8001010d

Thread 0x00001d58 [Thread-1 (worker)] (most recent call first):
  File "C:\Users\midoa\AppData\Local\Python\pythoncore-3.14-64\Lib\socket.py", line 859 in create_connection
  File "C:\Users\midoa\Downloads\letsfly_full_source_both\Windows\.venv\Lib\site-packages\httpcore\_backends\sync.py", line 208 in connect_tcp
  File "C:\Users\midoa\Downloads\letsfly_full_source_both\Windows\.venv\Lib\site-packages\httpcore\_sync\connection.py", line 124 in _connect
  File "C:\Users\midoa\Downloads\letsfly_full_source_both\Windows\.venv\Lib\site-packages\httpcore\_sync\connection.py", line 78 in handle_request
  File "C:\Users\midoa\Downloads\letsfly_full_source_both\Windows\.venv\Lib\site-packages\httpcore\_sync\connection_pool.py", line 236 in handle_request
  File "C:\Users\midoa\Downloads\letsfly_full_source_both\Windows\.venv\Lib\site-packages\httpx\_transports\default.py", line 250 in handle_request
  File "C:\Users\midoa\Downloads\letsfly_full_source_both\Windows\.venv\Lib\site-packages\httpx\_client.py", line 1014 in _send_single_request
  File "C:\Users\midoa\Downloads\letsfly_full_source_both\Windows\.venv\Lib\site-packages\httpx\_client.py", line 979 in _send_handling_redirects
  File "C:\Users\midoa\Downloads\letsfly_full_source_both\Windows\.venv\Lib\site-packages\httpx\_client.py", line 942 in _send_handling_auth
  File "C:\Users\midoa\Downloads\letsfly_full_source_both\Windows\.venv\Lib\site-packages\httpx\_client.py", line 914 in send
  File "C:\Users\midoa\Downloads\letsfly_full_source_both\Windows\.venv\Lib\site-packages\httpx\_client.py", line 825 in request
  File "C:\Users\midoa\Downloads\letsfly_full_source_both\Windows\client\network\api_client.py", line 38 in _request
  File "C:\Users\midoa\Downloads\letsfly_full_source_both\Windows\client\network\api_client.py", line 78 in me
  File "C:\Users\midoa\Downloads\letsfly_full_source_both\Windows\client\client_app.py", line 522 in worker
  File "C:\Users\midoa\AppData\Local\Python\pythoncore-3.14-64\Lib\threading.py", line 1024 in run
  File "C:\Users\midoa\AppData\Local\Python\pythoncore-3.14-64\Lib\threading.py", line 1082 in _bootstrap_inner
  File "C:\Users\midoa\AppData\Local\Python\pythoncore-3.14-64\Lib\threading.py", line 1044 in _bootstrap

Current thread 0x000023a4 (most recent call first):
  File "C:\Users\midoa\Downloads\letsfly_full_source_both\Windows\client\main.py", line 132 in main
  File "C:\Users\midoa\Downloads\letsfly_full_source_both\Windows\client\main.py", line 135 in <module>

Current thread's C stack trace (most recent call first):
  <cannot get C stack on this system>
Windows fatal exception: code 0x8001010d

Thread 0x0000330c [Thread-1 (worker)] (most recent call first):
  File "C:\Users\midoa\AppData\Local\Python\pythoncore-3.14-64\Lib\socket.py", line 859 in create_connection
  File "C:\Users\midoa\Downloads\letsfly_full_source_both\Windows\.venv\Lib\site-packages\httpcore\_backends\sync.py", line 208 in connect_tcp
  File "C:\Users\midoa\Downloads\letsfly_full_source_both\Windows\.venv\Lib\site-packages\httpcore\_sync\connection.py", line 124 in _connect
  File "C:\Users\midoa\Downloads\letsfly_full_source_both\Windows\.venv\Lib\site-packages\httpcore\_sync\connection.py", line 78 in handle_request
  File "C:\Users\midoa\Downloads\letsfly_full_source_both\Windows\.venv\Lib\site-packages\httpcore\_sync\connection_pool.py", line 236 in handle_request
  File "C:\Users\midoa\Downloads\letsfly_full_source_both\Windows\.venv\Lib\site-packages\httpx\_transports\default.py", line 250 in handle_request
  File "C:\Users\midoa\Downloads\letsfly_full_source_both\Windows\.venv\Lib\site-packages\httpx\_client.py", line 1014 in _send_single_request
  File "C:\Users\midoa\Downloads\letsfly_full_source_both\Windows\.venv\Lib\site-packages\httpx\_client.py", line 979 in _send_handling_redirects
  File "C:\Users\midoa\Downloads\letsfly_full_source_both\Windows\.venv\Lib\site-packages\httpx\_client.py", line 942 in _send_handling_auth
  File "C:\Users\midoa\Downloads\letsfly_full_source_both\Windows\.venv\Lib\site-packages\httpx\_client.py", line 914 in send
  File "C:\Users\midoa\Downloads\letsfly_full_source_both\Windows\.venv\Lib\site-packages\httpx\_client.py", line 825 in request
  File "C:\Users\midoa\Downloads\letsfly_full_source_both\Windows\client\network\api_client.py", line 38 in _request
  File "C:\Users\midoa\Downloads\letsfly_full_source_both\Windows\client\network\api_client.py", line 78 in me
  File "C:\Users\midoa\Downloads\letsfly_full_source_both\Windows\client\client_app.py", line 522 in worker
  File "C:\Users\midoa\AppData\Local\Python\pythoncore-3.14-64\Lib\threading.py", line 1024 in run
  File "C:\Users\midoa\AppData\Local\Python\pythoncore-3.14-64\Lib\threading.py", line 1082 in _bootstrap_inner
  File "C:\Users\midoa\AppData\Local\Python\pythoncore-3.14-64\Lib\threading.py", line 1044 in _bootstrap

Current thread 0x000016c8 (most recent call first):
  File "C:\Users\midoa\Downloads\letsfly_full_source_both\Windows\client\main.py", line 132 in main
  File "C:\Users\midoa\Downloads\letsfly_full_source_both\Windows\client\main.py", line 135 in <module>

Current thread's C stack trace (most recent call first):
  <cannot get C stack on this system>
Windows fatal exception: code 0x8001010d

Thread 0x0000276c [Thread-1 (worker)] (most recent call first):
  File "C:\Users\midoa\AppData\Local\Python\pythoncore-3.14-64\Lib\socket.py", line 859 in create_connection
  File "C:\Users\midoa\Downloads\letsfly_full_source_both\Windows\.venv\Lib\site-packages\httpcore\_backends\sync.py", line 208 in connect_tcp
  File "C:\Users\midoa\Downloads\letsfly_full_source_both\Windows\.venv\Lib\site-packages\httpcore\_sync\connection.py", line 124 in _connect
  File "C:\Users\midoa\Downloads\letsfly_full_source_both\Windows\.venv\Lib\site-packages\httpcore\_sync\connection.py", line 78 in handle_request
  File "C:\Users\midoa\Downloads\letsfly_full_source_both\Windows\.venv\Lib\site-packages\httpcore\_sync\connection_pool.py", line 236 in handle_request
  File "C:\Users\midoa\Downloads\letsfly_full_source_both\Windows\.venv\Lib\site-packages\httpx\_transports\default.py", line 250 in handle_request
  File "C:\Users\midoa\Downloads\letsfly_full_source_both\Windows\.venv\Lib\site-packages\httpx\_client.py", line 1014 in _send_single_request
  File "C:\Users\midoa\Downloads\letsfly_full_source_both\Windows\.venv\Lib\site-packages\httpx\_client.py", line 979 in _send_handling_redirects
  File "C:\Users\midoa\Downloads\letsfly_full_source_both\Windows\.venv\Lib\site-packages\httpx\_client.py", line 942 in _send_handling_auth
  File "C:\Users\midoa\Downloads\letsfly_full_source_both\Windows\.venv\Lib\site-packages\httpx\_client.py", line 914 in send
  File "C:\Users\midoa\Downloads\letsfly_full_source_both\Windows\.venv\Lib\site-packages\httpx\_client.py", line 825 in request
  File "C:\Users\midoa\Downloads\letsfly_full_source_both\Windows\client\network\api_client.py", line 38 in _request
  File "C:\Users\midoa\Downloads\letsfly_full_source_both\Windows\client\network\api_client.py", line 78 in me
  File "C:\Users\midoa\Downloads\letsfly_full_source_both\Windows\client\client_app.py", line 522 in worker
  File "C:\Users\midoa\AppData\Local\Python\pythoncore-3.14-64\Lib\threading.py", line 1024 in run
  File "C:\Users\midoa\AppData\Local\Python\pythoncore-3.14-64\Lib\threading.py", line 1082 in _bootstrap_inner
  File "C:\Users\midoa\AppData\Local\Python\pythoncore-3.14-64\Lib\threading.py", line 1044 in _bootstrap

Current thread 0x00002cdc (most recent call first):
  File "C:\Users\midoa\Downloads\letsfly_full_source_both\Windows\client\main.py", line 132 in main
  File "C:\Users\midoa\Downloads\letsfly_full_source_both\Windows\client\main.py", line 135 in <module>

Current thread's C stack trace (most recent call first):
  <cannot get C stack on this system>
Windows fatal exception: code 0x8001010d

Thread 0x00000710 [Thread-1 (worker)] (most recent call first):
  File "C:\Users\midoa\AppData\Local\Python\pythoncore-3.14-64\Lib\socket.py", line 987 in getaddrinfo
  File "C:\Users\midoa\AppData\Local\Python\pythoncore-3.14-64\Lib\socket.py", line 850 in create_connection
  File "C:\Users\midoa\Downloads\letsfly_full_source_both\Windows\.venv\Lib\site-packages\httpcore\_backends\sync.py", line 208 in connect_tcp
  File "C:\Users\midoa\Downloads\letsfly_full_source_both\Windows\.venv\Lib\site-packages\httpcore\_sync\connection.py", line 124 in _connect
  File "C:\Users\midoa\Downloads\letsfly_full_source_both\Windows\.venv\Lib\site-packages\httpcore\_sync\connection.py", line 78 in handle_request
  File "C:\Users\midoa\Downloads\letsfly_full_source_both\Windows\.venv\Lib\site-packages\httpcore\_sync\connection_pool.py", line 236 in handle_request
  File "C:\Users\midoa\Downloads\letsfly_full_source_both\Windows\.venv\Lib\site-packages\httpx\_transports\default.py", line 250 in handle_request
  File "C:\Users\midoa\Downloads\letsfly_full_source_both\Windows\.venv\Lib\site-packages\httpx\_client.py", line 1014 in _send_single_request
  File "C:\Users\midoa\Downloads\letsfly_full_source_both\Windows\.venv\Lib\site-packages\httpx\_client.py", line 979 in _send_handling_redirects
  File "C:\Users\midoa\Downloads\letsfly_full_source_both\Windows\.venv\Lib\site-packages\httpx\_client.py", line 942 in _send_handling_auth
  File "C:\Users\midoa\Downloads\letsfly_full_source_both\Windows\.venv\Lib\site-packages\httpx\_client.py", line 914 in send
  File "C:\Users\midoa\Downloads\letsfly_full_source_both\Windows\.venv\Lib\site-packages\httpx\_client.py", line 825 in request
  File "C:\Users\midoa\Downloads\letsfly_full_source_both\Windows\client\network\api_client.py", line 38 in _request
  File "C:\Users\midoa\Downloads\letsfly_full_source_both\Windows\client\network\api_client.py", line 78 in me
  File "C:\Users\midoa\Downloads\letsfly_full_source_both\Windows\client\client_app.py", line 522 in worker
  File "C:\Users\midoa\AppData\Local\Python\pythoncore-3.14-64\Lib\threading.py", line 1024 in run
  File "C:\Users\midoa\AppData\Local\Python\pythoncore-3.14-64\Lib\threading.py", line 1082 in _bootstrap_inner
  File "C:\Users\midoa\AppData\Local\Python\pythoncore-3.14-64\Lib\threading.py", line 1044 in _bootstrap

Current thread 0x0000378c (most recent call first):
  File "C:\Users\midoa\Downloads\letsfly_full_source_both\Windows\client\main.py", line 132 in main
  File "C:\Users\midoa\Downloads\letsfly_full_source_both\Windows\client\main.py", line 135 in <module>

Current thread's C stack trace (most recent call first):
  <cannot get C stack on this system>
Windows fatal exception: code 0x8001010d

Thread 0x0000311c [Thread-1 (worker)] (most recent call first):
  File "C:\Users\midoa\AppData\Local\Python\pythoncore-3.14-64\Lib\socket.py", line 859 in create_connection
  File "C:\Users\midoa\Downloads\letsfly_full_source_both\Windows\.venv\Lib\site-packages\httpcore\_backends\sync.py", line 208 in connect_tcp
  File "C:\Users\midoa\Downloads\letsfly_full_source_both\Windows\.venv\Lib\site-packages\httpcore\_sync\connection.py", line 124 in _connect
  File "C:\Users\midoa\Downloads\letsfly_full_source_both\Windows\.venv\Lib\site-packages\httpcore\_sync\connection.py", line 78 in handle_request
  File "C:\Users\midoa\Downloads\letsfly_full_source_both\Windows\.venv\Lib\site-packages\httpcore\_sync\connection_pool.py", line 236 in handle_request
  File "C:\Users\midoa\Downloads\letsfly_full_source_both\Windows\.venv\Lib\site-packages\httpx\_transports\default.py", line 250 in handle_request
  File "C:\Users\midoa\Downloads\letsfly_full_source_both\Windows\.venv\Lib\site-packages\httpx\_client.py", line 1014 in _send_single_request
  File "C:\Users\midoa\Downloads\letsfly_full_source_both\Windows\.venv\Lib\site-packages\httpx\_client.py", line 979 in _send_handling_redirects
  File "C:\Users\midoa\Downloads\letsfly_full_source_both\Windows\.venv\Lib\site-packages\httpx\_client.py", line 942 in _send_handling_auth
  File "C:\Users\midoa\Downloads\letsfly_full_source_both\Windows\.venv\Lib\site-packages\httpx\_client.py", line 914 in send
  File "C:\Users\midoa\Downloads\letsfly_full_source_both\Windows\.venv\Lib\site-packages\httpx\_client.py", line 825 in request
  File "C:\Users\midoa\Downloads\letsfly_full_source_both\Windows\client\network\api_client.py", line 38 in _request
  File "C:\Users\midoa\Downloads\letsfly_full_source_both\Windows\client\network\api_client.py", line 78 in me
  File "C:\Users\midoa\Downloads\letsfly_full_source_both\Windows\client\client_app.py", line 522 in worker
  File "C:\Users\midoa\AppData\Local\Python\pythoncore-3.14-64\Lib\threading.py", line 1024 in run
  File "C:\Users\midoa\AppData\Local\Python\pythoncore-3.14-64\Lib\threading.py", line 1082 in _bootstrap_inner
  File "C:\Users\midoa\AppData\Local\Python\pythoncore-3.14-64\Lib\threading.py", line 1044 in _bootstrap

Current thread 0x000022d8 (most recent call first):
  File "C:\Users\midoa\Downloads\letsfly_full_source_both\Windows\client\main.py", line 132 in main
  File "C:\Users\midoa\Downloads\letsfly_full_source_both\Windows\client\main.py", line 135 in <module>

Current thread's C stack trace (most recent call first):
  <cannot get C stack on this system>
Windows fatal exception: code 0x8001010d

Thread 0x00003180 [Thread-1 (worker)] (most recent call first):
  File "C:\Users\midoa\AppData\Local\Python\pythoncore-3.14-64\Lib\socket.py", line 987 in getaddrinfo
  File "C:\Users\midoa\AppData\Local\Python\pythoncore-3.14-64\Lib\socket.py", line 850 in create_connection
  File "C:\Users\midoa\Downloads\letsfly_full_source_both\Windows\.venv\Lib\site-packages\httpcore\_backends\sync.py", line 208 in connect_tcp
  File "C:\Users\midoa\Downloads\letsfly_full_source_both\Windows\.venv\Lib\site-packages\httpcore\_sync\connection.py", line 124 in _connect
  File "C:\Users\midoa\Downloads\letsfly_full_source_both\Windows\.venv\Lib\site-packages\httpcore\_sync\connection.py", line 78 in handle_request
  File "C:\Users\midoa\Downloads\letsfly_full_source_both\Windows\.venv\Lib\site-packages\httpcore\_sync\connection_pool.py", line 236 in handle_request
  File "C:\Users\midoa\Downloads\letsfly_full_source_both\Windows\.venv\Lib\site-packages\httpx\_transports\default.py", line 250 in handle_request
  File "C:\Users\midoa\Downloads\letsfly_full_source_both\Windows\.venv\Lib\site-packages\httpx\_client.py", line 1014 in _send_single_request
  File "C:\Users\midoa\Downloads\letsfly_full_source_both\Windows\.venv\Lib\site-packages\httpx\_client.py", line 979 in _send_handling_redirects
  File "C:\Users\midoa\Downloads\letsfly_full_source_both\Windows\.venv\Lib\site-packages\httpx\_client.py", line 942 in _send_handling_auth
  File "C:\Users\midoa\Downloads\letsfly_full_source_both\Windows\.venv\Lib\site-packages\httpx\_client.py", line 914 in send
  File "C:\Users\midoa\Downloads\letsfly_full_source_both\Windows\.venv\Lib\site-packages\httpx\_client.py", line 825 in request
  File "C:\Users\midoa\Downloads\letsfly_full_source_both\Windows\client\network\api_client.py", line 38 in _request
  File "C:\Users\midoa\Downloads\letsfly_full_source_both\Windows\client\network\api_client.py", line 78 in me
  File "C:\Users\midoa\Downloads\letsfly_full_source_both\Windows\client\client_app.py", line 522 in worker
  File "C:\Users\midoa\AppData\Local\Python\pythoncore-3.14-64\Lib\threading.py", line 1024 in run
  File "C:\Users\midoa\AppData\Local\Python\pythoncore-3.14-64\Lib\threading.py", line 1082 in _bootstrap_inner
  File "C:\Users\midoa\AppData\Local\Python\pythoncore-3.14-64\Lib\threading.py", line 1044 in _bootstrap

Current thread 0x00003ae0 (most recent call first):
  File "C:\Users\midoa\Downloads\letsfly_full_source_both\Windows\client\main.py", line 132 in main
  File "C:\Users\midoa\Downloads\letsfly_full_source_both\Windows\client\main.py", line 135 in <module>

Current thread's C stack trace (most recent call first):
  <cannot get C stack on this system>
Windows fatal exception: code 0x8001010d

Thread 0x000019a8 [Thread-1 (worker)] (most recent call first):
  File "C:\Users\midoa\AppData\Local\Python\pythoncore-3.14-64\Lib\socket.py", line 987 in getaddrinfo
  File "C:\Users\midoa\AppData\Local\Python\pythoncore-3.14-64\Lib\socket.py", line 850 in create_connection
  File "C:\Users\midoa\Downloads\letsfly_full_source_both\Windows\.venv\Lib\site-packages\httpcore\_backends\sync.py", line 208 in connect_tcp
  File "C:\Users\midoa\Downloads\letsfly_full_source_both\Windows\.venv\Lib\site-packages\httpcore\_sync\connection.py", line 124 in _connect
  File "C:\Users\midoa\Downloads\letsfly_full_source_both\Windows\.venv\Lib\site-packages\httpcore\_sync\connection.py", line 78 in handle_request
  File "C:\Users\midoa\Downloads\letsfly_full_source_both\Windows\.venv\Lib\site-packages\httpcore\_sync\connection_pool.py", line 236 in handle_request
  File "C:\Users\midoa\Downloads\letsfly_full_source_both\Windows\.venv\Lib\site-packages\httpx\_transports\default.py", line 250 in handle_request
  File "C:\Users\midoa\Downloads\letsfly_full_source_both\Windows\.venv\Lib\site-packages\httpx\_client.py", line 1014 in _send_single_request
  File "C:\Users\midoa\Downloads\letsfly_full_source_both\Windows\.venv\Lib\site-packages\httpx\_client.py", line 979 in _send_handling_redirects
  File "C:\Users\midoa\Downloads\letsfly_full_source_both\Windows\.venv\Lib\site-packages\httpx\_client.py", line 942 in _send_handling_auth
  File "C:\Users\midoa\Downloads\letsfly_full_source_both\Windows\.venv\Lib\site-packages\httpx\_client.py", line 914 in send
  File "C:\Users\midoa\Downloads\letsfly_full_source_both\Windows\.venv\Lib\site-packages\httpx\_client.py", line 825 in request
  File "C:\Users\midoa\Downloads\letsfly_full_source_both\Windows\client\network\api_client.py", line 38 in _request
  File "C:\Users\midoa\Downloads\letsfly_full_source_both\Windows\client\network\api_client.py", line 78 in me
  File "C:\Users\midoa\Downloads\letsfly_full_source_both\Windows\client\client_app.py", line 522 in worker
  File "C:\Users\midoa\AppData\Local\Python\pythoncore-3.14-64\Lib\threading.py", line 1024 in run
  File "C:\Users\midoa\AppData\Local\Python\pythoncore-3.14-64\Lib\threading.py", line 1082 in _bootstrap_inner
  File "C:\Users\midoa\AppData\Local\Python\pythoncore-3.14-64\Lib\threading.py", line 1044 in _bootstrap

Current thread 0x00000710 (most recent call first):
  File "C:\Users\midoa\Downloads\letsfly_full_source_both\Windows\client\main.py", line 132 in main
  File "C:\Users\midoa\Downloads\letsfly_full_source_both\Windows\client\main.py", line 135 in <module>

Current thread's C stack trace (most recent call first):
  <cannot get C stack on this system>
Windows fatal exception: code 0x8001010d

Thread 0x00000cf8 [Thread-1 (worker)] (most recent call first):
  File "C:\Users\midoa\AppData\Local\Python\pythoncore-3.14-64\Lib\socket.py", line 987 in getaddrinfo
  File "C:\Users\midoa\AppData\Local\Python\pythoncore-3.14-64\Lib\socket.py", line 850 in create_connection
  File "C:\Users\midoa\Downloads\letsfly_full_source_both\Windows\.venv\Lib\site-packages\httpcore\_backends\sync.py", line 208 in connect_tcp
  File "C:\Users\midoa\Downloads\letsfly_full_source_both\Windows\.venv\Lib\site-packages\httpcore\_sync\connection.py", line 124 in _connect
  File "C:\Users\midoa\Downloads\letsfly_full_source_both\Windows\.venv\Lib\site-packages\httpcore\_sync\connection.py", line 78 in handle_request
  File "C:\Users\midoa\Downloads\letsfly_full_source_both\Windows\.venv\Lib\site-packages\httpcore\_sync\connection_pool.py", line 236 in handle_request
  File "C:\Users\midoa\Downloads\letsfly_full_source_both\Windows\.venv\Lib\site-packages\httpx\_transports\default.py", line 250 in handle_request
  File "C:\Users\midoa\Downloads\letsfly_full_source_both\Windows\.venv\Lib\site-packages\httpx\_client.py", line 1014 in _send_single_request
  File "C:\Users\midoa\Downloads\letsfly_full_source_both\Windows\.venv\Lib\site-packages\httpx\_client.py", line 979 in _send_handling_redirects
  File "C:\Users\midoa\Downloads\letsfly_full_source_both\Windows\.venv\Lib\site-packages\httpx\_client.py", line 942 in _send_handling_auth
  File "C:\Users\midoa\Downloads\letsfly_full_source_both\Windows\.venv\Lib\site-packages\httpx\_client.py", line 914 in send
  File "C:\Users\midoa\Downloads\letsfly_full_source_both\Windows\.venv\Lib\site-packages\httpx\_client.py", line 825 in request
  File "C:\Users\midoa\Downloads\letsfly_full_source_both\Windows\client\network\api_client.py", line 38 in _request
  File "C:\Users\midoa\Downloads\letsfly_full_source_both\Windows\client\network\api_client.py", line 78 in me
  File "C:\Users\midoa\Downloads\letsfly_full_source_both\Windows\client\client_app.py", line 522 in worker
  File "C:\Users\midoa\AppData\Local\Python\pythoncore-3.14-64\Lib\threading.py", line 1024 in run
  File "C:\Users\midoa\AppData\Local\Python\pythoncore-3.14-64\Lib\threading.py", line 1082 in _bootstrap_inner
  File "C:\Users\midoa\AppData\Local\Python\pythoncore-3.14-64\Lib\threading.py", line 1044 in _bootstrap

Current thread 0x000029e0 (most recent call first):
  File "C:\Users\midoa\Downloads\letsfly_full_source_both\Windows\client\main.py", line 132 in main
  File "C:\Users\midoa\Downloads\letsfly_full_source_both\Windows\client\main.py", line 135 in <module>

Current thread's C stack trace (most recent call first):
  <cannot get C stack on this system>
Windows fatal exception: code 0x8001010d

Thread 0x00003a94 [Thread-1 (worker)] (most recent call first):
  File "C:\Users\midoa\AppData\Local\Python\pythoncore-3.14-64\Lib\socket.py", line 987 in getaddrinfo
  File "C:\Users\midoa\AppData\Local\Python\pythoncore-3.14-64\Lib\socket.py", line 850 in create_connection
  File "C:\Users\midoa\Downloads\letsfly_full_source_both\Windows\.venv\Lib\site-packages\httpcore\_backends\sync.py", line 208 in connect_tcp
  File "C:\Users\midoa\Downloads\letsfly_full_source_both\Windows\.venv\Lib\site-packages\httpcore\_sync\connection.py", line 124 in _connect
  File "C:\Users\midoa\Downloads\letsfly_full_source_both\Windows\.venv\Lib\site-packages\httpcore\_sync\connection.py", line 78 in handle_request
  File "C:\Users\midoa\Downloads\letsfly_full_source_both\Windows\.venv\Lib\site-packages\httpcore\_sync\connection_pool.py", line 236 in handle_request
  File "C:\Users\midoa\Downloads\letsfly_full_source_both\Windows\.venv\Lib\site-packages\httpx\_transports\default.py", line 250 in handle_request
  File "C:\Users\midoa\Downloads\letsfly_full_source_both\Windows\.venv\Lib\site-packages\httpx\_client.py", line 1014 in _send_single_request
  File "C:\Users\midoa\Downloads\letsfly_full_source_both\Windows\.venv\Lib\site-packages\httpx\_client.py", line 979 in _send_handling_redirects
  File "C:\Users\midoa\Downloads\letsfly_full_source_both\Windows\.venv\Lib\site-packages\httpx\_client.py", line 942 in _send_handling_auth
  File "C:\Users\midoa\Downloads\letsfly_full_source_both\Windows\.venv\Lib\site-packages\httpx\_client.py", line 914 in send
  File "C:\Users\midoa\Downloads\letsfly_full_source_both\Windows\.venv\Lib\site-packages\httpx\_client.py", line 825 in request
  File "C:\Users\midoa\Downloads\letsfly_full_source_both\Windows\client\network\api_client.py", line 38 in _request
  File "C:\Users\midoa\Downloads\letsfly_full_source_both\Windows\client\network\api_client.py", line 78 in me
  File "C:\Users\midoa\Downloads\letsfly_full_source_both\Windows\client\client_app.py", line 522 in worker
  File "C:\Users\midoa\AppData\Local\Python\pythoncore-3.14-64\Lib\threading.py", line 1024 in run
  File "C:\Users\midoa\AppData\Local\Python\pythoncore-3.14-64\Lib\threading.py", line 1082 in _bootstrap_inner
  File "C:\Users\midoa\AppData\Local\Python\pythoncore-3.14-64\Lib\threading.py", line 1044 in _bootstrap

Current thread 0x00003b3c (most recent call first):
  File "C:\Users\midoa\Downloads\letsfly_full_source_both\Windows\client\main.py", line 132 in main
  File "C:\Users\midoa\Downloads\letsfly_full_source_both\Windows\client\main.py", line 135 in <module>

Current thread's C stack trace (most recent call first):
  <cannot get C stack on this system>
Windows fatal exception: code 0x8001010d

Thread 0x000036d8 [Thread-1 (worker)] (most recent call first):
  File "C:\Users\midoa\AppData\Local\Python\pythoncore-3.14-64\Lib\socket.py", line 859 in create_connection
  File "C:\Users\midoa\Downloads\letsfly_full_source_both\Windows\.venv\Lib\site-packages\httpcore\_backends\sync.py", line 208 in connect_tcp
  File "C:\Users\midoa\Downloads\letsfly_full_source_both\Windows\.venv\Lib\site-packages\httpcore\_sync\connection.py", line 124 in _connect
  File "C:\Users\midoa\Downloads\letsfly_full_source_both\Windows\.venv\Lib\site-packages\httpcore\_sync\connection.py", line 78 in handle_request
  File "C:\Users\midoa\Downloads\letsfly_full_source_both\Windows\.venv\Lib\site-packages\httpcore\_sync\connection_pool.py", line 236 in handle_request
  File "C:\Users\midoa\Downloads\letsfly_full_source_both\Windows\.venv\Lib\site-packages\httpx\_transports\default.py", line 250 in handle_request
  File "C:\Users\midoa\Downloads\letsfly_full_source_both\Windows\.venv\Lib\site-packages\httpx\_client.py", line 1014 in _send_single_request
  File "C:\Users\midoa\Downloads\letsfly_full_source_both\Windows\.venv\Lib\site-packages\httpx\_client.py", line 979 in _send_handling_redirects
  File "C:\Users\midoa\Downloads\letsfly_full_source_both\Windows\.venv\Lib\site-packages\httpx\_client.py", line 942 in _send_handling_auth
  File "C:\Users\midoa\Downloads\letsfly_full_source_both\Windows\.venv\Lib\site-packages\httpx\_client.py", line 914 in send
  File "C:\Users\midoa\Downloads\letsfly_full_source_both\Windows\.venv\Lib\site-packages\httpx\_client.py", line 825 in request
  File "C:\Users\midoa\Downloads\letsfly_full_source_both\Windows\client\network\api_client.py", line 38 in _request
  File "C:\Users\midoa\Downloads\letsfly_full_source_both\Windows\client\network\api_client.py", line 78 in me
  File "C:\Users\midoa\Downloads\letsfly_full_source_both\Windows\client\client_app.py", line 522 in worker
  File "C:\Users\midoa\AppData\Local\Python\pythoncore-3.14-64\Lib\threading.py", line 1024 in run
  File "C:\Users\midoa\AppData\Local\Python\pythoncore-3.14-64\Lib\threading.py", line 1082 in _bootstrap_inner
  File "C:\Users\midoa\AppData\Local\Python\pythoncore-3.14-64\Lib\threading.py", line 1044 in _bootstrap

Current thread 0x00001f0c (most recent call first):
  File "C:\Users\midoa\Downloads\letsfly_full_source_both\Windows\client\main.py", line 132 in main
  File "C:\Users\midoa\Downloads\letsfly_full_source_both\Windows\client\main.py", line 135 in <module>

Current thread's C stack trace (most recent call first):
  <cannot get C stack on this system>
Windows fatal exception: code 0x8001010d

Thread 0x00000dcc [Thread-1 (worker)] (most recent call first):
  File "C:\Users\midoa\AppData\Local\Python\pythoncore-3.14-64\Lib\socket.py", line 859 in create_connection
  File "C:\Users\midoa\Downloads\letsfly_full_source_both\Windows\.venv\Lib\site-packages\httpcore\_backends\sync.py", line 208 in connect_tcp
  File "C:\Users\midoa\Downloads\letsfly_full_source_both\Windows\.venv\Lib\site-packages\httpcore\_sync\connection.py", line 124 in _connect
  File "C:\Users\midoa\Downloads\letsfly_full_source_both\Windows\.venv\Lib\site-packages\httpcore\_sync\connection.py", line 78 in handle_request
  File "C:\Users\midoa\Downloads\letsfly_full_source_both\Windows\.venv\Lib\site-packages\httpcore\_sync\connection_pool.py", line 236 in handle_request
  File "C:\Users\midoa\Downloads\letsfly_full_source_both\Windows\.venv\Lib\site-packages\httpx\_transports\default.py", line 250 in handle_request
  File "C:\Users\midoa\Downloads\letsfly_full_source_both\Windows\.venv\Lib\site-packages\httpx\_client.py", line 1014 in _send_single_request
  File "C:\Users\midoa\Downloads\letsfly_full_source_both\Windows\.venv\Lib\site-packages\httpx\_client.py", line 979 in _send_handling_redirects
  File "C:\Users\midoa\Downloads\letsfly_full_source_both\Windows\.venv\Lib\site-packages\httpx\_client.py", line 942 in _send_handling_auth
  File "C:\Users\midoa\Downloads\letsfly_full_source_both\Windows\.venv\Lib\site-packages\httpx\_client.py", line 914 in send
  File "C:\Users\midoa\Downloads\letsfly_full_source_both\Windows\.venv\Lib\site-packages\httpx\_client.py", line 825 in request
  File "C:\Users\midoa\Downloads\letsfly_full_source_both\Windows\client\network\api_client.py", line 38 in _request
  File "C:\Users\midoa\Downloads\letsfly_full_source_both\Windows\client\network\api_client.py", line 78 in me
  File "C:\Users\midoa\Downloads\letsfly_full_source_both\Windows\client\client_app.py", line 522 in worker
  File "C:\Users\midoa\AppData\Local\Python\pythoncore-3.14-64\Lib\threading.py", line 1024 in run
  File "C:\Users\midoa\AppData\Local\Python\pythoncore-3.14-64\Lib\threading.py", line 1082 in _bootstrap_inner
  File "C:\Users\midoa\AppData\Local\Python\pythoncore-3.14-64\Lib\threading.py", line 1044 in _bootstrap

Current thread 0x00000a14 (most recent call first):
  File "C:\Users\midoa\Downloads\letsfly_full_source_both\Windows\client\main.py", line 132 in main
  File "C:\Users\midoa\Downloads\letsfly_full_source_both\Windows\client\main.py", line 135 in <module>

Current thread's C stack trace (most recent call first):
  <cannot get C stack on this system>
Windows fatal exception: code 0x8001010d

Thread 0x0000150c [Thread-1 (worker)] (most recent call first):
  File "C:\Users\midoa\AppData\Local\Python\pythoncore-3.14-64\Lib\socket.py", line 987 in getaddrinfo
  File "C:\Users\midoa\AppData\Local\Python\pythoncore-3.14-64\Lib\socket.py", line 850 in create_connection
  File "C:\Users\midoa\Downloads\letsfly_full_source_both\Windows\.venv\Lib\site-packages\httpcore\_backends\sync.py", line 208 in connect_tcp
  File "C:\Users\midoa\Downloads\letsfly_full_source_both\Windows\.venv\Lib\site-packages\httpcore\_sync\connection.py", line 124 in _connect
  File "C:\Users\midoa\Downloads\letsfly_full_source_both\Windows\.venv\Lib\site-packages\httpcore\_sync\connection.py", line 78 in handle_request
  File "C:\Users\midoa\Downloads\letsfly_full_source_both\Windows\.venv\Lib\site-packages\httpcore\_sync\connection_pool.py", line 236 in handle_request
  File "C:\Users\midoa\Downloads\letsfly_full_source_both\Windows\.venv\Lib\site-packages\httpx\_transports\default.py", line 250 in handle_request
  File "C:\Users\midoa\Downloads\letsfly_full_source_both\Windows\.venv\Lib\site-packages\httpx\_client.py", line 1014 in _send_single_request
  File "C:\Users\midoa\Downloads\letsfly_full_source_both\Windows\.venv\Lib\site-packages\httpx\_client.py", line 979 in _send_handling_redirects
  File "C:\Users\midoa\Downloads\letsfly_full_source_both\Windows\.venv\Lib\site-packages\httpx\_client.py", line 942 in _send_handling_auth
  File "C:\Users\midoa\Downloads\letsfly_full_source_both\Windows\.venv\Lib\site-packages\httpx\_client.py", line 914 in send
  File "C:\Users\midoa\Downloads\letsfly_full_source_both\Windows\.venv\Lib\site-packages\httpx\_client.py", line 825 in request
  File "C:\Users\midoa\Downloads\letsfly_full_source_both\Windows\client\network\api_client.py", line 38 in _request
  File "C:\Users\midoa\Downloads\letsfly_full_source_both\Windows\client\network\api_client.py", line 78 in me
  File "C:\Users\midoa\Downloads\letsfly_full_source_both\Windows\client\client_app.py", line 522 in worker
  File "C:\Users\midoa\AppData\Local\Python\pythoncore-3.14-64\Lib\threading.py", line 1024 in run
  File "C:\Users\midoa\AppData\Local\Python\pythoncore-3.14-64\Lib\threading.py", line 1082 in _bootstrap_inner
  File "C:\Users\midoa\AppData\Local\Python\pythoncore-3.14-64\Lib\threading.py", line 1044 in _bootstrap

Current thread 0x0000073c (most recent call first):
  File "C:\Users\midoa\Downloads\letsfly_full_source_both\Windows\client\main.py", line 132 in main
  File "C:\Users\midoa\Downloads\letsfly_full_source_both\Windows\client\main.py", line 135 in <module>

Current thread's C stack trace (most recent call first):
  <cannot get C stack on this system>
Windows fatal exception: code 0x8001010d

Thread 0x00000890 [Thread-1 (worker)] (most recent call first):
  File "C:\Users\midoa\AppData\Local\Python\pythoncore-3.14-64\Lib\socket.py", line 987 in getaddrinfo
  File "C:\Users\midoa\AppData\Local\Python\pythoncore-3.14-64\Lib\socket.py", line 850 in create_connection
  File "C:\Users\midoa\Downloads\letsfly_full_source_both\Windows\.venv\Lib\site-packages\httpcore\_backends\sync.py", line 208 in connect_tcp
  File "C:\Users\midoa\Downloads\letsfly_full_source_both\Windows\.venv\Lib\site-packages\httpcore\_sync\connection.py", line 124 in _connect
  File "C:\Users\midoa\Downloads\letsfly_full_source_both\Windows\.venv\Lib\site-packages\httpcore\_sync\connection.py", line 78 in handle_request
  File "C:\Users\midoa\Downloads\letsfly_full_source_both\Windows\.venv\Lib\site-packages\httpcore\_sync\connection_pool.py", line 236 in handle_request
  File "C:\Users\midoa\Downloads\letsfly_full_source_both\Windows\.venv\Lib\site-packages\httpx\_transports\default.py", line 250 in handle_request
  File "C:\Users\midoa\Downloads\letsfly_full_source_both\Windows\.venv\Lib\site-packages\httpx\_client.py", line 1014 in _send_single_request
  File "C:\Users\midoa\Downloads\letsfly_full_source_both\Windows\.venv\Lib\site-packages\httpx\_client.py", line 979 in _send_handling_redirects
  File "C:\Users\midoa\Downloads\letsfly_full_source_both\Windows\.venv\Lib\site-packages\httpx\_client.py", line 942 in _send_handling_auth
  File "C:\Users\midoa\Downloads\letsfly_full_source_both\Windows\.venv\Lib\site-packages\httpx\_client.py", line 914 in send
  File "C:\Users\midoa\Downloads\letsfly_full_source_both\Windows\.venv\Lib\site-packages\httpx\_client.py", line 825 in request
  File "C:\Users\midoa\Downloads\letsfly_full_source_both\Windows\client\network\api_client.py", line 38 in _request
  File "C:\Users\midoa\Downloads\letsfly_full_source_both\Windows\client\network\api_client.py", line 78 in me
  File "C:\Users\midoa\Downloads\letsfly_full_source_both\Windows\client\client_app.py", line 522 in worker
  File "C:\Users\midoa\AppData\Local\Python\pythoncore-3.14-64\Lib\threading.py", line 1024 in run
  File "C:\Users\midoa\AppData\Local\Python\pythoncore-3.14-64\Lib\threading.py", line 1082 in _bootstrap_inner
  File "C:\Users\midoa\AppData\Local\Python\pythoncore-3.14-64\Lib\threading.py", line 1044 in _bootstrap

Current thread 0x00000cec (most recent call first):
  File "C:\Users\midoa\Downloads\letsfly_full_source_both\Windows\client\main.py", line 132 in main
  File "C:\Users\midoa\Downloads\letsfly_full_source_both\Windows\client\main.py", line 135 in <module>

Current thread's C stack trace (most recent call first):
  <cannot get C stack on this system>
Windows fatal exception: code 0x8001010d

Thread 0x00002110 [Thread-1 (worker)] (most recent call first):
  File "C:\Users\midoa\AppData\Local\Python\pythoncore-3.14-64\Lib\socket.py", line 987 in getaddrinfo
  File "C:\Users\midoa\AppData\Local\Python\pythoncore-3.14-64\Lib\socket.py", line 850 in create_connection
  File "C:\Users\midoa\Downloads\letsfly_full_source_both\Windows\.venv\Lib\site-packages\httpcore\_backends\sync.py", line 208 in connect_tcp
  File "C:\Users\midoa\Downloads\letsfly_full_source_both\Windows\.venv\Lib\site-packages\httpcore\_sync\connection.py", line 124 in _connect
  File "C:\Users\midoa\Downloads\letsfly_full_source_both\Windows\.venv\Lib\site-packages\httpcore\_sync\connection.py", line 78 in handle_request
  File "C:\Users\midoa\Downloads\letsfly_full_source_both\Windows\.venv\Lib\site-packages\httpcore\_sync\connection_pool.py", line 236 in handle_request
  File "C:\Users\midoa\Downloads\letsfly_full_source_both\Windows\.venv\Lib\site-packages\httpx\_transports\default.py", line 250 in handle_request
  File "C:\Users\midoa\Downloads\letsfly_full_source_both\Windows\.venv\Lib\site-packages\httpx\_client.py", line 1014 in _send_single_request
  File "C:\Users\midoa\Downloads\letsfly_full_source_both\Windows\.venv\Lib\site-packages\httpx\_client.py", line 979 in _send_handling_redirects
  File "C:\Users\midoa\Downloads\letsfly_full_source_both\Windows\.venv\Lib\site-packages\httpx\_client.py", line 942 in _send_handling_auth
  File "C:\Users\midoa\Downloads\letsfly_full_source_both\Windows\.venv\Lib\site-packages\httpx\_client.py", line 914 in send
  File "C:\Users\midoa\Downloads\letsfly_full_source_both\Windows\.venv\Lib\site-packages\httpx\_client.py", line 825 in request
  File "C:\Users\midoa\Downloads\letsfly_full_source_both\Windows\client\network\api_client.py", line 38 in _request
  File "C:\Users\midoa\Downloads\letsfly_full_source_both\Windows\client\network\api_client.py", line 78 in me
  File "C:\Users\midoa\Downloads\letsfly_full_source_both\Windows\client\client_app.py", line 522 in worker
  File "C:\Users\midoa\AppData\Local\Python\pythoncore-3.14-64\Lib\threading.py", line 1024 in run
  File "C:\Users\midoa\AppData\Local\Python\pythoncore-3.14-64\Lib\threading.py", line 1082 in _bootstrap_inner
  File "C:\Users\midoa\AppData\Local\Python\pythoncore-3.14-64\Lib\threading.py", line 1044 in _bootstrap

Current thread 0x00000528 (most recent call first):
  File "C:\Users\midoa\Downloads\letsfly_full_source_both\Windows\client\main.py", line 132 in main
  File "C:\Users\midoa\Downloads\letsfly_full_source_both\Windows\client\main.py", line 135 in <module>

Current thread's C stack trace (most recent call first):
  <cannot get C stack on this system>
Windows fatal exception: code 0x8001010d

Thread 0x00001660 [Thread-1 (worker)] (most recent call first):
  File "C:\Users\midoa\AppData\Local\Python\pythoncore-3.14-64\Lib\socket.py", line 859 in create_connection
  File "C:\Users\midoa\Downloads\letsfly_full_source_both\Windows\.venv\Lib\site-packages\httpcore\_backends\sync.py", line 208 in connect_tcp
  File "C:\Users\midoa\Downloads\letsfly_full_source_both\Windows\.venv\Lib\site-packages\httpcore\_sync\connection.py", line 124 in _connect
  File "C:\Users\midoa\Downloads\letsfly_full_source_both\Windows\.venv\Lib\site-packages\httpcore\_sync\connection.py", line 78 in handle_request
  File "C:\Users\midoa\Downloads\letsfly_full_source_both\Windows\.venv\Lib\site-packages\httpcore\_sync\connection_pool.py", line 236 in handle_request
  File "C:\Users\midoa\Downloads\letsfly_full_source_both\Windows\.venv\Lib\site-packages\httpx\_transports\default.py", line 250 in handle_request
  File "C:\Users\midoa\Downloads\letsfly_full_source_both\Windows\.venv\Lib\site-packages\httpx\_client.py", line 1014 in _send_single_request
  File "C:\Users\midoa\Downloads\letsfly_full_source_both\Windows\.venv\Lib\site-packages\httpx\_client.py", line 979 in _send_handling_redirects
  File "C:\Users\midoa\Downloads\letsfly_full_source_both\Windows\.venv\Lib\site-packages\httpx\_client.py", line 942 in _send_handling_auth
  File "C:\Users\midoa\Downloads\letsfly_full_source_both\Windows\.venv\Lib\site-packages\httpx\_client.py", line 914 in send
  File "C:\Users\midoa\Downloads\letsfly_full_source_both\Windows\.venv\Lib\site-packages\httpx\_client.py", line 825 in request
  File "C:\Users\midoa\Downloads\letsfly_full_source_both\Windows\client\network\api_client.py", line 38 in _request
  File "C:\Users\midoa\Downloads\letsfly_full_source_both\Windows\client\network\api_client.py", line 78 in me
  File "C:\Users\midoa\Downloads\letsfly_full_source_both\Windows\client\client_app.py", line 522 in worker
  File "C:\Users\midoa\AppData\Local\Python\pythoncore-3.14-64\Lib\threading.py", line 1024 in run
  File "C:\Users\midoa\AppData\Local\Python\pythoncore-3.14-64\Lib\threading.py", line 1082 in _bootstrap_inner
  File "C:\Users\midoa\AppData\Local\Python\pythoncore-3.14-64\Lib\threading.py", line 1044 in _bootstrap

Current thread 0x00002afc (most recent call first):
  File "C:\Users\midoa\Downloads\letsfly_full_source_both\Windows\client\main.py", line 132 in main
  File "C:\Users\midoa\Downloads\letsfly_full_source_both\Windows\client\main.py", line 135 in <module>

Current thread's C stack trace (most recent call first):
  <cannot get C stack on this system>
Windows fatal exception: code 0x8001010d

Thread 0x00003244 [Thread-1 (worker)] (most recent call first):
  File "C:\Users\midoa\AppData\Local\Python\pythoncore-3.14-64\Lib\socket.py", line 987 in getaddrinfo
  File "C:\Users\midoa\AppData\Local\Python\pythoncore-3.14-64\Lib\socket.py", line 850 in create_connection
  File "C:\Users\midoa\Downloads\letsfly_full_source_both\Windows\.venv\Lib\site-packages\httpcore\_backends\sync.py", line 208 in connect_tcp
  File "C:\Users\midoa\Downloads\letsfly_full_source_both\Windows\.venv\Lib\site-packages\httpcore\_sync\connection.py", line 124 in _connect
  File "C:\Users\midoa\Downloads\letsfly_full_source_both\Windows\.venv\Lib\site-packages\httpcore\_sync\connection.py", line 78 in handle_request
  File "C:\Users\midoa\Downloads\letsfly_full_source_both\Windows\.venv\Lib\site-packages\httpcore\_sync\connection_pool.py", line 236 in handle_request
  File "C:\Users\midoa\Downloads\letsfly_full_source_both\Windows\.venv\Lib\site-packages\httpx\_transports\default.py", line 250 in handle_request
  File "C:\Users\midoa\Downloads\letsfly_full_source_both\Windows\.venv\Lib\site-packages\httpx\_client.py", line 1014 in _send_single_request
  File "C:\Users\midoa\Downloads\letsfly_full_source_both\Windows\.venv\Lib\site-packages\httpx\_client.py", line 979 in _send_handling_redirects
  File "C:\Users\midoa\Downloads\letsfly_full_source_both\Windows\.venv\Lib\site-packages\httpx\_client.py", line 942 in _send_handling_auth
  File "C:\Users\midoa\Downloads\letsfly_full_source_both\Windows\.venv\Lib\site-packages\httpx\_client.py", line 914 in send
  File "C:\Users\midoa\Downloads\letsfly_full_source_both\Windows\.venv\Lib\site-packages\httpx\_client.py", line 825 in request
  File "C:\Users\midoa\Downloads\letsfly_full_source_both\Windows\client\network\api_client.py", line 38 in _request
  File "C:\Users\midoa\Downloads\letsfly_full_source_both\Windows\client\network\api_client.py", line 78 in me
  File "C:\Users\midoa\Downloads\letsfly_full_source_both\Windows\client\client_app.py", line 522 in worker
  File "C:\Users\midoa\AppData\Local\Python\pythoncore-3.14-64\Lib\threading.py", line 1024 in run
  File "C:\Users\midoa\AppData\Local\Python\pythoncore-3.14-64\Lib\threading.py", line 1082 in _bootstrap_inner
  File "C:\Users\midoa\AppData\Local\Python\pythoncore-3.14-64\Lib\threading.py", line 1044 in _bootstrap

Current thread 0x000030c4 (most recent call first):
  File "C:\Users\midoa\Downloads\letsfly_full_source_both\Windows\client\main.py", line 132 in main
  File "C:\Users\midoa\Downloads\letsfly_full_source_both\Windows\client\main.py", line 135 in <module>

Current thread's C stack trace (most recent call first):
  <cannot get C stack on this system>
Windows fatal exception: code 0x8001010d

Thread 0x00001dc8 [Thread-1 (worker)] (most recent call first):
  File "C:\Users\midoa\AppData\Local\Python\pythoncore-3.14-64\Lib\socket.py", line 987 in getaddrinfo
  File "C:\Users\midoa\AppData\Local\Python\pythoncore-3.14-64\Lib\socket.py", line 850 in create_connection
  File "C:\Users\midoa\Downloads\letsfly_full_source_both\Windows\.venv\Lib\site-packages\httpcore\_backends\sync.py", line 208 in connect_tcp
  File "C:\Users\midoa\Downloads\letsfly_full_source_both\Windows\.venv\Lib\site-packages\httpcore\_sync\connection.py", line 124 in _connect
  File "C:\Users\midoa\Downloads\letsfly_full_source_both\Windows\.venv\Lib\site-packages\httpcore\_sync\connection.py", line 78 in handle_request
  File "C:\Users\midoa\Downloads\letsfly_full_source_both\Windows\.venv\Lib\site-packages\httpcore\_sync\connection_pool.py", line 236 in handle_request
  File "C:\Users\midoa\Downloads\letsfly_full_source_both\Windows\.venv\Lib\site-packages\httpx\_transports\default.py", line 250 in handle_request
  File "C:\Users\midoa\Downloads\letsfly_full_source_both\Windows\.venv\Lib\site-packages\httpx\_client.py", line 1014 in _send_single_request
  File "C:\Users\midoa\Downloads\letsfly_full_source_both\Windows\.venv\Lib\site-packages\httpx\_client.py", line 979 in _send_handling_redirects
  File "C:\Users\midoa\Downloads\letsfly_full_source_both\Windows\.venv\Lib\site-packages\httpx\_client.py", line 942 in _send_handling_auth
  File "C:\Users\midoa\Downloads\letsfly_full_source_both\Windows\.venv\Lib\site-packages\httpx\_client.py", line 914 in send
  File "C:\Users\midoa\Downloads\letsfly_full_source_both\Windows\.venv\Lib\site-packages\httpx\_client.py", line 825 in request
  File "C:\Users\midoa\Downloads\letsfly_full_source_both\Windows\client\network\api_client.py", line 38 in _request
  File "C:\Users\midoa\Downloads\letsfly_full_source_both\Windows\client\network\api_client.py", line 78 in me
  File "C:\Users\midoa\Downloads\letsfly_full_source_both\Windows\client\client_app.py", line 522 in worker
  File "C:\Users\midoa\AppData\Local\Python\pythoncore-3.14-64\Lib\threading.py", line 1024 in run
  File "C:\Users\midoa\AppData\Local\Python\pythoncore-3.14-64\Lib\threading.py", line 1082 in _bootstrap_inner
  File "C:\Users\midoa\AppData\Local\Python\pythoncore-3.14-64\Lib\threading.py", line 1044 in _bootstrap

Current thread 0x0000026c (most recent call first):
  File "C:\Users\midoa\Downloads\letsfly_full_source_both\Windows\client\main.py", line 132 in main
  File "C:\Users\midoa\Downloads\letsfly_full_source_both\Windows\client\main.py", line 135 in <module>

Current thread's C stack trace (most recent call first):
  <cannot get C stack on this system>
Windows fatal exception: code 0x8001010d

Thread 0x00001ba0 [Thread-1 (worker)] (most recent call first):
  File "C:\Users\midoa\AppData\Local\Python\pythoncore-3.14-64\Lib\socket.py", line 987 in getaddrinfo
  File "C:\Users\midoa\AppData\Local\Python\pythoncore-3.14-64\Lib\socket.py", line 850 in create_connection
  File "C:\Users\midoa\Downloads\letsfly_full_source_both\Windows\.venv\Lib\site-packages\httpcore\_backends\sync.py", line 208 in connect_tcp
  File "C:\Users\midoa\Downloads\letsfly_full_source_both\Windows\.venv\Lib\site-packages\httpcore\_sync\connection.py", line 124 in _connect
  File "C:\Users\midoa\Downloads\letsfly_full_source_both\Windows\.venv\Lib\site-packages\httpcore\_sync\connection.py", line 78 in handle_request
  File "C:\Users\midoa\Downloads\letsfly_full_source_both\Windows\.venv\Lib\site-packages\httpcore\_sync\connection_pool.py", line 236 in handle_request
  File "C:\Users\midoa\Downloads\letsfly_full_source_both\Windows\.venv\Lib\site-packages\httpx\_transports\default.py", line 250 in handle_request
  File "C:\Users\midoa\Downloads\letsfly_full_source_both\Windows\.venv\Lib\site-packages\httpx\_client.py", line 1014 in _send_single_request
  File "C:\Users\midoa\Downloads\letsfly_full_source_both\Windows\.venv\Lib\site-packages\httpx\_client.py", line 979 in _send_handling_redirects
  File "C:\Users\midoa\Downloads\letsfly_full_source_both\Windows\.venv\Lib\site-packages\httpx\_client.py", line 942 in _send_handling_auth
  File "C:\Users\midoa\Downloads\letsfly_full_source_both\Windows\.venv\Lib\site-packages\httpx\_client.py", line 914 in send
  File "C:\Users\midoa\Downloads\letsfly_full_source_both\Windows\.venv\Lib\site-packages\httpx\_client.py", line 825 in request
  File "C:\Users\midoa\Downloads\letsfly_full_source_both\Windows\client\network\api_client.py", line 38 in _request
  File "C:\Users\midoa\Downloads\letsfly_full_source_both\Windows\client\network\api_client.py", line 78 in me
  File "C:\Users\midoa\Downloads\letsfly_full_source_both\Windows\client\client_app.py", line 522 in worker
  File "C:\Users\midoa\AppData\Local\Python\pythoncore-3.14-64\Lib\threading.py", line 1024 in run
  File "C:\Users\midoa\AppData\Local\Python\pythoncore-3.14-64\Lib\threading.py", line 1082 in _bootstrap_inner
  File "C:\Users\midoa\AppData\Local\Python\pythoncore-3.14-64\Lib\threading.py", line 1044 in _bootstrap

Current thread 0x00002d74 (most recent call first):
  File "C:\Users\midoa\Downloads\letsfly_full_source_both\Windows\client\main.py", line 132 in main
  File "C:\Users\midoa\Downloads\letsfly_full_source_both\Windows\client\main.py", line 135 in <module>

Current thread's C stack trace (most recent call first):
  <cannot get C stack on this system>
Windows fatal exception: code 0x8001010d

Thread 0x00002b40 [Thread-1 (worker)] (most recent call first):
  File "C:\Users\midoa\AppData\Local\Python\pythoncore-3.14-64\Lib\socket.py", line 987 in getaddrinfo
  File "C:\Users\midoa\AppData\Local\Python\pythoncore-3.14-64\Lib\socket.py", line 850 in create_connection
  File "C:\Users\midoa\Downloads\letsfly_full_source_both\Windows\.venv\Lib\site-packages\httpcore\_backends\sync.py", line 208 in connect_tcp
  File "C:\Users\midoa\Downloads\letsfly_full_source_both\Windows\.venv\Lib\site-packages\httpcore\_sync\connection.py", line 124 in _connect
  File "C:\Users\midoa\Downloads\letsfly_full_source_both\Windows\.venv\Lib\site-packages\httpcore\_sync\connection.py", line 78 in handle_request
  File "C:\Users\midoa\Downloads\letsfly_full_source_both\Windows\.venv\Lib\site-packages\httpcore\_sync\connection_pool.py", line 236 in handle_request
  File "C:\Users\midoa\Downloads\letsfly_full_source_both\Windows\.venv\Lib\site-packages\httpx\_transports\default.py", line 250 in handle_request
  File "C:\Users\midoa\Downloads\letsfly_full_source_both\Windows\.venv\Lib\site-packages\httpx\_client.py", line 1014 in _send_single_request
  File "C:\Users\midoa\Downloads\letsfly_full_source_both\Windows\.venv\Lib\site-packages\httpx\_client.py", line 979 in _send_handling_redirects
  File "C:\Users\midoa\Downloads\letsfly_full_source_both\Windows\.venv\Lib\site-packages\httpx\_client.py", line 942 in _send_handling_auth
  File "C:\Users\midoa\Downloads\letsfly_full_source_both\Windows\.venv\Lib\site-packages\httpx\_client.py", line 914 in send
  File "C:\Users\midoa\Downloads\letsfly_full_source_both\Windows\.venv\Lib\site-packages\httpx\_client.py", line 825 in request
  File "C:\Users\midoa\Downloads\letsfly_full_source_both\Windows\client\network\api_client.py", line 38 in _request
  File "C:\Users\midoa\Downloads\letsfly_full_source_both\Windows\client\network\api_client.py", line 78 in me
  File "C:\Users\midoa\Downloads\letsfly_full_source_both\Windows\client\client_app.py", line 522 in worker
  File "C:\Users\midoa\AppData\Local\Python\pythoncore-3.14-64\Lib\threading.py", line 1024 in run
  File "C:\Users\midoa\AppData\Local\Python\pythoncore-3.14-64\Lib\threading.py", line 1082 in _bootstrap_inner
  File "C:\Users\midoa\AppData\Local\Python\pythoncore-3.14-64\Lib\threading.py", line 1044 in _bootstrap

Current thread 0x000029b8 (most recent call first):
  File "C:\Users\midoa\Downloads\letsfly_full_source_both\Windows\client\main.py", line 132 in main
  File "C:\Users\midoa\Downloads\letsfly_full_source_both\Windows\client\main.py", line 135 in <module>

Current thread's C stack trace (most recent call first):
  <cannot get C stack on this system>
Windows fatal exception: code 0x8001010d

Thread 0x00000b24 [Thread-1 (worker)] (most recent call first):
  File "C:\Users\midoa\AppData\Local\Python\pythoncore-3.14-64\Lib\socket.py", line 859 in create_connection
  File "C:\Users\midoa\Downloads\letsfly_full_source_both\Windows\.venv\Lib\site-packages\httpcore\_backends\sync.py", line 208 in connect_tcp
  File "C:\Users\midoa\Downloads\letsfly_full_source_both\Windows\.venv\Lib\site-packages\httpcore\_sync\connection.py", line 124 in _connect
  File "C:\Users\midoa\Downloads\letsfly_full_source_both\Windows\.venv\Lib\site-packages\httpcore\_sync\connection.py", line 78 in handle_request
  File "C:\Users\midoa\Downloads\letsfly_full_source_both\Windows\.venv\Lib\site-packages\httpcore\_sync\connection_pool.py", line 236 in handle_request
  File "C:\Users\midoa\Downloads\letsfly_full_source_both\Windows\.venv\Lib\site-packages\httpx\_transports\default.py", line 250 in handle_request
  File "C:\Users\midoa\Downloads\letsfly_full_source_both\Windows\.venv\Lib\site-packages\httpx\_client.py", line 1014 in _send_single_request
  File "C:\Users\midoa\Downloads\letsfly_full_source_both\Windows\.venv\Lib\site-packages\httpx\_client.py", line 979 in _send_handling_redirects
  File "C:\Users\midoa\Downloads\letsfly_full_source_both\Windows\.venv\Lib\site-packages\httpx\_client.py", line 942 in _send_handling_auth
  File "C:\Users\midoa\Downloads\letsfly_full_source_both\Windows\.venv\Lib\site-packages\httpx\_client.py", line 914 in send
  File "C:\Users\midoa\Downloads\letsfly_full_source_both\Windows\.venv\Lib\site-packages\httpx\_client.py", line 825 in request
  File "C:\Users\midoa\Downloads\letsfly_full_source_both\Windows\client\network\api_client.py", line 38 in _request
  File "C:\Users\midoa\Downloads\letsfly_full_source_both\Windows\client\network\api_client.py", line 78 in me
  File "C:\Users\midoa\Downloads\letsfly_full_source_both\Windows\client\client_app.py", line 522 in worker
  File "C:\Users\midoa\AppData\Local\Python\pythoncore-3.14-64\Lib\threading.py", line 1024 in run
  File "C:\Users\midoa\AppData\Local\Python\pythoncore-3.14-64\Lib\threading.py", line 1082 in _bootstrap_inner
  File "C:\Users\midoa\AppData\Local\Python\pythoncore-3.14-64\Lib\threading.py", line 1044 in _bootstrap

Current thread 0x000005a0 (most recent call first):
  File "C:\Users\midoa\Downloads\letsfly_full_source_both\Windows\client\main.py", line 132 in main
  File "C:\Users\midoa\Downloads\letsfly_full_source_both\Windows\client\main.py", line 135 in <module>

Current thread's C stack trace (most recent call first):
  <cannot get C stack on this system>
Windows fatal exception: code 0x8001010d

Thread 0x00001b44 [Thread-1 (worker)] (most recent call first):
  File "C:\Users\midoa\AppData\Local\Python\pythoncore-3.14-64\Lib\socket.py", line 859 in create_connection
  File "C:\Users\midoa\Downloads\letsfly_full_source_both\Windows\.venv\Lib\site-packages\httpcore\_backends\sync.py", line 208 in connect_tcp
  File "C:\Users\midoa\Downloads\letsfly_full_source_both\Windows\.venv\Lib\site-packages\httpcore\_sync\connection.py", line 124 in _connect
  File "C:\Users\midoa\Downloads\letsfly_full_source_both\Windows\.venv\Lib\site-packages\httpcore\_sync\connection.py", line 78 in handle_request
  File "C:\Users\midoa\Downloads\letsfly_full_source_both\Windows\.venv\Lib\site-packages\httpcore\_sync\connection_pool.py", line 236 in handle_request
  File "C:\Users\midoa\Downloads\letsfly_full_source_both\Windows\.venv\Lib\site-packages\httpx\_transports\default.py", line 250 in handle_request
  File "C:\Users\midoa\Downloads\letsfly_full_source_both\Windows\.venv\Lib\site-packages\httpx\_client.py", line 1014 in _send_single_request
  File "C:\Users\midoa\Downloads\letsfly_full_source_both\Windows\.venv\Lib\site-packages\httpx\_client.py", line 979 in _send_handling_redirects
  File "C:\Users\midoa\Downloads\letsfly_full_source_both\Windows\.venv\Lib\site-packages\httpx\_client.py", line 942 in _send_handling_auth
  File "C:\Users\midoa\Downloads\letsfly_full_source_both\Windows\.venv\Lib\site-packages\httpx\_client.py", line 914 in send
  File "C:\Users\midoa\Downloads\letsfly_full_source_both\Windows\.venv\Lib\site-packages\httpx\_client.py", line 825 in request
  File "C:\Users\midoa\Downloads\letsfly_full_source_both\Windows\client\network\api_client.py", line 38 in _request
  File "C:\Users\midoa\Downloads\letsfly_full_source_both\Windows\client\network\api_client.py", line 78 in me
  File "C:\Users\midoa\Downloads\letsfly_full_source_both\Windows\client\client_app.py", line 522 in worker
  File "C:\Users\midoa\AppData\Local\Python\pythoncore-3.14-64\Lib\threading.py", line 1024 in run
  File "C:\Users\midoa\AppData\Local\Python\pythoncore-3.14-64\Lib\threading.py", line 1082 in _bootstrap_inner
  File "C:\Users\midoa\AppData\Local\Python\pythoncore-3.14-64\Lib\threading.py", line 1044 in _bootstrap

Current thread 0x00000b0c (most recent call first):
  File "C:\Users\midoa\Downloads\letsfly_full_source_both\Windows\client\main.py", line 132 in main
  File "C:\Users\midoa\Downloads\letsfly_full_source_both\Windows\client\main.py", line 135 in <module>

Current thread's C stack trace (most recent call first):
  <cannot get C stack on this system>
Windows fatal exception: code 0x8001010d

Thread 0x00002644 [Thread-1 (worker)] (most recent call first):
  File "C:\Users\midoa\AppData\Local\Python\pythoncore-3.14-64\Lib\socket.py", line 987 in getaddrinfo
  File "C:\Users\midoa\AppData\Local\Python\pythoncore-3.14-64\Lib\socket.py", line 850 in create_connection
  File "C:\Users\midoa\Downloads\letsfly_full_source_both\Windows\.venv\Lib\site-packages\httpcore\_backends\sync.py", line 208 in connect_tcp
  File "C:\Users\midoa\Downloads\letsfly_full_source_both\Windows\.venv\Lib\site-packages\httpcore\_sync\connection.py", line 124 in _connect
  File "C:\Users\midoa\Downloads\letsfly_full_source_both\Windows\.venv\Lib\site-packages\httpcore\_sync\connection.py", line 78 in handle_request
  File "C:\Users\midoa\Downloads\letsfly_full_source_both\Windows\.venv\Lib\site-packages\httpcore\_sync\connection_pool.py", line 236 in handle_request
  File "C:\Users\midoa\Downloads\letsfly_full_source_both\Windows\.venv\Lib\site-packages\httpx\_transports\default.py", line 250 in handle_request
  File "C:\Users\midoa\Downloads\letsfly_full_source_both\Windows\.venv\Lib\site-packages\httpx\_client.py", line 1014 in _send_single_request
  File "C:\Users\midoa\Downloads\letsfly_full_source_both\Windows\.venv\Lib\site-packages\httpx\_client.py", line 979 in _send_handling_redirects
  File "C:\Users\midoa\Downloads\letsfly_full_source_both\Windows\.venv\Lib\site-packages\httpx\_client.py", line 942 in _send_handling_auth
  File "C:\Users\midoa\Downloads\letsfly_full_source_both\Windows\.venv\Lib\site-packages\httpx\_client.py", line 914 in send
  File "C:\Users\midoa\Downloads\letsfly_full_source_both\Windows\.venv\Lib\site-packages\httpx\_client.py", line 825 in request
  File "C:\Users\midoa\Downloads\letsfly_full_source_both\Windows\client\network\api_client.py", line 38 in _request
  File "C:\Users\midoa\Downloads\letsfly_full_source_both\Windows\client\network\api_client.py", line 78 in me
  File "C:\Users\midoa\Downloads\letsfly_full_source_both\Windows\client\client_app.py", line 522 in worker
  File "C:\Users\midoa\AppData\Local\Python\pythoncore-3.14-64\Lib\threading.py", line 1024 in run
  File "C:\Users\midoa\AppData\Local\Python\pythoncore-3.14-64\Lib\threading.py", line 1082 in _bootstrap_inner
  File "C:\Users\midoa\AppData\Local\Python\pythoncore-3.14-64\Lib\threading.py", line 1044 in _bootstrap

Current thread 0x000036c0 (most recent call first):
  File "C:\Users\midoa\Downloads\letsfly_full_source_both\Windows\client\main.py", line 132 in main
  File "C:\Users\midoa\Downloads\letsfly_full_source_both\Windows\client\main.py", line 135 in <module>

Current thread's C stack trace (most recent call first):
  <cannot get C stack on this system>
Windows fatal exception: code 0x8001010d

Thread 0x000013b0 [Thread-1 (worker)] (most recent call first):
  File "C:\Users\midoa\AppData\Local\Python\pythoncore-3.14-64\Lib\socket.py", line 987 in getaddrinfo
  File "C:\Users\midoa\AppData\Local\Python\pythoncore-3.14-64\Lib\socket.py", line 850 in create_connection
  File "C:\Users\midoa\Downloads\letsfly_full_source_both\Windows\.venv\Lib\site-packages\httpcore\_backends\sync.py", line 208 in connect_tcp
  File "C:\Users\midoa\Downloads\letsfly_full_source_both\Windows\.venv\Lib\site-packages\httpcore\_sync\connection.py", line 124 in _connect
  File "C:\Users\midoa\Downloads\letsfly_full_source_both\Windows\.venv\Lib\site-packages\httpcore\_sync\connection.py", line 78 in handle_request
  File "C:\Users\midoa\Downloads\letsfly_full_source_both\Windows\.venv\Lib\site-packages\httpcore\_sync\connection_pool.py", line 236 in handle_request
  File "C:\Users\midoa\Downloads\letsfly_full_source_both\Windows\.venv\Lib\site-packages\httpx\_transports\default.py", line 250 in handle_request
  File "C:\Users\midoa\Downloads\letsfly_full_source_both\Windows\.venv\Lib\site-packages\httpx\_client.py", line 1014 in _send_single_request
  File "C:\Users\midoa\Downloads\letsfly_full_source_both\Windows\.venv\Lib\site-packages\httpx\_client.py", line 979 in _send_handling_redirects
  File "C:\Users\midoa\Downloads\letsfly_full_source_both\Windows\.venv\Lib\site-packages\httpx\_client.py", line 942 in _send_handling_auth
  File "C:\Users\midoa\Downloads\letsfly_full_source_both\Windows\.venv\Lib\site-packages\httpx\_client.py", line 914 in send
  File "C:\Users\midoa\Downloads\letsfly_full_source_both\Windows\.venv\Lib\site-packages\httpx\_client.py", line 825 in request
  File "C:\Users\midoa\Downloads\letsfly_full_source_both\Windows\client\network\api_client.py", line 38 in _request
  File "C:\Users\midoa\Downloads\letsfly_full_source_both\Windows\client\network\api_client.py", line 78 in me
  File "C:\Users\midoa\Downloads\letsfly_full_source_both\Windows\client\client_app.py", line 522 in worker
  File "C:\Users\midoa\AppData\Local\Python\pythoncore-3.14-64\Lib\threading.py", line 1024 in run
  File "C:\Users\midoa\AppData\Local\Python\pythoncore-3.14-64\Lib\threading.py", line 1082 in _bootstrap_inner
  File "C:\Users\midoa\AppData\Local\Python\pythoncore-3.14-64\Lib\threading.py", line 1044 in _bootstrap

Current thread 0x00002384 (most recent call first):
  File "C:\Users\midoa\Downloads\letsfly_full_source_both\Windows\client\main.py", line 132 in main
  File "C:\Users\midoa\Downloads\letsfly_full_source_both\Windows\client\main.py", line 135 in <module>

Current thread's C stack trace (most recent call first):
  <cannot get C stack on this system>
Windows fatal exception: code 0x8001010d

Thread 0x00002a48 [Thread-1 (worker)] (most recent call first):
  File "C:\Users\midoa\AppData\Local\Python\pythoncore-3.14-64\Lib\socket.py", line 859 in create_connection
  File "C:\Users\midoa\Downloads\letsfly_full_source_both\Windows\.venv\Lib\site-packages\httpcore\_backends\sync.py", line 208 in connect_tcp
  File "C:\Users\midoa\Downloads\letsfly_full_source_both\Windows\.venv\Lib\site-packages\httpcore\_sync\connection.py", line 124 in _connect
  File "C:\Users\midoa\Downloads\letsfly_full_source_both\Windows\.venv\Lib\site-packages\httpcore\_sync\connection.py", line 78 in handle_request
  File "C:\Users\midoa\Downloads\letsfly_full_source_both\Windows\.venv\Lib\site-packages\httpcore\_sync\connection_pool.py", line 236 in handle_request
  File "C:\Users\midoa\Downloads\letsfly_full_source_both\Windows\.venv\Lib\site-packages\httpx\_transports\default.py", line 250 in handle_request
  File "C:\Users\midoa\Downloads\letsfly_full_source_both\Windows\.venv\Lib\site-packages\httpx\_client.py", line 1014 in _send_single_request
  File "C:\Users\midoa\Downloads\letsfly_full_source_both\Windows\.venv\Lib\site-packages\httpx\_client.py", line 979 in _send_handling_redirects
  File "C:\Users\midoa\Downloads\letsfly_full_source_both\Windows\.venv\Lib\site-packages\httpx\_client.py", line 942 in _send_handling_auth
  File "C:\Users\midoa\Downloads\letsfly_full_source_both\Windows\.venv\Lib\site-packages\httpx\_client.py", line 914 in send
  File "C:\Users\midoa\Downloads\letsfly_full_source_both\Windows\.venv\Lib\site-packages\httpx\_client.py", line 825 in request
  File "C:\Users\midoa\Downloads\letsfly_full_source_both\Windows\client\network\api_client.py", line 38 in _request
  File "C:\Users\midoa\Downloads\letsfly_full_source_both\Windows\client\network\api_client.py", line 78 in me
  File "C:\Users\midoa\Downloads\letsfly_full_source_both\Windows\client\client_app.py", line 522 in worker
  File "C:\Users\midoa\AppData\Local\Python\pythoncore-3.14-64\Lib\threading.py", line 1024 in run
  File "C:\Users\midoa\AppData\Local\Python\pythoncore-3.14-64\Lib\threading.py", line 1082 in _bootstrap_inner
  File "C:\Users\midoa\AppData\Local\Python\pythoncore-3.14-64\Lib\threading.py", line 1044 in _bootstrap

Current thread 0x000029a0 (most recent call first):
  File "C:\Users\midoa\Downloads\letsfly_full_source_both\Windows\client\main.py", line 132 in main
  File "C:\Users\midoa\Downloads\letsfly_full_source_both\Windows\client\main.py", line 135 in <module>

Current thread's C stack trace (most recent call first):
  <cannot get C stack on this system>
Windows fatal exception: code 0x8001010d

Thread 0x00002258 [Thread-1 (worker)] (most recent call first):
  File "C:\Users\midoa\AppData\Local\Python\pythoncore-3.14-64\Lib\socket.py", line 987 in getaddrinfo
  File "C:\Users\midoa\AppData\Local\Python\pythoncore-3.14-64\Lib\socket.py", line 850 in create_connection
  File "C:\Users\midoa\Downloads\letsfly_full_source_both\Windows\.venv\Lib\site-packages\httpcore\_backends\sync.py", line 208 in connect_tcp
  File "C:\Users\midoa\Downloads\letsfly_full_source_both\Windows\.venv\Lib\site-packages\httpcore\_sync\connection.py", line 124 in _connect
  File "C:\Users\midoa\Downloads\letsfly_full_source_both\Windows\.venv\Lib\site-packages\httpcore\_sync\connection.py", line 78 in handle_request
  File "C:\Users\midoa\Downloads\letsfly_full_source_both\Windows\.venv\Lib\site-packages\httpcore\_sync\connection_pool.py", line 236 in handle_request
  File "C:\Users\midoa\Downloads\letsfly_full_source_both\Windows\.venv\Lib\site-packages\httpx\_transports\default.py", line 250 in handle_request
  File "C:\Users\midoa\Downloads\letsfly_full_source_both\Windows\.venv\Lib\site-packages\httpx\_client.py", line 1014 in _send_single_request
  File "C:\Users\midoa\Downloads\letsfly_full_source_both\Windows\.venv\Lib\site-packages\httpx\_client.py", line 979 in _send_handling_redirects
  File "C:\Users\midoa\Downloads\letsfly_full_source_both\Windows\.venv\Lib\site-packages\httpx\_client.py", line 942 in _send_handling_auth
  File "C:\Users\midoa\Downloads\letsfly_full_source_both\Windows\.venv\Lib\site-packages\httpx\_client.py", line 914 in send
  File "C:\Users\midoa\Downloads\letsfly_full_source_both\Windows\.venv\Lib\site-packages\httpx\_client.py", line 825 in request
  File "C:\Users\midoa\Downloads\letsfly_full_source_both\Windows\client\network\api_client.py", line 38 in _request
  File "C:\Users\midoa\Downloads\letsfly_full_source_both\Windows\client\network\api_client.py", line 78 in me
  File "C:\Users\midoa\Downloads\letsfly_full_source_both\Windows\client\client_app.py", line 522 in worker
  File "C:\Users\midoa\AppData\Local\Python\pythoncore-3.14-64\Lib\threading.py", line 1024 in run
  File "C:\Users\midoa\AppData\Local\Python\pythoncore-3.14-64\Lib\threading.py", line 1082 in _bootstrap_inner
  File "C:\Users\midoa\AppData\Local\Python\pythoncore-3.14-64\Lib\threading.py", line 1044 in _bootstrap

Current thread 0x00003074 (most recent call first):
  File "C:\Users\midoa\Downloads\letsfly_full_source_both\Windows\client\main.py", line 132 in main
  File "C:\Users\midoa\Downloads\letsfly_full_source_both\Windows\client\main.py", line 135 in <module>

Current thread's C stack trace (most recent call first):
  <cannot get C stack on this system>
Windows fatal exception: code 0x8001010d

Thread 0x00002484 [Thread-1 (worker)] (most recent call first):
  File "C:\Users\midoa\AppData\Local\Python\pythoncore-3.14-64\Lib\socket.py", line 987 in getaddrinfo
  File "C:\Users\midoa\AppData\Local\Python\pythoncore-3.14-64\Lib\socket.py", line 850 in create_connection
  File "C:\Users\midoa\Downloads\letsfly_full_source_both\Windows\.venv\Lib\site-packages\httpcore\_backends\sync.py", line 208 in connect_tcp
  File "C:\Users\midoa\Downloads\letsfly_full_source_both\Windows\.venv\Lib\site-packages\httpcore\_sync\connection.py", line 124 in _connect
  File "C:\Users\midoa\Downloads\letsfly_full_source_both\Windows\.venv\Lib\site-packages\httpcore\_sync\connection.py", line 78 in handle_request
  File "C:\Users\midoa\Downloads\letsfly_full_source_both\Windows\.venv\Lib\site-packages\httpcore\_sync\connection_pool.py", line 236 in handle_request
  File "C:\Users\midoa\Downloads\letsfly_full_source_both\Windows\.venv\Lib\site-packages\httpx\_transports\default.py", line 250 in handle_request
  File "C:\Users\midoa\Downloads\letsfly_full_source_both\Windows\.venv\Lib\site-packages\httpx\_client.py", line 1014 in _send_single_request
  File "C:\Users\midoa\Downloads\letsfly_full_source_both\Windows\.venv\Lib\site-packages\httpx\_client.py", line 979 in _send_handling_redirects
  File "C:\Users\midoa\Downloads\letsfly_full_source_both\Windows\.venv\Lib\site-packages\httpx\_client.py", line 942 in _send_handling_auth
  File "C:\Users\midoa\Downloads\letsfly_full_source_both\Windows\.venv\Lib\site-packages\httpx\_client.py", line 914 in send
  File "C:\Users\midoa\Downloads\letsfly_full_source_both\Windows\.venv\Lib\site-packages\httpx\_client.py", line 825 in request
  File "C:\Users\midoa\Downloads\letsfly_full_source_both\Windows\client\network\api_client.py", line 38 in _request
  File "C:\Users\midoa\Downloads\letsfly_full_source_both\Windows\client\network\api_client.py", line 78 in me
  File "C:\Users\midoa\Downloads\letsfly_full_source_both\Windows\client\client_app.py", line 522 in worker
  File "C:\Users\midoa\AppData\Local\Python\pythoncore-3.14-64\Lib\threading.py", line 1024 in run
  File "C:\Users\midoa\AppData\Local\Python\pythoncore-3.14-64\Lib\threading.py", line 1082 in _bootstrap_inner
  File "C:\Users\midoa\AppData\Local\Python\pythoncore-3.14-64\Lib\threading.py", line 1044 in _bootstrap

Current thread 0x0000281c (most recent call first):
  File "C:\Users\midoa\Downloads\letsfly_full_source_both\Windows\client\main.py", line 132 in main
  File "C:\Users\midoa\Downloads\letsfly_full_source_both\Windows\client\main.py", line 135 in <module>

Current thread's C stack trace (most recent call first):
  <cannot get C stack on this system>
Windows fatal exception: code 0x8001010d

Thread 0x00003860 [Thread-1 (worker)] (most recent call first):
  File "C:\Users\midoa\AppData\Local\Python\pythoncore-3.14-64\Lib\socket.py", line 987 in getaddrinfo
  File "C:\Users\midoa\AppData\Local\Python\pythoncore-3.14-64\Lib\socket.py", line 850 in create_connection
  File "C:\Users\midoa\Downloads\letsfly_full_source_both\Windows\.venv\Lib\site-packages\httpcore\_backends\sync.py", line 208 in connect_tcp
  File "C:\Users\midoa\Downloads\letsfly_full_source_both\Windows\.venv\Lib\site-packages\httpcore\_sync\connection.py", line 124 in _connect
  File "C:\Users\midoa\Downloads\letsfly_full_source_both\Windows\.venv\Lib\site-packages\httpcore\_sync\connection.py", line 78 in handle_request
  File "C:\Users\midoa\Downloads\letsfly_full_source_both\Windows\.venv\Lib\site-packages\httpcore\_sync\connection_pool.py", line 236 in handle_request
  File "C:\Users\midoa\Downloads\letsfly_full_source_both\Windows\.venv\Lib\site-packages\httpx\_transports\default.py", line 250 in handle_request
  File "C:\Users\midoa\Downloads\letsfly_full_source_both\Windows\.venv\Lib\site-packages\httpx\_client.py", line 1014 in _send_single_request
  File "C:\Users\midoa\Downloads\letsfly_full_source_both\Windows\.venv\Lib\site-packages\httpx\_client.py", line 979 in _send_handling_redirects
  File "C:\Users\midoa\Downloads\letsfly_full_source_both\Windows\.venv\Lib\site-packages\httpx\_client.py", line 942 in _send_handling_auth
  File "C:\Users\midoa\Downloads\letsfly_full_source_both\Windows\.venv\Lib\site-packages\httpx\_client.py", line 914 in send
  File "C:\Users\midoa\Downloads\letsfly_full_source_both\Windows\.venv\Lib\site-packages\httpx\_client.py", line 825 in request
  File "C:\Users\midoa\Downloads\letsfly_full_source_both\Windows\client\network\api_client.py", line 38 in _request
  File "C:\Users\midoa\Downloads\letsfly_full_source_both\Windows\client\network\api_client.py", line 78 in me
  File "C:\Users\midoa\Downloads\letsfly_full_source_both\Windows\client\client_app.py", line 525 in worker
  File "C:\Users\midoa\AppData\Local\Python\pythoncore-3.14-64\Lib\threading.py", line 1024 in run
  File "C:\Users\midoa\AppData\Local\Python\pythoncore-3.14-64\Lib\threading.py", line 1082 in _bootstrap_inner
  File "C:\Users\midoa\AppData\Local\Python\pythoncore-3.14-64\Lib\threading.py", line 1044 in _bootstrap

Current thread 0x000027a8 (most recent call first):
  File "C:\Users\midoa\Downloads\letsfly_full_source_both\Windows\client\main.py", line 132 in main
  File "C:\Users\midoa\Downloads\letsfly_full_source_both\Windows\client\main.py", line 135 in <module>

Current thread's C stack trace (most recent call first):
  <cannot get C stack on this system>
Windows fatal exception: code 0x8001010d

Current thread 0x00002f90 (most recent call first):
  File "C:\Users\midoa\Downloads\letsfly_full_source_both\Windows\client\main.py", line 132 in main
  File "C:\Users\midoa\Downloads\letsfly_full_source_both\Windows\client\main.py", line 135 in <module>

Current thread's C stack trace (most recent call first):
  <cannot get C stack on this system>
Windows fatal exception: code 0x8001010d

Thread 0x00001d50 [Thread-1 (worker)] (most recent call first):
  File "C:\Users\midoa\AppData\Local\Python\pythoncore-3.14-64\Lib\socket.py", line 987 in getaddrinfo
  File "C:\Users\midoa\AppData\Local\Python\pythoncore-3.14-64\Lib\socket.py", line 850 in create_connection
  File "C:\Users\midoa\Downloads\letsfly_full_source_both\Windows\.venv\Lib\site-packages\httpcore\_backends\sync.py", line 208 in connect_tcp
  File "C:\Users\midoa\Downloads\letsfly_full_source_both\Windows\.venv\Lib\site-packages\httpcore\_sync\connection.py", line 124 in _connect
  File "C:\Users\midoa\Downloads\letsfly_full_source_both\Windows\.venv\Lib\site-packages\httpcore\_sync\connection.py", line 78 in handle_request
  File "C:\Users\midoa\Downloads\letsfly_full_source_both\Windows\.venv\Lib\site-packages\httpcore\_sync\connection_pool.py", line 236 in handle_request
  File "C:\Users\midoa\Downloads\letsfly_full_source_both\Windows\.venv\Lib\site-packages\httpx\_transports\default.py", line 250 in handle_request
  File "C:\Users\midoa\Downloads\letsfly_full_source_both\Windows\.venv\Lib\site-packages\httpx\_client.py", line 1014 in _send_single_request
  File "C:\Users\midoa\Downloads\letsfly_full_source_both\Windows\.venv\Lib\site-packages\httpx\_client.py", line 979 in _send_handling_redirects
  File "C:\Users\midoa\Downloads\letsfly_full_source_both\Windows\.venv\Lib\site-packages\httpx\_client.py", line 942 in _send_handling_auth
  File "C:\Users\midoa\Downloads\letsfly_full_source_both\Windows\.venv\Lib\site-packages\httpx\_client.py", line 914 in send
  File "C:\Users\midoa\Downloads\letsfly_full_source_both\Windows\.venv\Lib\site-packages\httpx\_client.py", line 825 in request
  File "C:\Users\midoa\Downloads\letsfly_full_source_both\Windows\client\network\api_client.py", line 38 in _request
  File "C:\Users\midoa\Downloads\letsfly_full_source_both\Windows\client\network\api_client.py", line 78 in me
  File "C:\Users\midoa\Downloads\letsfly_full_source_both\Windows\client\client_app.py", line 525 in worker
  File "C:\Users\midoa\AppData\Local\Python\pythoncore-3.14-64\Lib\threading.py", line 1024 in run
  File "C:\Users\midoa\AppData\Local\Python\pythoncore-3.14-64\Lib\threading.py", line 1082 in _bootstrap_inner
  File "C:\Users\midoa\AppData\Local\Python\pythoncore-3.14-64\Lib\threading.py", line 1044 in _bootstrap

Current thread 0x00002128 (most recent call first):
  File "C:\Users\midoa\Downloads\letsfly_full_source_both\Windows\client\main.py", line 132 in main
  File "C:\Users\midoa\Downloads\letsfly_full_source_both\Windows\client\main.py", line 135 in <module>

Current thread's C stack trace (most recent call first):
  <cannot get C stack on this system>
Windows fatal exception: code 0x8001010d

Thread 0x00001b4c [Thread-1 (worker)] (most recent call first):
  File "C:\Users\midoa\AppData\Local\Python\pythoncore-3.14-64\Lib\socket.py", line 859 in create_connection
  File "C:\Users\midoa\Downloads\letsfly_full_source_both\Windows\.venv\Lib\site-packages\httpcore\_backends\sync.py", line 208 in connect_tcp
  File "C:\Users\midoa\Downloads\letsfly_full_source_both\Windows\.venv\Lib\site-packages\httpcore\_sync\connection.py", line 124 in _connect
  File "C:\Users\midoa\Downloads\letsfly_full_source_both\Windows\.venv\Lib\site-packages\httpcore\_sync\connection.py", line 78 in handle_request
  File "C:\Users\midoa\Downloads\letsfly_full_source_both\Windows\.venv\Lib\site-packages\httpcore\_sync\connection_pool.py", line 236 in handle_request
  File "C:\Users\midoa\Downloads\letsfly_full_source_both\Windows\.venv\Lib\site-packages\httpx\_transports\default.py", line 250 in handle_request
  File "C:\Users\midoa\Downloads\letsfly_full_source_both\Windows\.venv\Lib\site-packages\httpx\_client.py", line 1014 in _send_single_request
  File "C:\Users\midoa\Downloads\letsfly_full_source_both\Windows\.venv\Lib\site-packages\httpx\_client.py", line 979 in _send_handling_redirects
  File "C:\Users\midoa\Downloads\letsfly_full_source_both\Windows\.venv\Lib\site-packages\httpx\_client.py", line 942 in _send_handling_auth
  File "C:\Users\midoa\Downloads\letsfly_full_source_both\Windows\.venv\Lib\site-packages\httpx\_client.py", line 914 in send
  File "C:\Users\midoa\Downloads\letsfly_full_source_both\Windows\.venv\Lib\site-packages\httpx\_client.py", line 825 in request
  File "C:\Users\midoa\Downloads\letsfly_full_source_both\Windows\client\network\api_client.py", line 38 in _request
  File "C:\Users\midoa\Downloads\letsfly_full_source_both\Windows\client\network\api_client.py", line 78 in me
  File "C:\Users\midoa\Downloads\letsfly_full_source_both\Windows\client\client_app.py", line 525 in worker
  File "C:\Users\midoa\AppData\Local\Python\pythoncore-3.14-64\Lib\threading.py", line 1024 in run
  File "C:\Users\midoa\AppData\Local\Python\pythoncore-3.14-64\Lib\threading.py", line 1082 in _bootstrap_inner
  File "C:\Users\midoa\AppData\Local\Python\pythoncore-3.14-64\Lib\threading.py", line 1044 in _bootstrap

Current thread 0x00003878 (most recent call first):
  File "C:\Users\midoa\Downloads\letsfly_full_source_both\Windows\client\main.py", line 132 in main
  File "C:\Users\midoa\Downloads\letsfly_full_source_both\Windows\client\main.py", line 135 in <module>

Current thread's C stack trace (most recent call first):
  <cannot get C stack on this system>
Windows fatal exception: code 0x8001010d

Thread 0x000038f8 [Thread-1 (worker)] (most recent call first):
  File "C:\Users\midoa\AppData\Local\Python\pythoncore-3.14-64\Lib\socket.py", line 987 in getaddrinfo
  File "C:\Users\midoa\AppData\Local\Python\pythoncore-3.14-64\Lib\socket.py", line 850 in create_connection
  File "C:\Users\midoa\Downloads\letsfly_full_source_both\Windows\.venv\Lib\site-packages\httpcore\_backends\sync.py", line 208 in connect_tcp
  File "C:\Users\midoa\Downloads\letsfly_full_source_both\Windows\.venv\Lib\site-packages\httpcore\_sync\connection.py", line 124 in _connect
  File "C:\Users\midoa\Downloads\letsfly_full_source_both\Windows\.venv\Lib\site-packages\httpcore\_sync\connection.py", line 78 in handle_request
  File "C:\Users\midoa\Downloads\letsfly_full_source_both\Windows\.venv\Lib\site-packages\httpcore\_sync\connection_pool.py", line 236 in handle_request
  File "C:\Users\midoa\Downloads\letsfly_full_source_both\Windows\.venv\Lib\site-packages\httpx\_transports\default.py", line 250 in handle_request
  File "C:\Users\midoa\Downloads\letsfly_full_source_both\Windows\.venv\Lib\site-packages\httpx\_client.py", line 1014 in _send_single_request
  File "C:\Users\midoa\Downloads\letsfly_full_source_both\Windows\.venv\Lib\site-packages\httpx\_client.py", line 979 in _send_handling_redirects
  File "C:\Users\midoa\Downloads\letsfly_full_source_both\Windows\.venv\Lib\site-packages\httpx\_client.py", line 942 in _send_handling_auth
  File "C:\Users\midoa\Downloads\letsfly_full_source_both\Windows\.venv\Lib\site-packages\httpx\_client.py", line 914 in send
  File "C:\Users\midoa\Downloads\letsfly_full_source_both\Windows\.venv\Lib\site-packages\httpx\_client.py", line 825 in request
  File "C:\Users\midoa\Downloads\letsfly_full_source_both\Windows\client\network\api_client.py", line 38 in _request
  File "C:\Users\midoa\Downloads\letsfly_full_source_both\Windows\client\network\api_client.py", line 78 in me
  File "C:\Users\midoa\Downloads\letsfly_full_source_both\Windows\client\client_app.py", line 525 in worker
  File "C:\Users\midoa\AppData\Local\Python\pythoncore-3.14-64\Lib\threading.py", line 1024 in run
  File "C:\Users\midoa\AppData\Local\Python\pythoncore-3.14-64\Lib\threading.py", line 1082 in _bootstrap_inner
  File "C:\Users\midoa\AppData\Local\Python\pythoncore-3.14-64\Lib\threading.py", line 1044 in _bootstrap

Current thread 0x00000778 (most recent call first):
  File "C:\Users\midoa\Downloads\letsfly_full_source_both\Windows\client\main.py", line 132 in main
  File "C:\Users\midoa\Downloads\letsfly_full_source_both\Windows\client\main.py", line 135 in <module>

Current thread's C stack trace (most recent call first):
  <cannot get C stack on this system>
Windows fatal exception: code 0x8001010d

Thread 0x00002140 [Thread-1 (worker)] (most recent call first):
  File "C:\Users\midoa\AppData\Local\Python\pythoncore-3.14-64\Lib\socket.py", line 859 in create_connection
  File "C:\Users\midoa\Downloads\letsfly_full_source_both\Windows\.venv\Lib\site-packages\httpcore\_backends\sync.py", line 208 in connect_tcp
  File "C:\Users\midoa\Downloads\letsfly_full_source_both\Windows\.venv\Lib\site-packages\httpcore\_sync\connection.py", line 124 in _connect
  File "C:\Users\midoa\Downloads\letsfly_full_source_both\Windows\.venv\Lib\site-packages\httpcore\_sync\connection.py", line 78 in handle_request
  File "C:\Users\midoa\Downloads\letsfly_full_source_both\Windows\.venv\Lib\site-packages\httpcore\_sync\connection_pool.py", line 236 in handle_request
  File "C:\Users\midoa\Downloads\letsfly_full_source_both\Windows\.venv\Lib\site-packages\httpx\_transports\default.py", line 250 in handle_request
  File "C:\Users\midoa\Downloads\letsfly_full_source_both\Windows\.venv\Lib\site-packages\httpx\_client.py", line 1014 in _send_single_request
  File "C:\Users\midoa\Downloads\letsfly_full_source_both\Windows\.venv\Lib\site-packages\httpx\_client.py", line 979 in _send_handling_redirects
  File "C:\Users\midoa\Downloads\letsfly_full_source_both\Windows\.venv\Lib\site-packages\httpx\_client.py", line 942 in _send_handling_auth
  File "C:\Users\midoa\Downloads\letsfly_full_source_both\Windows\.venv\Lib\site-packages\httpx\_client.py", line 914 in send
  File "C:\Users\midoa\Downloads\letsfly_full_source_both\Windows\.venv\Lib\site-packages\httpx\_client.py", line 825 in request
  File "C:\Users\midoa\Downloads\letsfly_full_source_both\Windows\client\network\api_client.py", line 38 in _request
  File "C:\Users\midoa\Downloads\letsfly_full_source_both\Windows\client\network\api_client.py", line 78 in me
  File "C:\Users\midoa\Downloads\letsfly_full_source_both\Windows\client\client_app.py", line 525 in worker
  File "C:\Users\midoa\AppData\Local\Python\pythoncore-3.14-64\Lib\threading.py", line 1024 in run
  File "C:\Users\midoa\AppData\Local\Python\pythoncore-3.14-64\Lib\threading.py", line 1082 in _bootstrap_inner
  File "C:\Users\midoa\AppData\Local\Python\pythoncore-3.14-64\Lib\threading.py", line 1044 in _bootstrap

Current thread 0x00001f34 (most recent call first):
  File "C:\Users\midoa\Downloads\letsfly_full_source_both\Windows\client\main.py", line 132 in main
  File "C:\Users\midoa\Downloads\letsfly_full_source_both\Windows\client\main.py", line 135 in <module>

Current thread's C stack trace (most recent call first):
  <cannot get C stack on this system>
Windows fatal exception: code 0x8001010d

Thread 0x00003b0c [Thread-1 (worker)] (most recent call first):
  File "C:\Users\midoa\AppData\Local\Python\pythoncore-3.14-64\Lib\socket.py", line 987 in getaddrinfo
  File "C:\Users\midoa\AppData\Local\Python\pythoncore-3.14-64\Lib\socket.py", line 850 in create_connection
  File "C:\Users\midoa\Downloads\letsfly_full_source_both\Windows\.venv\Lib\site-packages\httpcore\_backends\sync.py", line 208 in connect_tcp
  File "C:\Users\midoa\Downloads\letsfly_full_source_both\Windows\.venv\Lib\site-packages\httpcore\_sync\connection.py", line 124 in _connect
  File "C:\Users\midoa\Downloads\letsfly_full_source_both\Windows\.venv\Lib\site-packages\httpcore\_sync\connection.py", line 78 in handle_request
  File "C:\Users\midoa\Downloads\letsfly_full_source_both\Windows\.venv\Lib\site-packages\httpcore\_sync\connection_pool.py", line 236 in handle_request
  File "C:\Users\midoa\Downloads\letsfly_full_source_both\Windows\.venv\Lib\site-packages\httpx\_transports\default.py", line 250 in handle_request
  File "C:\Users\midoa\Downloads\letsfly_full_source_both\Windows\.venv\Lib\site-packages\httpx\_client.py", line 1014 in _send_single_request
  File "C:\Users\midoa\Downloads\letsfly_full_source_both\Windows\.venv\Lib\site-packages\httpx\_client.py", line 979 in _send_handling_redirects
  File "C:\Users\midoa\Downloads\letsfly_full_source_both\Windows\.venv\Lib\site-packages\httpx\_client.py", line 942 in _send_handling_auth
  File "C:\Users\midoa\Downloads\letsfly_full_source_both\Windows\.venv\Lib\site-packages\httpx\_client.py", line 914 in send
  File "C:\Users\midoa\Downloads\letsfly_full_source_both\Windows\.venv\Lib\site-packages\httpx\_client.py", line 825 in request
  File "C:\Users\midoa\Downloads\letsfly_full_source_both\Windows\client\network\api_client.py", line 38 in _request
  File "C:\Users\midoa\Downloads\letsfly_full_source_both\Windows\client\network\api_client.py", line 78 in me
  File "C:\Users\midoa\Downloads\letsfly_full_source_both\Windows\client\client_app.py", line 525 in worker
  File "C:\Users\midoa\AppData\Local\Python\pythoncore-3.14-64\Lib\threading.py", line 1024 in run
  File "C:\Users\midoa\AppData\Local\Python\pythoncore-3.14-64\Lib\threading.py", line 1082 in _bootstrap_inner
  File "C:\Users\midoa\AppData\Local\Python\pythoncore-3.14-64\Lib\threading.py", line 1044 in _bootstrap

Current thread 0x00003074 (most recent call first):
  File "C:\Users\midoa\Downloads\letsfly_full_source_both\Windows\client\main.py", line 132 in main
  File "C:\Users\midoa\Downloads\letsfly_full_source_both\Windows\client\main.py", line 135 in <module>

Current thread's C stack trace (most recent call first):
  <cannot get C stack on this system>
Windows fatal exception: code 0x8001010d

Thread 0x00002df8 [Thread-1 (worker)] (most recent call first):
  File "C:\Users\midoa\AppData\Local\Python\pythoncore-3.14-64\Lib\socket.py", line 859 in create_connection
  File "C:\Users\midoa\Downloads\letsfly_full_source_both\Windows\.venv\Lib\site-packages\httpcore\_backends\sync.py", line 208 in connect_tcp
  File "C:\Users\midoa\Downloads\letsfly_full_source_both\Windows\.venv\Lib\site-packages\httpcore\_sync\connection.py", line 124 in _connect
  File "C:\Users\midoa\Downloads\letsfly_full_source_both\Windows\.venv\Lib\site-packages\httpcore\_sync\connection.py", line 78 in handle_request
  File "C:\Users\midoa\Downloads\letsfly_full_source_both\Windows\.venv\Lib\site-packages\httpcore\_sync\connection_pool.py", line 236 in handle_request
  File "C:\Users\midoa\Downloads\letsfly_full_source_both\Windows\.venv\Lib\site-packages\httpx\_transports\default.py", line 250 in handle_request
  File "C:\Users\midoa\Downloads\letsfly_full_source_both\Windows\.venv\Lib\site-packages\httpx\_client.py", line 1014 in _send_single_request
  File "C:\Users\midoa\Downloads\letsfly_full_source_both\Windows\.venv\Lib\site-packages\httpx\_client.py", line 979 in _send_handling_redirects
  File "C:\Users\midoa\Downloads\letsfly_full_source_both\Windows\.venv\Lib\site-packages\httpx\_client.py", line 942 in _send_handling_auth
  File "C:\Users\midoa\Downloads\letsfly_full_source_both\Windows\.venv\Lib\site-packages\httpx\_client.py", line 914 in send
  File "C:\Users\midoa\Downloads\letsfly_full_source_both\Windows\.venv\Lib\site-packages\httpx\_client.py", line 825 in request
  File "C:\Users\midoa\Downloads\letsfly_full_source_both\Windows\client\network\api_client.py", line 38 in _request
  File "C:\Users\midoa\Downloads\letsfly_full_source_both\Windows\client\network\api_client.py", line 78 in me
  File "C:\Users\midoa\Downloads\letsfly_full_source_both\Windows\client\client_app.py", line 525 in worker
  File "C:\Users\midoa\AppData\Local\Python\pythoncore-3.14-64\Lib\threading.py", line 1024 in run
  File "C:\Users\midoa\AppData\Local\Python\pythoncore-3.14-64\Lib\threading.py", line 1082 in _bootstrap_inner
  File "C:\Users\midoa\AppData\Local\Python\pythoncore-3.14-64\Lib\threading.py", line 1044 in _bootstrap

Current thread 0x00003870 (most recent call first):
  File "C:\Users\midoa\Downloads\letsfly_full_source_both\Windows\client\main.py", line 132 in main
  File "C:\Users\midoa\Downloads\letsfly_full_source_both\Windows\client\main.py", line 135 in <module>

Current thread's C stack trace (most recent call first):
  <cannot get C stack on this system>
Windows fatal exception: code 0x8001010d

Thread 0x000022c8 [Thread-1 (worker)] (most recent call first):
  File "C:\Users\midoa\AppData\Local\Python\pythoncore-3.14-64\Lib\socket.py", line 987 in getaddrinfo
  File "C:\Users\midoa\AppData\Local\Python\pythoncore-3.14-64\Lib\socket.py", line 850 in create_connection
  File "C:\Users\midoa\Downloads\letsfly_full_source_both\Windows\.venv\Lib\site-packages\httpcore\_backends\sync.py", line 208 in connect_tcp
  File "C:\Users\midoa\Downloads\letsfly_full_source_both\Windows\.venv\Lib\site-packages\httpcore\_sync\connection.py", line 124 in _connect
  File "C:\Users\midoa\Downloads\letsfly_full_source_both\Windows\.venv\Lib\site-packages\httpcore\_sync\connection.py", line 78 in handle_request
  File "C:\Users\midoa\Downloads\letsfly_full_source_both\Windows\.venv\Lib\site-packages\httpcore\_sync\connection_pool.py", line 236 in handle_request
  File "C:\Users\midoa\Downloads\letsfly_full_source_both\Windows\.venv\Lib\site-packages\httpx\_transports\default.py", line 250 in handle_request
  File "C:\Users\midoa\Downloads\letsfly_full_source_both\Windows\.venv\Lib\site-packages\httpx\_client.py", line 1014 in _send_single_request
  File "C:\Users\midoa\Downloads\letsfly_full_source_both\Windows\.venv\Lib\site-packages\httpx\_client.py", line 979 in _send_handling_redirects
  File "C:\Users\midoa\Downloads\letsfly_full_source_both\Windows\.venv\Lib\site-packages\httpx\_client.py", line 942 in _send_handling_auth
  File "C:\Users\midoa\Downloads\letsfly_full_source_both\Windows\.venv\Lib\site-packages\httpx\_client.py", line 914 in send
  File "C:\Users\midoa\Downloads\letsfly_full_source_both\Windows\.venv\Lib\site-packages\httpx\_client.py", line 825 in request
  File "C:\Users\midoa\Downloads\letsfly_full_source_both\Windows\client\network\api_client.py", line 38 in _request
  File "C:\Users\midoa\Downloads\letsfly_full_source_both\Windows\client\network\api_client.py", line 78 in me
  File "C:\Users\midoa\Downloads\letsfly_full_source_both\Windows\client\client_app.py", line 525 in worker
  File "C:\Users\midoa\AppData\Local\Python\pythoncore-3.14-64\Lib\threading.py", line 1024 in run
  File "C:\Users\midoa\AppData\Local\Python\pythoncore-3.14-64\Lib\threading.py", line 1082 in _bootstrap_inner
  File "C:\Users\midoa\AppData\Local\Python\pythoncore-3.14-64\Lib\threading.py", line 1044 in _bootstrap

Current thread 0x00002f04 (most recent call first):
  File "C:\Users\midoa\Downloads\letsfly_full_source_both\Windows\client\main.py", line 132 in main
  File "C:\Users\midoa\Downloads\letsfly_full_source_both\Windows\client\main.py", line 135 in <module>

Current thread's C stack trace (most recent call first):
  <cannot get C stack on this system>
Windows fatal exception: code 0x8001010d

Thread 0x00000fd4 [Thread-1 (worker)] (most recent call first):
  File "C:\Users\midoa\AppData\Local\Python\pythoncore-3.14-64\Lib\socket.py", line 987 in getaddrinfo
  File "C:\Users\midoa\AppData\Local\Python\pythoncore-3.14-64\Lib\socket.py", line 850 in create_connection
  File "C:\Users\midoa\Downloads\letsfly_full_source_both\Windows\.venv\Lib\site-packages\httpcore\_backends\sync.py", line 208 in connect_tcp
  File "C:\Users\midoa\Downloads\letsfly_full_source_both\Windows\.venv\Lib\site-packages\httpcore\_sync\connection.py", line 124 in _connect
  File "C:\Users\midoa\Downloads\letsfly_full_source_both\Windows\.venv\Lib\site-packages\httpcore\_sync\connection.py", line 78 in handle_request
  File "C:\Users\midoa\Downloads\letsfly_full_source_both\Windows\.venv\Lib\site-packages\httpcore\_sync\connection_pool.py", line 236 in handle_request
  File "C:\Users\midoa\Downloads\letsfly_full_source_both\Windows\.venv\Lib\site-packages\httpx\_transports\default.py", line 250 in handle_request
  File "C:\Users\midoa\Downloads\letsfly_full_source_both\Windows\.venv\Lib\site-packages\httpx\_client.py", line 1014 in _send_single_request
  File "C:\Users\midoa\Downloads\letsfly_full_source_both\Windows\.venv\Lib\site-packages\httpx\_client.py", line 979 in _send_handling_redirects
  File "C:\Users\midoa\Downloads\letsfly_full_source_both\Windows\.venv\Lib\site-packages\httpx\_client.py", line 942 in _send_handling_auth
  File "C:\Users\midoa\Downloads\letsfly_full_source_both\Windows\.venv\Lib\site-packages\httpx\_client.py", line 914 in send
  File "C:\Users\midoa\Downloads\letsfly_full_source_both\Windows\.venv\Lib\site-packages\httpx\_client.py", line 825 in request
  File "C:\Users\midoa\Downloads\letsfly_full_source_both\Windows\client\network\api_client.py", line 38 in _request
  File "C:\Users\midoa\Downloads\letsfly_full_source_both\Windows\client\network\api_client.py", line 78 in me
  File "C:\Users\midoa\Downloads\letsfly_full_source_both\Windows\client\client_app.py", line 525 in worker
  File "C:\Users\midoa\AppData\Local\Python\pythoncore-3.14-64\Lib\threading.py", line 1024 in run
  File "C:\Users\midoa\AppData\Local\Python\pythoncore-3.14-64\Lib\threading.py", line 1082 in _bootstrap_inner
  File "C:\Users\midoa\AppData\Local\Python\pythoncore-3.14-64\Lib\threading.py", line 1044 in _bootstrap

Current thread 0x000003f8 (most recent call first):
  File "C:\Users\midoa\Downloads\letsfly_full_source_both\Windows\client\main.py", line 132 in main
  File "C:\Users\midoa\Downloads\letsfly_full_source_both\Windows\client\main.py", line 135 in <module>

Current thread's C stack trace (most recent call first):
  <cannot get C stack on this system>
Windows fatal exception: code 0x8001010d

Thread 0x00003bb0 [Thread-1 (worker)] (most recent call first):
  File "C:\Users\midoa\AppData\Local\Python\pythoncore-3.14-64\Lib\socket.py", line 859 in create_connection
  File "C:\Users\midoa\Downloads\letsfly_full_source_both\Windows\.venv\Lib\site-packages\httpcore\_backends\sync.py", line 208 in connect_tcp
  File "C:\Users\midoa\Downloads\letsfly_full_source_both\Windows\.venv\Lib\site-packages\httpcore\_sync\connection.py", line 124 in _connect
  File "C:\Users\midoa\Downloads\letsfly_full_source_both\Windows\.venv\Lib\site-packages\httpcore\_sync\connection.py", line 78 in handle_request
  File "C:\Users\midoa\Downloads\letsfly_full_source_both\Windows\.venv\Lib\site-packages\httpcore\_sync\connection_pool.py", line 236 in handle_request
  File "C:\Users\midoa\Downloads\letsfly_full_source_both\Windows\.venv\Lib\site-packages\httpx\_transports\default.py", line 250 in handle_request
  File "C:\Users\midoa\Downloads\letsfly_full_source_both\Windows\.venv\Lib\site-packages\httpx\_client.py", line 1014 in _send_single_request
  File "C:\Users\midoa\Downloads\letsfly_full_source_both\Windows\.venv\Lib\site-packages\httpx\_client.py", line 979 in _send_handling_redirects
  File "C:\Users\midoa\Downloads\letsfly_full_source_both\Windows\.venv\Lib\site-packages\httpx\_client.py", line 942 in _send_handling_auth
  File "C:\Users\midoa\Downloads\letsfly_full_source_both\Windows\.venv\Lib\site-packages\httpx\_client.py", line 914 in send
  File "C:\Users\midoa\Downloads\letsfly_full_source_both\Windows\.venv\Lib\site-packages\httpx\_client.py", line 825 in request
  File "C:\Users\midoa\Downloads\letsfly_full_source_both\Windows\client\network\api_client.py", line 38 in _request
  File "C:\Users\midoa\Downloads\letsfly_full_source_both\Windows\client\network\api_client.py", line 78 in me
  File "C:\Users\midoa\Downloads\letsfly_full_source_both\Windows\client\client_app.py", line 525 in worker
  File "C:\Users\midoa\AppData\Local\Python\pythoncore-3.14-64\Lib\threading.py", line 1024 in run
  File "C:\Users\midoa\AppData\Local\Python\pythoncore-3.14-64\Lib\threading.py", line 1082 in _bootstrap_inner
  File "C:\Users\midoa\AppData\Local\Python\pythoncore-3.14-64\Lib\threading.py", line 1044 in _bootstrap

Current thread 0x0000318c (most recent call first):
  File "C:\Users\midoa\Downloads\letsfly_full_source_both\Windows\client\main.py", line 132 in main
  File "C:\Users\midoa\Downloads\letsfly_full_source_both\Windows\client\main.py", line 135 in <module>

Current thread's C stack trace (most recent call first):
  <cannot get C stack on this system>
Windows fatal exception: code 0x8001010d

Thread 0x00001840 [Thread-1 (worker)] (most recent call first):
  File "C:\Users\midoa\AppData\Local\Python\pythoncore-3.14-64\Lib\socket.py", line 987 in getaddrinfo
  File "C:\Users\midoa\AppData\Local\Python\pythoncore-3.14-64\Lib\socket.py", line 850 in create_connection
  File "C:\Users\midoa\Downloads\letsfly_full_source_both\Windows\.venv\Lib\site-packages\httpcore\_backends\sync.py", line 208 in connect_tcp
  File "C:\Users\midoa\Downloads\letsfly_full_source_both\Windows\.venv\Lib\site-packages\httpcore\_sync\connection.py", line 124 in _connect
  File "C:\Users\midoa\Downloads\letsfly_full_source_both\Windows\.venv\Lib\site-packages\httpcore\_sync\connection.py", line 78 in handle_request
  File "C:\Users\midoa\Downloads\letsfly_full_source_both\Windows\.venv\Lib\site-packages\httpcore\_sync\connection_pool.py", line 236 in handle_request
  File "C:\Users\midoa\Downloads\letsfly_full_source_both\Windows\.venv\Lib\site-packages\httpx\_transports\default.py", line 250 in handle_request
  File "C:\Users\midoa\Downloads\letsfly_full_source_both\Windows\.venv\Lib\site-packages\httpx\_client.py", line 1014 in _send_single_request
  File "C:\Users\midoa\Downloads\letsfly_full_source_both\Windows\.venv\Lib\site-packages\httpx\_client.py", line 979 in _send_handling_redirects
  File "C:\Users\midoa\Downloads\letsfly_full_source_both\Windows\.venv\Lib\site-packages\httpx\_client.py", line 942 in _send_handling_auth
  File "C:\Users\midoa\Downloads\letsfly_full_source_both\Windows\.venv\Lib\site-packages\httpx\_client.py", line 914 in send
  File "C:\Users\midoa\Downloads\letsfly_full_source_both\Windows\.venv\Lib\site-packages\httpx\_client.py", line 825 in request
  File "C:\Users\midoa\Downloads\letsfly_full_source_both\Windows\client\network\api_client.py", line 38 in _request
  File "C:\Users\midoa\Downloads\letsfly_full_source_both\Windows\client\network\api_client.py", line 78 in me
  File "C:\Users\midoa\Downloads\letsfly_full_source_both\Windows\client\client_app.py", line 525 in worker
  File "C:\Users\midoa\AppData\Local\Python\pythoncore-3.14-64\Lib\threading.py", line 1024 in run
  File "C:\Users\midoa\AppData\Local\Python\pythoncore-3.14-64\Lib\threading.py", line 1082 in _bootstrap_inner
  File "C:\Users\midoa\AppData\Local\Python\pythoncore-3.14-64\Lib\threading.py", line 1044 in _bootstrap

Current thread 0x00003688 (most recent call first):
  File "C:\Users\midoa\Downloads\letsfly_full_source_both\Windows\client\main.py", line 132 in main
  File "C:\Users\midoa\Downloads\letsfly_full_source_both\Windows\client\main.py", line 135 in <module>

Current thread's C stack trace (most recent call first):
  <cannot get C stack on this system>
Windows fatal exception: code 0x8001010d

Thread 0x00002814 [Thread-1 (worker)] (most recent call first):
  File "C:\Users\midoa\AppData\Local\Python\pythoncore-3.14-64\Lib\socket.py", line 987 in getaddrinfo
  File "C:\Users\midoa\AppData\Local\Python\pythoncore-3.14-64\Lib\socket.py", line 850 in create_connection
  File "C:\Users\midoa\Downloads\letsfly_full_source_both\Windows\.venv\Lib\site-packages\httpcore\_backends\sync.py", line 208 in connect_tcp
  File "C:\Users\midoa\Downloads\letsfly_full_source_both\Windows\.venv\Lib\site-packages\httpcore\_sync\connection.py", line 124 in _connect
  File "C:\Users\midoa\Downloads\letsfly_full_source_both\Windows\.venv\Lib\site-packages\httpcore\_sync\connection.py", line 78 in handle_request
  File "C:\Users\midoa\Downloads\letsfly_full_source_both\Windows\.venv\Lib\site-packages\httpcore\_sync\connection_pool.py", line 236 in handle_request
  File "C:\Users\midoa\Downloads\letsfly_full_source_both\Windows\.venv\Lib\site-packages\httpx\_transports\default.py", line 250 in handle_request
  File "C:\Users\midoa\Downloads\letsfly_full_source_both\Windows\.venv\Lib\site-packages\httpx\_client.py", line 1014 in _send_single_request
  File "C:\Users\midoa\Downloads\letsfly_full_source_both\Windows\.venv\Lib\site-packages\httpx\_client.py", line 979 in _send_handling_redirects
  File "C:\Users\midoa\Downloads\letsfly_full_source_both\Windows\.venv\Lib\site-packages\httpx\_client.py", line 942 in _send_handling_auth
  File "C:\Users\midoa\Downloads\letsfly_full_source_both\Windows\.venv\Lib\site-packages\httpx\_client.py", line 914 in send
  File "C:\Users\midoa\Downloads\letsfly_full_source_both\Windows\.venv\Lib\site-packages\httpx\_client.py", line 825 in request
  File "C:\Users\midoa\Downloads\letsfly_full_source_both\Windows\client\network\api_client.py", line 38 in _request
  File "C:\Users\midoa\Downloads\letsfly_full_source_both\Windows\client\network\api_client.py", line 78 in me
  File "C:\Users\midoa\Downloads\letsfly_full_source_both\Windows\client\client_app.py", line 525 in worker
  File "C:\Users\midoa\AppData\Local\Python\pythoncore-3.14-64\Lib\threading.py", line 1024 in run
  File "C:\Users\midoa\AppData\Local\Python\pythoncore-3.14-64\Lib\threading.py", line 1082 in _bootstrap_inner
  File "C:\Users\midoa\AppData\Local\Python\pythoncore-3.14-64\Lib\threading.py", line 1044 in _bootstrap

Current thread 0x00000a1c (most recent call first):
  File "C:\Users\midoa\Downloads\letsfly_full_source_both\Windows\client\main.py", line 132 in main
  File "C:\Users\midoa\Downloads\letsfly_full_source_both\Windows\client\main.py", line 135 in <module>

Current thread's C stack trace (most recent call first):
  <cannot get C stack on this system>
Windows fatal exception: code 0x8001010d

Thread 0x00003754 [Thread-1 (worker)] (most recent call first):
  File "C:\Users\midoa\AppData\Local\Python\pythoncore-3.14-64\Lib\socket.py", line 987 in getaddrinfo
  File "C:\Users\midoa\AppData\Local\Python\pythoncore-3.14-64\Lib\socket.py", line 850 in create_connection
  File "C:\Users\midoa\Downloads\letsfly_full_source_both\Windows\.venv\Lib\site-packages\httpcore\_backends\sync.py", line 208 in connect_tcp
  File "C:\Users\midoa\Downloads\letsfly_full_source_both\Windows\.venv\Lib\site-packages\httpcore\_sync\connection.py", line 124 in _connect
  File "C:\Users\midoa\Downloads\letsfly_full_source_both\Windows\.venv\Lib\site-packages\httpcore\_sync\connection.py", line 78 in handle_request
  File "C:\Users\midoa\Downloads\letsfly_full_source_both\Windows\.venv\Lib\site-packages\httpcore\_sync\connection_pool.py", line 236 in handle_request
  File "C:\Users\midoa\Downloads\letsfly_full_source_both\Windows\.venv\Lib\site-packages\httpx\_transports\default.py", line 250 in handle_request
  File "C:\Users\midoa\Downloads\letsfly_full_source_both\Windows\.venv\Lib\site-packages\httpx\_client.py", line 1014 in _send_single_request
  File "C:\Users\midoa\Downloads\letsfly_full_source_both\Windows\.venv\Lib\site-packages\httpx\_client.py", line 979 in _send_handling_redirects
  File "C:\Users\midoa\Downloads\letsfly_full_source_both\Windows\.venv\Lib\site-packages\httpx\_client.py", line 942 in _send_handling_auth
  File "C:\Users\midoa\Downloads\letsfly_full_source_both\Windows\.venv\Lib\site-packages\httpx\_client.py", line 914 in send
  File "C:\Users\midoa\Downloads\letsfly_full_source_both\Windows\.venv\Lib\site-packages\httpx\_client.py", line 825 in request
  File "C:\Users\midoa\Downloads\letsfly_full_source_both\Windows\client\network\api_client.py", line 38 in _request
  File "C:\Users\midoa\Downloads\letsfly_full_source_both\Windows\client\network\api_client.py", line 78 in me
  File "C:\Users\midoa\Downloads\letsfly_full_source_both\Windows\client\client_app.py", line 525 in worker
  File "C:\Users\midoa\AppData\Local\Python\pythoncore-3.14-64\Lib\threading.py", line 1024 in run
  File "C:\Users\midoa\AppData\Local\Python\pythoncore-3.14-64\Lib\threading.py", line 1082 in _bootstrap_inner
  File "C:\Users\midoa\AppData\Local\Python\pythoncore-3.14-64\Lib\threading.py", line 1044 in _bootstrap

Current thread 0x00000f14 (most recent call first):
  File "C:\Users\midoa\Downloads\letsfly_full_source_both\Windows\client\main.py", line 132 in main
  File "C:\Users\midoa\Downloads\letsfly_full_source_both\Windows\client\main.py", line 135 in <module>

Current thread's C stack trace (most recent call first):
  <cannot get C stack on this system>
Windows fatal exception: code 0x8001010d

Thread 0x00002c5c [Thread-1 (worker)] (most recent call first):
  File "C:\Users\midoa\AppData\Local\Python\pythoncore-3.14-64\Lib\socket.py", line 987 in getaddrinfo
  File "C:\Users\midoa\AppData\Local\Python\pythoncore-3.14-64\Lib\socket.py", line 850 in create_connection
  File "C:\Users\midoa\Downloads\letsfly_full_source_both\Windows\.venv\Lib\site-packages\httpcore\_backends\sync.py", line 208 in connect_tcp
  File "C:\Users\midoa\Downloads\letsfly_full_source_both\Windows\.venv\Lib\site-packages\httpcore\_sync\connection.py", line 124 in _connect
  File "C:\Users\midoa\Downloads\letsfly_full_source_both\Windows\.venv\Lib\site-packages\httpcore\_sync\connection.py", line 78 in handle_request
  File "C:\Users\midoa\Downloads\letsfly_full_source_both\Windows\.venv\Lib\site-packages\httpcore\_sync\connection_pool.py", line 236 in handle_request
  File "C:\Users\midoa\Downloads\letsfly_full_source_both\Windows\.venv\Lib\site-packages\httpx\_transports\default.py", line 250 in handle_request
  File "C:\Users\midoa\Downloads\letsfly_full_source_both\Windows\.venv\Lib\site-packages\httpx\_client.py", line 1014 in _send_single_request
  File "C:\Users\midoa\Downloads\letsfly_full_source_both\Windows\.venv\Lib\site-packages\httpx\_client.py", line 979 in _send_handling_redirects
  File "C:\Users\midoa\Downloads\letsfly_full_source_both\Windows\.venv\Lib\site-packages\httpx\_client.py", line 942 in _send_handling_auth
  File "C:\Users\midoa\Downloads\letsfly_full_source_both\Windows\.venv\Lib\site-packages\httpx\_client.py", line 914 in send
  File "C:\Users\midoa\Downloads\letsfly_full_source_both\Windows\.venv\Lib\site-packages\httpx\_client.py", line 825 in request
  File "C:\Users\midoa\Downloads\letsfly_full_source_both\Windows\client\network\api_client.py", line 38 in _request
  File "C:\Users\midoa\Downloads\letsfly_full_source_both\Windows\client\network\api_client.py", line 78 in me
  File "C:\Users\midoa\Downloads\letsfly_full_source_both\Windows\client\client_app.py", line 525 in worker
  File "C:\Users\midoa\AppData\Local\Python\pythoncore-3.14-64\Lib\threading.py", line 1024 in run
  File "C:\Users\midoa\AppData\Local\Python\pythoncore-3.14-64\Lib\threading.py", line 1082 in _bootstrap_inner
  File "C:\Users\midoa\AppData\Local\Python\pythoncore-3.14-64\Lib\threading.py", line 1044 in _bootstrap

Current thread 0x00002198 (most recent call first):
  File "C:\Users\midoa\Downloads\letsfly_full_source_both\Windows\client\main.py", line 132 in main
  File "C:\Users\midoa\Downloads\letsfly_full_source_both\Windows\client\main.py", line 135 in <module>

Current thread's C stack trace (most recent call first):
  <cannot get C stack on this system>
Windows fatal exception: code 0x8001010d

Thread 0x00000ac0 [Thread-1 (worker)] (most recent call first):
  File "C:\Users\midoa\AppData\Local\Python\pythoncore-3.14-64\Lib\socket.py", line 987 in getaddrinfo
  File "C:\Users\midoa\AppData\Local\Python\pythoncore-3.14-64\Lib\socket.py", line 850 in create_connection
  File "C:\Users\midoa\Downloads\letsfly_full_source_both\Windows\.venv\Lib\site-packages\httpcore\_backends\sync.py", line 208 in connect_tcp
  File "C:\Users\midoa\Downloads\letsfly_full_source_both\Windows\.venv\Lib\site-packages\httpcore\_sync\connection.py", line 124 in _connect
  File "C:\Users\midoa\Downloads\letsfly_full_source_both\Windows\.venv\Lib\site-packages\httpcore\_sync\connection.py", line 78 in handle_request
  File "C:\Users\midoa\Downloads\letsfly_full_source_both\Windows\.venv\Lib\site-packages\httpcore\_sync\connection_pool.py", line 236 in handle_request
  File "C:\Users\midoa\Downloads\letsfly_full_source_both\Windows\.venv\Lib\site-packages\httpx\_transports\default.py", line 250 in handle_request
  File "C:\Users\midoa\Downloads\letsfly_full_source_both\Windows\.venv\Lib\site-packages\httpx\_client.py", line 1014 in _send_single_request
  File "C:\Users\midoa\Downloads\letsfly_full_source_both\Windows\.venv\Lib\site-packages\httpx\_client.py", line 979 in _send_handling_redirects
  File "C:\Users\midoa\Downloads\letsfly_full_source_both\Windows\.venv\Lib\site-packages\httpx\_client.py", line 942 in _send_handling_auth
  File "C:\Users\midoa\Downloads\letsfly_full_source_both\Windows\.venv\Lib\site-packages\httpx\_client.py", line 914 in send
  File "C:\Users\midoa\Downloads\letsfly_full_source_both\Windows\.venv\Lib\site-packages\httpx\_client.py", line 825 in request
  File "C:\Users\midoa\Downloads\letsfly_full_source_both\Windows\client\network\api_client.py", line 38 in _request
  File "C:\Users\midoa\Downloads\letsfly_full_source_both\Windows\client\network\api_client.py", line 78 in me
  File "C:\Users\midoa\Downloads\letsfly_full_source_both\Windows\client\client_app.py", line 525 in worker
  File "C:\Users\midoa\AppData\Local\Python\pythoncore-3.14-64\Lib\threading.py", line 1024 in run
  File "C:\Users\midoa\AppData\Local\Python\pythoncore-3.14-64\Lib\threading.py", line 1082 in _bootstrap_inner
  File "C:\Users\midoa\AppData\Local\Python\pythoncore-3.14-64\Lib\threading.py", line 1044 in _bootstrap

Current thread 0x0000369c (most recent call first):
  File "C:\Users\midoa\Downloads\letsfly_full_source_both\Windows\client\main.py", line 132 in main
  File "C:\Users\midoa\Downloads\letsfly_full_source_both\Windows\client\main.py", line 135 in <module>

Current thread's C stack trace (most recent call first):
  <cannot get C stack on this system>
Windows fatal exception: code 0x8001010d

Thread 0x00000c78 [Thread-1 (worker)] (most recent call first):
  File "C:\Users\midoa\AppData\Local\Python\pythoncore-3.14-64\Lib\socket.py", line 987 in getaddrinfo
  File "C:\Users\midoa\AppData\Local\Python\pythoncore-3.14-64\Lib\socket.py", line 850 in create_connection
  File "C:\Users\midoa\Downloads\letsfly_full_source_both\Windows\.venv\Lib\site-packages\httpcore\_backends\sync.py", line 208 in connect_tcp
  File "C:\Users\midoa\Downloads\letsfly_full_source_both\Windows\.venv\Lib\site-packages\httpcore\_sync\connection.py", line 124 in _connect
  File "C:\Users\midoa\Downloads\letsfly_full_source_both\Windows\.venv\Lib\site-packages\httpcore\_sync\connection.py", line 78 in handle_request
  File "C:\Users\midoa\Downloads\letsfly_full_source_both\Windows\.venv\Lib\site-packages\httpcore\_sync\connection_pool.py", line 236 in handle_request
  File "C:\Users\midoa\Downloads\letsfly_full_source_both\Windows\.venv\Lib\site-packages\httpx\_transports\default.py", line 250 in handle_request
  File "C:\Users\midoa\Downloads\letsfly_full_source_both\Windows\.venv\Lib\site-packages\httpx\_client.py", line 1014 in _send_single_request
  File "C:\Users\midoa\Downloads\letsfly_full_source_both\Windows\.venv\Lib\site-packages\httpx\_client.py", line 979 in _send_handling_redirects
  File "C:\Users\midoa\Downloads\letsfly_full_source_both\Windows\.venv\Lib\site-packages\httpx\_client.py", line 942 in _send_handling_auth
  File "C:\Users\midoa\Downloads\letsfly_full_source_both\Windows\.venv\Lib\site-packages\httpx\_client.py", line 914 in send
  File "C:\Users\midoa\Downloads\letsfly_full_source_both\Windows\.venv\Lib\site-packages\httpx\_client.py", line 825 in request
  File "C:\Users\midoa\Downloads\letsfly_full_source_both\Windows\client\network\api_client.py", line 38 in _request
  File "C:\Users\midoa\Downloads\letsfly_full_source_both\Windows\client\network\api_client.py", line 78 in me
  File "C:\Users\midoa\Downloads\letsfly_full_source_both\Windows\client\client_app.py", line 525 in worker
  File "C:\Users\midoa\AppData\Local\Python\pythoncore-3.14-64\Lib\threading.py", line 1024 in run
  File "C:\Users\midoa\AppData\Local\Python\pythoncore-3.14-64\Lib\threading.py", line 1082 in _bootstrap_inner
  File "C:\Users\midoa\AppData\Local\Python\pythoncore-3.14-64\Lib\threading.py", line 1044 in _bootstrap

Current thread 0x00003b68 (most recent call first):
  File "C:\Users\midoa\Downloads\letsfly_full_source_both\Windows\client\main.py", line 132 in main
  File "C:\Users\midoa\Downloads\letsfly_full_source_both\Windows\client\main.py", line 135 in <module>

Current thread's C stack trace (most recent call first):
  <cannot get C stack on this system>
Windows fatal exception: code 0x8001010d

Thread 0x000033e4 [Thread-1 (worker)] (most recent call first):
  File "C:\Users\midoa\AppData\Local\Python\pythoncore-3.14-64\Lib\socket.py", line 987 in getaddrinfo
  File "C:\Users\midoa\AppData\Local\Python\pythoncore-3.14-64\Lib\socket.py", line 850 in create_connection
  File "C:\Users\midoa\Downloads\letsfly_full_source_both\Windows\.venv\Lib\site-packages\httpcore\_backends\sync.py", line 208 in connect_tcp
  File "C:\Users\midoa\Downloads\letsfly_full_source_both\Windows\.venv\Lib\site-packages\httpcore\_sync\connection.py", line 124 in _connect
  File "C:\Users\midoa\Downloads\letsfly_full_source_both\Windows\.venv\Lib\site-packages\httpcore\_sync\connection.py", line 78 in handle_request
  File "C:\Users\midoa\Downloads\letsfly_full_source_both\Windows\.venv\Lib\site-packages\httpcore\_sync\connection_pool.py", line 236 in handle_request
  File "C:\Users\midoa\Downloads\letsfly_full_source_both\Windows\.venv\Lib\site-packages\httpx\_transports\default.py", line 250 in handle_request
  File "C:\Users\midoa\Downloads\letsfly_full_source_both\Windows\.venv\Lib\site-packages\httpx\_client.py", line 1014 in _send_single_request
  File "C:\Users\midoa\Downloads\letsfly_full_source_both\Windows\.venv\Lib\site-packages\httpx\_client.py", line 979 in _send_handling_redirects
  File "C:\Users\midoa\Downloads\letsfly_full_source_both\Windows\.venv\Lib\site-packages\httpx\_client.py", line 942 in _send_handling_auth
  File "C:\Users\midoa\Downloads\letsfly_full_source_both\Windows\.venv\Lib\site-packages\httpx\_client.py", line 914 in send
  File "C:\Users\midoa\Downloads\letsfly_full_source_both\Windows\.venv\Lib\site-packages\httpx\_client.py", line 825 in request
  File "C:\Users\midoa\Downloads\letsfly_full_source_both\Windows\client\network\api_client.py", line 38 in _request
  File "C:\Users\midoa\Downloads\letsfly_full_source_both\Windows\client\network\api_client.py", line 78 in me
  File "C:\Users\midoa\Downloads\letsfly_full_source_both\Windows\client\client_app.py", line 539 in worker
  File "C:\Users\midoa\AppData\Local\Python\pythoncore-3.14-64\Lib\threading.py", line 1024 in run
  File "C:\Users\midoa\AppData\Local\Python\pythoncore-3.14-64\Lib\threading.py", line 1082 in _bootstrap_inner
  File "C:\Users\midoa\AppData\Local\Python\pythoncore-3.14-64\Lib\threading.py", line 1044 in _bootstrap

Current thread 0x00002b30 (most recent call first):
  File "C:\Users\midoa\Downloads\letsfly_full_source_both\Windows\client\main.py", line 132 in main
  File "C:\Users\midoa\Downloads\letsfly_full_source_both\Windows\client\main.py", line 135 in <module>

Current thread's C stack trace (most recent call first):
  <cannot get C stack on this system>
Windows fatal exception: code 0x8001010d

Thread 0x00003a9c [Thread-1 (worker)] (most recent call first):
  File "C:\Users\midoa\AppData\Local\Python\pythoncore-3.14-64\Lib\socket.py", line 859 in create_connection
  File "C:\Users\midoa\Downloads\letsfly_full_source_both\Windows\.venv\Lib\site-packages\httpcore\_backends\sync.py", line 208 in connect_tcp
  File "C:\Users\midoa\Downloads\letsfly_full_source_both\Windows\.venv\Lib\site-packages\httpcore\_sync\connection.py", line 124 in _connect
  File "C:\Users\midoa\Downloads\letsfly_full_source_both\Windows\.venv\Lib\site-packages\httpcore\_sync\connection.py", line 78 in handle_request
  File "C:\Users\midoa\Downloads\letsfly_full_source_both\Windows\.venv\Lib\site-packages\httpcore\_sync\connection_pool.py", line 236 in handle_request
  File "C:\Users\midoa\Downloads\letsfly_full_source_both\Windows\.venv\Lib\site-packages\httpx\_transports\default.py", line 250 in handle_request
  File "C:\Users\midoa\Downloads\letsfly_full_source_both\Windows\.venv\Lib\site-packages\httpx\_client.py", line 1014 in _send_single_request
  File "C:\Users\midoa\Downloads\letsfly_full_source_both\Windows\.venv\Lib\site-packages\httpx\_client.py", line 979 in _send_handling_redirects
  File "C:\Users\midoa\Downloads\letsfly_full_source_both\Windows\.venv\Lib\site-packages\httpx\_client.py", line 942 in _send_handling_auth
  File "C:\Users\midoa\Downloads\letsfly_full_source_both\Windows\.venv\Lib\site-packages\httpx\_client.py", line 914 in send
  File "C:\Users\midoa\Downloads\letsfly_full_source_both\Windows\.venv\Lib\site-packages\httpx\_client.py", line 825 in request
  File "C:\Users\midoa\Downloads\letsfly_full_source_both\Windows\client\network\api_client.py", line 38 in _request
  File "C:\Users\midoa\Downloads\letsfly_full_source_both\Windows\client\network\api_client.py", line 78 in me
  File "C:\Users\midoa\Downloads\letsfly_full_source_both\Windows\client\client_app.py", line 539 in worker
  File "C:\Users\midoa\AppData\Local\Python\pythoncore-3.14-64\Lib\threading.py", line 1024 in run
  File "C:\Users\midoa\AppData\Local\Python\pythoncore-3.14-64\Lib\threading.py", line 1082 in _bootstrap_inner
  File "C:\Users\midoa\AppData\Local\Python\pythoncore-3.14-64\Lib\threading.py", line 1044 in _bootstrap

Current thread 0x00003120 (most recent call first):
  File "C:\Users\midoa\Downloads\letsfly_full_source_both\Windows\client\main.py", line 132 in main
  File "C:\Users\midoa\Downloads\letsfly_full_source_both\Windows\client\main.py", line 135 in <module>

Current thread's C stack trace (most recent call first):
  <cannot get C stack on this system>
Windows fatal exception: code 0x8001010d

Thread 0x00002974 [Thread-1 (worker)] (most recent call first):
  File "C:\Users\midoa\AppData\Local\Python\pythoncore-3.14-64\Lib\socket.py", line 859 in create_connection
  File "C:\Users\midoa\Downloads\letsfly_full_source_both\Windows\.venv\Lib\site-packages\httpcore\_backends\sync.py", line 208 in connect_tcp
  File "C:\Users\midoa\Downloads\letsfly_full_source_both\Windows\.venv\Lib\site-packages\httpcore\_sync\connection.py", line 124 in _connect
  File "C:\Users\midoa\Downloads\letsfly_full_source_both\Windows\.venv\Lib\site-packages\httpcore\_sync\connection.py", line 78 in handle_request
  File "C:\Users\midoa\Downloads\letsfly_full_source_both\Windows\.venv\Lib\site-packages\httpcore\_sync\connection_pool.py", line 236 in handle_request
  File "C:\Users\midoa\Downloads\letsfly_full_source_both\Windows\.venv\Lib\site-packages\httpx\_transports\default.py", line 250 in handle_request
  File "C:\Users\midoa\Downloads\letsfly_full_source_both\Windows\.venv\Lib\site-packages\httpx\_client.py", line 1014 in _send_single_request
  File "C:\Users\midoa\Downloads\letsfly_full_source_both\Windows\.venv\Lib\site-packages\httpx\_client.py", line 979 in _send_handling_redirects
  File "C:\Users\midoa\Downloads\letsfly_full_source_both\Windows\.venv\Lib\site-packages\httpx\_client.py", line 942 in _send_handling_auth
  File "C:\Users\midoa\Downloads\letsfly_full_source_both\Windows\.venv\Lib\site-packages\httpx\_client.py", line 914 in send
  File "C:\Users\midoa\Downloads\letsfly_full_source_both\Windows\.venv\Lib\site-packages\httpx\_client.py", line 825 in request
  File "C:\Users\midoa\Downloads\letsfly_full_source_both\Windows\client\network\api_client.py", line 38 in _request
  File "C:\Users\midoa\Downloads\letsfly_full_source_both\Windows\client\network\api_client.py", line 78 in me
  File "C:\Users\midoa\Downloads\letsfly_full_source_both\Windows\client\client_app.py", line 539 in worker
  File "C:\Users\midoa\AppData\Local\Python\pythoncore-3.14-64\Lib\threading.py", line 1024 in run
  File "C:\Users\midoa\AppData\Local\Python\pythoncore-3.14-64\Lib\threading.py", line 1082 in _bootstrap_inner
  File "C:\Users\midoa\AppData\Local\Python\pythoncore-3.14-64\Lib\threading.py", line 1044 in _bootstrap

Current thread 0x00003140 (most recent call first):
  File "C:\Users\midoa\Downloads\letsfly_full_source_both\Windows\client\main.py", line 132 in main
  File "C:\Users\midoa\Downloads\letsfly_full_source_both\Windows\client\main.py", line 135 in <module>

Current thread's C stack trace (most recent call first):
  <cannot get C stack on this system>
Windows fatal exception: code 0x8001010d

Thread 0x00000d6c [Thread-1 (worker)] (most recent call first):
  File "C:\Users\midoa\AppData\Local\Python\pythoncore-3.14-64\Lib\socket.py", line 859 in create_connection
  File "C:\Users\midoa\Downloads\letsfly_full_source_both\Windows\.venv\Lib\site-packages\httpcore\_backends\sync.py", line 208 in connect_tcp
  File "C:\Users\midoa\Downloads\letsfly_full_source_both\Windows\.venv\Lib\site-packages\httpcore\_sync\connection.py", line 124 in _connect
  File "C:\Users\midoa\Downloads\letsfly_full_source_both\Windows\.venv\Lib\site-packages\httpcore\_sync\connection.py", line 78 in handle_request
  File "C:\Users\midoa\Downloads\letsfly_full_source_both\Windows\.venv\Lib\site-packages\httpcore\_sync\connection_pool.py", line 236 in handle_request
  File "C:\Users\midoa\Downloads\letsfly_full_source_both\Windows\.venv\Lib\site-packages\httpx\_transports\default.py", line 250 in handle_request
  File "C:\Users\midoa\Downloads\letsfly_full_source_both\Windows\.venv\Lib\site-packages\httpx\_client.py", line 1014 in _send_single_request
  File "C:\Users\midoa\Downloads\letsfly_full_source_both\Windows\.venv\Lib\site-packages\httpx\_client.py", line 979 in _send_handling_redirects
  File "C:\Users\midoa\Downloads\letsfly_full_source_both\Windows\.venv\Lib\site-packages\httpx\_client.py", line 942 in _send_handling_auth
  File "C:\Users\midoa\Downloads\letsfly_full_source_both\Windows\.venv\Lib\site-packages\httpx\_client.py", line 914 in send
  File "C:\Users\midoa\Downloads\letsfly_full_source_both\Windows\.venv\Lib\site-packages\httpx\_client.py", line 825 in request
  File "C:\Users\midoa\Downloads\letsfly_full_source_both\Windows\client\network\api_client.py", line 38 in _request
  File "C:\Users\midoa\Downloads\letsfly_full_source_both\Windows\client\network\api_client.py", line 78 in me
  File "C:\Users\midoa\Downloads\letsfly_full_source_both\Windows\client\client_app.py", line 539 in worker
  File "C:\Users\midoa\AppData\Local\Python\pythoncore-3.14-64\Lib\threading.py", line 1024 in run
  File "C:\Users\midoa\AppData\Local\Python\pythoncore-3.14-64\Lib\threading.py", line 1082 in _bootstrap_inner
  File "C:\Users\midoa\AppData\Local\Python\pythoncore-3.14-64\Lib\threading.py", line 1044 in _bootstrap

Current thread 0x0000066c (most recent call first):
  File "C:\Users\midoa\Downloads\letsfly_full_source_both\Windows\client\main.py", line 132 in main
  File "C:\Users\midoa\Downloads\letsfly_full_source_both\Windows\client\main.py", line 135 in <module>

Current thread's C stack trace (most recent call first):
  <cannot get C stack on this system>
Windows fatal exception: code 0x8001010d

Thread 0x0000240c [Thread-1 (worker)] (most recent call first):
  File "C:\Users\midoa\AppData\Local\Python\pythoncore-3.14-64\Lib\socket.py", line 987 in getaddrinfo
  File "C:\Users\midoa\AppData\Local\Python\pythoncore-3.14-64\Lib\socket.py", line 850 in create_connection
  File "C:\Users\midoa\Downloads\letsfly_full_source_both\Windows\.venv\Lib\site-packages\httpcore\_backends\sync.py", line 208 in connect_tcp
  File "C:\Users\midoa\Downloads\letsfly_full_source_both\Windows\.venv\Lib\site-packages\httpcore\_sync\connection.py", line 124 in _connect
  File "C:\Users\midoa\Downloads\letsfly_full_source_both\Windows\.venv\Lib\site-packages\httpcore\_sync\connection.py", line 78 in handle_request
  File "C:\Users\midoa\Downloads\letsfly_full_source_both\Windows\.venv\Lib\site-packages\httpcore\_sync\connection_pool.py", line 236 in handle_request
  File "C:\Users\midoa\Downloads\letsfly_full_source_both\Windows\.venv\Lib\site-packages\httpx\_transports\default.py", line 250 in handle_request
  File "C:\Users\midoa\Downloads\letsfly_full_source_both\Windows\.venv\Lib\site-packages\httpx\_client.py", line 1014 in _send_single_request
  File "C:\Users\midoa\Downloads\letsfly_full_source_both\Windows\.venv\Lib\site-packages\httpx\_client.py", line 979 in _send_handling_redirects
  File "C:\Users\midoa\Downloads\letsfly_full_source_both\Windows\.venv\Lib\site-packages\httpx\_client.py", line 942 in _send_handling_auth
  File "C:\Users\midoa\Downloads\letsfly_full_source_both\Windows\.venv\Lib\site-packages\httpx\_client.py", line 914 in send
  File "C:\Users\midoa\Downloads\letsfly_full_source_both\Windows\.venv\Lib\site-packages\httpx\_client.py", line 825 in request
  File "C:\Users\midoa\Downloads\letsfly_full_source_both\Windows\client\network\api_client.py", line 38 in _request
  File "C:\Users\midoa\Downloads\letsfly_full_source_both\Windows\client\network\api_client.py", line 78 in me
  File "C:\Users\midoa\Downloads\letsfly_full_source_both\Windows\client\client_app.py", line 539 in worker
  File "C:\Users\midoa\AppData\Local\Python\pythoncore-3.14-64\Lib\threading.py", line 1024 in run
  File "C:\Users\midoa\AppData\Local\Python\pythoncore-3.14-64\Lib\threading.py", line 1082 in _bootstrap_inner
  File "C:\Users\midoa\AppData\Local\Python\pythoncore-3.14-64\Lib\threading.py", line 1044 in _bootstrap

Current thread 0x00000964 (most recent call first):
  File "C:\Users\midoa\Downloads\letsfly_full_source_both\Windows\client\main.py", line 132 in main
  File "C:\Users\midoa\Downloads\letsfly_full_source_both\Windows\client\main.py", line 135 in <module>

Current thread's C stack trace (most recent call first):
  <cannot get C stack on this system>
Windows fatal exception: code 0x8001010d

Thread 0x00002bf4 [Thread-1 (worker)] (most recent call first):
  File "C:\Users\midoa\AppData\Local\Python\pythoncore-3.14-64\Lib\socket.py", line 987 in getaddrinfo
  File "C:\Users\midoa\AppData\Local\Python\pythoncore-3.14-64\Lib\socket.py", line 850 in create_connection
  File "C:\Users\midoa\Downloads\letsfly_full_source_both\Windows\.venv\Lib\site-packages\httpcore\_backends\sync.py", line 208 in connect_tcp
  File "C:\Users\midoa\Downloads\letsfly_full_source_both\Windows\.venv\Lib\site-packages\httpcore\_sync\connection.py", line 124 in _connect
  File "C:\Users\midoa\Downloads\letsfly_full_source_both\Windows\.venv\Lib\site-packages\httpcore\_sync\connection.py", line 78 in handle_request
  File "C:\Users\midoa\Downloads\letsfly_full_source_both\Windows\.venv\Lib\site-packages\httpcore\_sync\connection_pool.py", line 236 in handle_request
  File "C:\Users\midoa\Downloads\letsfly_full_source_both\Windows\.venv\Lib\site-packages\httpx\_transports\default.py", line 250 in handle_request
  File "C:\Users\midoa\Downloads\letsfly_full_source_both\Windows\.venv\Lib\site-packages\httpx\_client.py", line 1014 in _send_single_request
  File "C:\Users\midoa\Downloads\letsfly_full_source_both\Windows\.venv\Lib\site-packages\httpx\_client.py", line 979 in _send_handling_redirects
  File "C:\Users\midoa\Downloads\letsfly_full_source_both\Windows\.venv\Lib\site-packages\httpx\_client.py", line 942 in _send_handling_auth
  File "C:\Users\midoa\Downloads\letsfly_full_source_both\Windows\.venv\Lib\site-packages\httpx\_client.py", line 914 in send
  File "C:\Users\midoa\Downloads\letsfly_full_source_both\Windows\.venv\Lib\site-packages\httpx\_client.py", line 825 in request
  File "C:\Users\midoa\Downloads\letsfly_full_source_both\Windows\client\network\api_client.py", line 38 in _request
  File "C:\Users\midoa\Downloads\letsfly_full_source_both\Windows\client\network\api_client.py", line 78 in me
  File "C:\Users\midoa\Downloads\letsfly_full_source_both\Windows\client\client_app.py", line 539 in worker
  File "C:\Users\midoa\AppData\Local\Python\pythoncore-3.14-64\Lib\threading.py", line 1024 in run
  File "C:\Users\midoa\AppData\Local\Python\pythoncore-3.14-64\Lib\threading.py", line 1082 in _bootstrap_inner
  File "C:\Users\midoa\AppData\Local\Python\pythoncore-3.14-64\Lib\threading.py", line 1044 in _bootstrap

Current thread 0x00002480 (most recent call first):
  File "C:\Users\midoa\Downloads\letsfly_full_source_both\Windows\client\main.py", line 132 in main
  File "C:\Users\midoa\Downloads\letsfly_full_source_both\Windows\client\main.py", line 135 in <module>

Current thread's C stack trace (most recent call first):
  <cannot get C stack on this system>
Windows fatal exception: code 0x8001010d

Thread 0x00002d14 [Thread-1 (worker)] (most recent call first):
  File "C:\Users\midoa\AppData\Local\Python\pythoncore-3.14-64\Lib\socket.py", line 987 in getaddrinfo
  File "C:\Users\midoa\AppData\Local\Python\pythoncore-3.14-64\Lib\socket.py", line 850 in create_connection
  File "C:\Users\midoa\Downloads\letsfly_full_source_both\Windows\.venv\Lib\site-packages\httpcore\_backends\sync.py", line 208 in connect_tcp
  File "C:\Users\midoa\Downloads\letsfly_full_source_both\Windows\.venv\Lib\site-packages\httpcore\_sync\connection.py", line 124 in _connect
  File "C:\Users\midoa\Downloads\letsfly_full_source_both\Windows\.venv\Lib\site-packages\httpcore\_sync\connection.py", line 78 in handle_request
  File "C:\Users\midoa\Downloads\letsfly_full_source_both\Windows\.venv\Lib\site-packages\httpcore\_sync\connection_pool.py", line 236 in handle_request
  File "C:\Users\midoa\Downloads\letsfly_full_source_both\Windows\.venv\Lib\site-packages\httpx\_transports\default.py", line 250 in handle_request
  File "C:\Users\midoa\Downloads\letsfly_full_source_both\Windows\.venv\Lib\site-packages\httpx\_client.py", line 1014 in _send_single_request
  File "C:\Users\midoa\Downloads\letsfly_full_source_both\Windows\.venv\Lib\site-packages\httpx\_client.py", line 979 in _send_handling_redirects
  File "C:\Users\midoa\Downloads\letsfly_full_source_both\Windows\.venv\Lib\site-packages\httpx\_client.py", line 942 in _send_handling_auth
  File "C:\Users\midoa\Downloads\letsfly_full_source_both\Windows\.venv\Lib\site-packages\httpx\_client.py", line 914 in send
  File "C:\Users\midoa\Downloads\letsfly_full_source_both\Windows\.venv\Lib\site-packages\httpx\_client.py", line 825 in request
  File "C:\Users\midoa\Downloads\letsfly_full_source_both\Windows\client\network\api_client.py", line 38 in _request
  File "C:\Users\midoa\Downloads\letsfly_full_source_both\Windows\client\network\api_client.py", line 78 in me
  File "C:\Users\midoa\Downloads\letsfly_full_source_both\Windows\client\client_app.py", line 539 in worker
  File "C:\Users\midoa\AppData\Local\Python\pythoncore-3.14-64\Lib\threading.py", line 1024 in run
  File "C:\Users\midoa\AppData\Local\Python\pythoncore-3.14-64\Lib\threading.py", line 1082 in _bootstrap_inner
  File "C:\Users\midoa\AppData\Local\Python\pythoncore-3.14-64\Lib\threading.py", line 1044 in _bootstrap

Current thread 0x00002d00 (most recent call first):
  File "C:\Users\midoa\Downloads\letsfly_full_source_both\Windows\client\main.py", line 132 in main
  File "C:\Users\midoa\Downloads\letsfly_full_source_both\Windows\client\main.py", line 135 in <module>

Current thread's C stack trace (most recent call first):
  <cannot get C stack on this system>
Windows fatal exception: code 0x8001010d

Thread 0x00001de0 [Thread-1 (worker)] (most recent call first):
  File "C:\Users\midoa\AppData\Local\Python\pythoncore-3.14-64\Lib\socket.py", line 987 in getaddrinfo
  File "C:\Users\midoa\AppData\Local\Python\pythoncore-3.14-64\Lib\socket.py", line 850 in create_connection
  File "C:\Users\midoa\Downloads\letsfly_full_source_both\Windows\.venv\Lib\site-packages\httpcore\_backends\sync.py", line 208 in connect_tcp
  File "C:\Users\midoa\Downloads\letsfly_full_source_both\Windows\.venv\Lib\site-packages\httpcore\_sync\connection.py", line 124 in _connect
  File "C:\Users\midoa\Downloads\letsfly_full_source_both\Windows\.venv\Lib\site-packages\httpcore\_sync\connection.py", line 78 in handle_request
  File "C:\Users\midoa\Downloads\letsfly_full_source_both\Windows\.venv\Lib\site-packages\httpcore\_sync\connection_pool.py", line 236 in handle_request
  File "C:\Users\midoa\Downloads\letsfly_full_source_both\Windows\.venv\Lib\site-packages\httpx\_transports\default.py", line 250 in handle_request
  File "C:\Users\midoa\Downloads\letsfly_full_source_both\Windows\.venv\Lib\site-packages\httpx\_client.py", line 1014 in _send_single_request
  File "C:\Users\midoa\Downloads\letsfly_full_source_both\Windows\.venv\Lib\site-packages\httpx\_client.py", line 979 in _send_handling_redirects
  File "C:\Users\midoa\Downloads\letsfly_full_source_both\Windows\.venv\Lib\site-packages\httpx\_client.py", line 942 in _send_handling_auth
  File "C:\Users\midoa\Downloads\letsfly_full_source_both\Windows\.venv\Lib\site-packages\httpx\_client.py", line 914 in send
  File "C:\Users\midoa\Downloads\letsfly_full_source_both\Windows\.venv\Lib\site-packages\httpx\_client.py", line 825 in request
  File "C:\Users\midoa\Downloads\letsfly_full_source_both\Windows\client\network\api_client.py", line 38 in _request
  File "C:\Users\midoa\Downloads\letsfly_full_source_both\Windows\client\network\api_client.py", line 78 in me
  File "C:\Users\midoa\Downloads\letsfly_full_source_both\Windows\client\client_app.py", line 539 in worker
  File "C:\Users\midoa\AppData\Local\Python\pythoncore-3.14-64\Lib\threading.py", line 1024 in run
  File "C:\Users\midoa\AppData\Local\Python\pythoncore-3.14-64\Lib\threading.py", line 1082 in _bootstrap_inner
  File "C:\Users\midoa\AppData\Local\Python\pythoncore-3.14-64\Lib\threading.py", line 1044 in _bootstrap

Current thread 0x0000304c (most recent call first):
  File "C:\Users\midoa\Downloads\letsfly_full_source_both\Windows\client\main.py", line 132 in main
  File "C:\Users\midoa\Downloads\letsfly_full_source_both\Windows\client\main.py", line 135 in <module>

Current thread's C stack trace (most recent call first):
  <cannot get C stack on this system>
Windows fatal exception: code 0x8001010d

Thread 0x000035c8 [Thread-1 (worker)] (most recent call first):
  File "C:\Users\midoa\AppData\Local\Python\pythoncore-3.14-64\Lib\socket.py", line 859 in create_connection
  File "C:\Users\midoa\Downloads\letsfly_full_source_both\Windows\.venv\Lib\site-packages\httpcore\_backends\sync.py", line 208 in connect_tcp
  File "C:\Users\midoa\Downloads\letsfly_full_source_both\Windows\.venv\Lib\site-packages\httpcore\_sync\connection.py", line 124 in _connect
  File "C:\Users\midoa\Downloads\letsfly_full_source_both\Windows\.venv\Lib\site-packages\httpcore\_sync\connection.py", line 78 in handle_request
  File "C:\Users\midoa\Downloads\letsfly_full_source_both\Windows\.venv\Lib\site-packages\httpcore\_sync\connection_pool.py", line 236 in handle_request
  File "C:\Users\midoa\Downloads\letsfly_full_source_both\Windows\.venv\Lib\site-packages\httpx\_transports\default.py", line 250 in handle_request
  File "C:\Users\midoa\Downloads\letsfly_full_source_both\Windows\.venv\Lib\site-packages\httpx\_client.py", line 1014 in _send_single_request
  File "C:\Users\midoa\Downloads\letsfly_full_source_both\Windows\.venv\Lib\site-packages\httpx\_client.py", line 979 in _send_handling_redirects
  File "C:\Users\midoa\Downloads\letsfly_full_source_both\Windows\.venv\Lib\site-packages\httpx\_client.py", line 942 in _send_handling_auth
  File "C:\Users\midoa\Downloads\letsfly_full_source_both\Windows\.venv\Lib\site-packages\httpx\_client.py", line 914 in send
  File "C:\Users\midoa\Downloads\letsfly_full_source_both\Windows\.venv\Lib\site-packages\httpx\_client.py", line 825 in request
  File "C:\Users\midoa\Downloads\letsfly_full_source_both\Windows\client\network\api_client.py", line 38 in _request
  File "C:\Users\midoa\Downloads\letsfly_full_source_both\Windows\client\network\api_client.py", line 78 in me
  File "C:\Users\midoa\Downloads\letsfly_full_source_both\Windows\client\client_app.py", line 539 in worker
  File "C:\Users\midoa\AppData\Local\Python\pythoncore-3.14-64\Lib\threading.py", line 1024 in run
  File "C:\Users\midoa\AppData\Local\Python\pythoncore-3.14-64\Lib\threading.py", line 1082 in _bootstrap_inner
  File "C:\Users\midoa\AppData\Local\Python\pythoncore-3.14-64\Lib\threading.py", line 1044 in _bootstrap

Current thread 0x00000bb8 (most recent call first):
  File "C:\Users\midoa\Downloads\letsfly_full_source_both\Windows\client\main.py", line 132 in main
  File "C:\Users\midoa\Downloads\letsfly_full_source_both\Windows\client\main.py", line 135 in <module>

Current thread's C stack trace (most recent call first):
  <cannot get C stack on this system>
Windows fatal exception: code 0x8001010d

Thread 0x000023bc [Thread-1 (worker)] (most recent call first):
  File "C:\Users\midoa\AppData\Local\Python\pythoncore-3.14-64\Lib\socket.py", line 987 in getaddrinfo
  File "C:\Users\midoa\AppData\Local\Python\pythoncore-3.14-64\Lib\socket.py", line 850 in create_connection
  File "C:\Users\midoa\Downloads\letsfly_full_source_both\Windows\.venv\Lib\site-packages\httpcore\_backends\sync.py", line 208 in connect_tcp
  File "C:\Users\midoa\Downloads\letsfly_full_source_both\Windows\.venv\Lib\site-packages\httpcore\_sync\connection.py", line 124 in _connect
  File "C:\Users\midoa\Downloads\letsfly_full_source_both\Windows\.venv\Lib\site-packages\httpcore\_sync\connection.py", line 78 in handle_request
  File "C:\Users\midoa\Downloads\letsfly_full_source_both\Windows\.venv\Lib\site-packages\httpcore\_sync\connection_pool.py", line 236 in handle_request
  File "C:\Users\midoa\Downloads\letsfly_full_source_both\Windows\.venv\Lib\site-packages\httpx\_transports\default.py", line 250 in handle_request
  File "C:\Users\midoa\Downloads\letsfly_full_source_both\Windows\.venv\Lib\site-packages\httpx\_client.py", line 1014 in _send_single_request
  File "C:\Users\midoa\Downloads\letsfly_full_source_both\Windows\.venv\Lib\site-packages\httpx\_client.py", line 979 in _send_handling_redirects
  File "C:\Users\midoa\Downloads\letsfly_full_source_both\Windows\.venv\Lib\site-packages\httpx\_client.py", line 942 in _send_handling_auth
  File "C:\Users\midoa\Downloads\letsfly_full_source_both\Windows\.venv\Lib\site-packages\httpx\_client.py", line 914 in send
  File "C:\Users\midoa\Downloads\letsfly_full_source_both\Windows\.venv\Lib\site-packages\httpx\_client.py", line 825 in request
  File "C:\Users\midoa\Downloads\letsfly_full_source_both\Windows\client\network\api_client.py", line 38 in _request
  File "C:\Users\midoa\Downloads\letsfly_full_source_both\Windows\client\network\api_client.py", line 78 in me
  File "C:\Users\midoa\Downloads\letsfly_full_source_both\Windows\client\client_app.py", line 539 in worker
  File "C:\Users\midoa\AppData\Local\Python\pythoncore-3.14-64\Lib\threading.py", line 1024 in run
  File "C:\Users\midoa\AppData\Local\Python\pythoncore-3.14-64\Lib\threading.py", line 1082 in _bootstrap_inner
  File "C:\Users\midoa\AppData\Local\Python\pythoncore-3.14-64\Lib\threading.py", line 1044 in _bootstrap

Current thread 0x000032c8 (most recent call first):
  File "C:\Users\midoa\Downloads\letsfly_full_source_both\Windows\client\main.py", line 132 in main
  File "C:\Users\midoa\Downloads\letsfly_full_source_both\Windows\client\main.py", line 135 in <module>

Current thread's C stack trace (most recent call first):
  <cannot get C stack on this system>
Windows fatal exception: code 0x8001010d

Thread 0x00001190 [Thread-1 (worker)] (most recent call first):
  File "C:\Users\midoa\AppData\Local\Python\pythoncore-3.14-64\Lib\socket.py", line 859 in create_connection
  File "C:\Users\midoa\Downloads\letsfly_full_source_both\Windows\.venv\Lib\site-packages\httpcore\_backends\sync.py", line 208 in connect_tcp
  File "C:\Users\midoa\Downloads\letsfly_full_source_both\Windows\.venv\Lib\site-packages\httpcore\_sync\connection.py", line 124 in _connect
  File "C:\Users\midoa\Downloads\letsfly_full_source_both\Windows\.venv\Lib\site-packages\httpcore\_sync\connection.py", line 78 in handle_request
  File "C:\Users\midoa\Downloads\letsfly_full_source_both\Windows\.venv\Lib\site-packages\httpcore\_sync\connection_pool.py", line 236 in handle_request
  File "C:\Users\midoa\Downloads\letsfly_full_source_both\Windows\.venv\Lib\site-packages\httpx\_transports\default.py", line 250 in handle_request
  File "C:\Users\midoa\Downloads\letsfly_full_source_both\Windows\.venv\Lib\site-packages\httpx\_client.py", line 1014 in _send_single_request
  File "C:\Users\midoa\Downloads\letsfly_full_source_both\Windows\.venv\Lib\site-packages\httpx\_client.py", line 979 in _send_handling_redirects
  File "C:\Users\midoa\Downloads\letsfly_full_source_both\Windows\.venv\Lib\site-packages\httpx\_client.py", line 942 in _send_handling_auth
  File "C:\Users\midoa\Downloads\letsfly_full_source_both\Windows\.venv\Lib\site-packages\httpx\_client.py", line 914 in send
  File "C:\Users\midoa\Downloads\letsfly_full_source_both\Windows\.venv\Lib\site-packages\httpx\_client.py", line 825 in request
  File "C:\Users\midoa\Downloads\letsfly_full_source_both\Windows\client\network\api_client.py", line 38 in _request
  File "C:\Users\midoa\Downloads\letsfly_full_source_both\Windows\client\network\api_client.py", line 78 in me
  File "C:\Users\midoa\Downloads\letsfly_full_source_both\Windows\client\client_app.py", line 539 in worker
  File "C:\Users\midoa\AppData\Local\Python\pythoncore-3.14-64\Lib\threading.py", line 1024 in run
  File "C:\Users\midoa\AppData\Local\Python\pythoncore-3.14-64\Lib\threading.py", line 1082 in _bootstrap_inner
  File "C:\Users\midoa\AppData\Local\Python\pythoncore-3.14-64\Lib\threading.py", line 1044 in _bootstrap

Current thread 0x0000059c (most recent call first):
  File "C:\Users\midoa\Downloads\letsfly_full_source_both\Windows\client\main.py", line 132 in main
  File "C:\Users\midoa\Downloads\letsfly_full_source_both\Windows\client\main.py", line 135 in <module>

Current thread's C stack trace (most recent call first):
  <cannot get C stack on this system>
Windows fatal exception: code 0x8001010d

Thread 0x0000233c [Thread-1 (worker)] (most recent call first):
  File "C:\Users\midoa\AppData\Local\Python\pythoncore-3.14-64\Lib\socket.py", line 859 in create_connection
  File "C:\Users\midoa\Downloads\letsfly_full_source_both\Windows\.venv\Lib\site-packages\httpcore\_backends\sync.py", line 208 in connect_tcp
  File "C:\Users\midoa\Downloads\letsfly_full_source_both\Windows\.venv\Lib\site-packages\httpcore\_sync\connection.py", line 124 in _connect
  File "C:\Users\midoa\Downloads\letsfly_full_source_both\Windows\.venv\Lib\site-packages\httpcore\_sync\connection.py", line 78 in handle_request
  File "C:\Users\midoa\Downloads\letsfly_full_source_both\Windows\.venv\Lib\site-packages\httpcore\_sync\connection_pool.py", line 236 in handle_request
  File "C:\Users\midoa\Downloads\letsfly_full_source_both\Windows\.venv\Lib\site-packages\httpx\_transports\default.py", line 250 in handle_request
  File "C:\Users\midoa\Downloads\letsfly_full_source_both\Windows\.venv\Lib\site-packages\httpx\_client.py", line 1014 in _send_single_request
  File "C:\Users\midoa\Downloads\letsfly_full_source_both\Windows\.venv\Lib\site-packages\httpx\_client.py", line 979 in _send_handling_redirects
  File "C:\Users\midoa\Downloads\letsfly_full_source_both\Windows\.venv\Lib\site-packages\httpx\_client.py", line 942 in _send_handling_auth
  File "C:\Users\midoa\Downloads\letsfly_full_source_both\Windows\.venv\Lib\site-packages\httpx\_client.py", line 914 in send
  File "C:\Users\midoa\Downloads\letsfly_full_source_both\Windows\.venv\Lib\site-packages\httpx\_client.py", line 825 in request
  File "C:\Users\midoa\Downloads\letsfly_full_source_both\Windows\client\network\api_client.py", line 38 in _request
  File "C:\Users\midoa\Downloads\letsfly_full_source_both\Windows\client\network\api_client.py", line 78 in me
  File "C:\Users\midoa\Downloads\letsfly_full_source_both\Windows\client\client_app.py", line 539 in worker
  File "C:\Users\midoa\AppData\Local\Python\pythoncore-3.14-64\Lib\threading.py", line 1024 in run
  File "C:\Users\midoa\AppData\Local\Python\pythoncore-3.14-64\Lib\threading.py", line 1082 in _bootstrap_inner
  File "C:\Users\midoa\AppData\Local\Python\pythoncore-3.14-64\Lib\threading.py", line 1044 in _bootstrap

Current thread 0x00000d34 (most recent call first):
  File "C:\Users\midoa\Downloads\letsfly_full_source_both\Windows\client\main.py", line 132 in main
  File "C:\Users\midoa\Downloads\letsfly_full_source_both\Windows\client\main.py", line 135 in <module>

Current thread's C stack trace (most recent call first):
  <cannot get C stack on this system>
Windows fatal exception: code 0x8001010d

Thread 0x00002314 [Thread-1 (worker)] (most recent call first):
  File "C:\Users\midoa\AppData\Local\Python\pythoncore-3.14-64\Lib\socket.py", line 987 in getaddrinfo
  File "C:\Users\midoa\AppData\Local\Python\pythoncore-3.14-64\Lib\socket.py", line 850 in create_connection
  File "C:\Users\midoa\Downloads\letsfly_full_source_both\Windows\.venv\Lib\site-packages\httpcore\_backends\sync.py", line 208 in connect_tcp
  File "C:\Users\midoa\Downloads\letsfly_full_source_both\Windows\.venv\Lib\site-packages\httpcore\_sync\connection.py", line 124 in _connect
  File "C:\Users\midoa\Downloads\letsfly_full_source_both\Windows\.venv\Lib\site-packages\httpcore\_sync\connection.py", line 78 in handle_request
  File "C:\Users\midoa\Downloads\letsfly_full_source_both\Windows\.venv\Lib\site-packages\httpcore\_sync\connection_pool.py", line 236 in handle_request
  File "C:\Users\midoa\Downloads\letsfly_full_source_both\Windows\.venv\Lib\site-packages\httpx\_transports\default.py", line 250 in handle_request
  File "C:\Users\midoa\Downloads\letsfly_full_source_both\Windows\.venv\Lib\site-packages\httpx\_client.py", line 1014 in _send_single_request
  File "C:\Users\midoa\Downloads\letsfly_full_source_both\Windows\.venv\Lib\site-packages\httpx\_client.py", line 979 in _send_handling_redirects
  File "C:\Users\midoa\Downloads\letsfly_full_source_both\Windows\.venv\Lib\site-packages\httpx\_client.py", line 942 in _send_handling_auth
  File "C:\Users\midoa\Downloads\letsfly_full_source_both\Windows\.venv\Lib\site-packages\httpx\_client.py", line 914 in send
  File "C:\Users\midoa\Downloads\letsfly_full_source_both\Windows\.venv\Lib\site-packages\httpx\_client.py", line 825 in request
  File "C:\Users\midoa\Downloads\letsfly_full_source_both\Windows\client\network\api_client.py", line 38 in _request
  File "C:\Users\midoa\Downloads\letsfly_full_source_both\Windows\client\network\api_client.py", line 78 in me
  File "C:\Users\midoa\Downloads\letsfly_full_source_both\Windows\client\client_app.py", line 540 in worker
  File "C:\Users\midoa\AppData\Local\Python\pythoncore-3.14-64\Lib\threading.py", line 1024 in run
  File "C:\Users\midoa\AppData\Local\Python\pythoncore-3.14-64\Lib\threading.py", line 1082 in _bootstrap_inner
  File "C:\Users\midoa\AppData\Local\Python\pythoncore-3.14-64\Lib\threading.py", line 1044 in _bootstrap

Current thread 0x00000770 (most recent call first):
  File "C:\Users\midoa\Downloads\letsfly_full_source_both\Windows\client\main.py", line 132 in main
  File "C:\Users\midoa\Downloads\letsfly_full_source_both\Windows\client\main.py", line 135 in <module>

Current thread's C stack trace (most recent call first):
  <cannot get C stack on this system>
Windows fatal exception: code 0x8001010d

Thread 0x0000392c [Thread-1 (worker)] (most recent call first):
  File "C:\Users\midoa\AppData\Local\Python\pythoncore-3.14-64\Lib\socket.py", line 987 in getaddrinfo
  File "C:\Users\midoa\AppData\Local\Python\pythoncore-3.14-64\Lib\socket.py", line 850 in create_connection
  File "C:\Users\midoa\Downloads\letsfly_full_source_both\Windows\.venv\Lib\site-packages\httpcore\_backends\sync.py", line 208 in connect_tcp
  File "C:\Users\midoa\Downloads\letsfly_full_source_both\Windows\.venv\Lib\site-packages\httpcore\_sync\connection.py", line 124 in _connect
  File "C:\Users\midoa\Downloads\letsfly_full_source_both\Windows\.venv\Lib\site-packages\httpcore\_sync\connection.py", line 78 in handle_request
  File "C:\Users\midoa\Downloads\letsfly_full_source_both\Windows\.venv\Lib\site-packages\httpcore\_sync\connection_pool.py", line 236 in handle_request
  File "C:\Users\midoa\Downloads\letsfly_full_source_both\Windows\.venv\Lib\site-packages\httpx\_transports\default.py", line 250 in handle_request
  File "C:\Users\midoa\Downloads\letsfly_full_source_both\Windows\.venv\Lib\site-packages\httpx\_client.py", line 1014 in _send_single_request
  File "C:\Users\midoa\Downloads\letsfly_full_source_both\Windows\.venv\Lib\site-packages\httpx\_client.py", line 979 in _send_handling_redirects
  File "C:\Users\midoa\Downloads\letsfly_full_source_both\Windows\.venv\Lib\site-packages\httpx\_client.py", line 942 in _send_handling_auth
  File "C:\Users\midoa\Downloads\letsfly_full_source_both\Windows\.venv\Lib\site-packages\httpx\_client.py", line 914 in send
  File "C:\Users\midoa\Downloads\letsfly_full_source_both\Windows\.venv\Lib\site-packages\httpx\_client.py", line 825 in request
  File "C:\Users\midoa\Downloads\letsfly_full_source_both\Windows\client\network\api_client.py", line 38 in _request
  File "C:\Users\midoa\Downloads\letsfly_full_source_both\Windows\client\network\api_client.py", line 78 in me
  File "C:\Users\midoa\Downloads\letsfly_full_source_both\Windows\client\client_app.py", line 540 in worker
  File "C:\Users\midoa\AppData\Local\Python\pythoncore-3.14-64\Lib\threading.py", line 1024 in run
  File "C:\Users\midoa\AppData\Local\Python\pythoncore-3.14-64\Lib\threading.py", line 1082 in _bootstrap_inner
  File "C:\Users\midoa\AppData\Local\Python\pythoncore-3.14-64\Lib\threading.py", line 1044 in _bootstrap

Current thread 0x00002434 (most recent call first):
  File "C:\Users\midoa\Downloads\letsfly_full_source_both\Windows\client\main.py", line 132 in main
  File "C:\Users\midoa\Downloads\letsfly_full_source_both\Windows\client\main.py", line 135 in <module>

Current thread's C stack trace (most recent call first):
  <cannot get C stack on this system>
Windows fatal exception: code 0x8001010d

Thread 0x00003344 [Thread-1 (worker)] (most recent call first):
  File "C:\Users\midoa\AppData\Local\Python\pythoncore-3.14-64\Lib\socket.py", line 987 in getaddrinfo
  File "C:\Users\midoa\AppData\Local\Python\pythoncore-3.14-64\Lib\socket.py", line 850 in create_connection
  File "C:\Users\midoa\Downloads\letsfly_full_source_both\Windows\.venv\Lib\site-packages\httpcore\_backends\sync.py", line 208 in connect_tcp
  File "C:\Users\midoa\Downloads\letsfly_full_source_both\Windows\.venv\Lib\site-packages\httpcore\_sync\connection.py", line 124 in _connect
  File "C:\Users\midoa\Downloads\letsfly_full_source_both\Windows\.venv\Lib\site-packages\httpcore\_sync\connection.py", line 78 in handle_request
  File "C:\Users\midoa\Downloads\letsfly_full_source_both\Windows\.venv\Lib\site-packages\httpcore\_sync\connection_pool.py", line 236 in handle_request
  File "C:\Users\midoa\Downloads\letsfly_full_source_both\Windows\.venv\Lib\site-packages\httpx\_transports\default.py", line 250 in handle_request
  File "C:\Users\midoa\Downloads\letsfly_full_source_both\Windows\.venv\Lib\site-packages\httpx\_client.py", line 1014 in _send_single_request
  File "C:\Users\midoa\Downloads\letsfly_full_source_both\Windows\.venv\Lib\site-packages\httpx\_client.py", line 979 in _send_handling_redirects
  File "C:\Users\midoa\Downloads\letsfly_full_source_both\Windows\.venv\Lib\site-packages\httpx\_client.py", line 942 in _send_handling_auth
  File "C:\Users\midoa\Downloads\letsfly_full_source_both\Windows\.venv\Lib\site-packages\httpx\_client.py", line 914 in send
  File "C:\Users\midoa\Downloads\letsfly_full_source_both\Windows\.venv\Lib\site-packages\httpx\_client.py", line 825 in request
  File "C:\Users\midoa\Downloads\letsfly_full_source_both\Windows\client\network\api_client.py", line 38 in _request
  File "C:\Users\midoa\Downloads\letsfly_full_source_both\Windows\client\network\api_client.py", line 78 in me
  File "C:\Users\midoa\Downloads\letsfly_full_source_both\Windows\client\client_app.py", line 540 in worker
  File "C:\Users\midoa\AppData\Local\Python\pythoncore-3.14-64\Lib\threading.py", line 1024 in run
  File "C:\Users\midoa\AppData\Local\Python\pythoncore-3.14-64\Lib\threading.py", line 1082 in _bootstrap_inner
  File "C:\Users\midoa\AppData\Local\Python\pythoncore-3.14-64\Lib\threading.py", line 1044 in _bootstrap

Current thread 0x00001634 (most recent call first):
  File "C:\Users\midoa\Downloads\letsfly_full_source_both\Windows\client\main.py", line 132 in main
  File "C:\Users\midoa\Downloads\letsfly_full_source_both\Windows\client\main.py", line 135 in <module>

Current thread's C stack trace (most recent call first):
  <cannot get C stack on this system>
Windows fatal exception: code 0x8001010d

Thread 0x000007dc [Thread-1 (worker)] (most recent call first):
  File "C:\Users\midoa\AppData\Local\Python\pythoncore-3.14-64\Lib\socket.py", line 859 in create_connection
  File "C:\Users\midoa\Downloads\letsfly_full_source_both\Windows\.venv\Lib\site-packages\httpcore\_backends\sync.py", line 208 in connect_tcp
  File "C:\Users\midoa\Downloads\letsfly_full_source_both\Windows\.venv\Lib\site-packages\httpcore\_sync\connection.py", line 124 in _connect
  File "C:\Users\midoa\Downloads\letsfly_full_source_both\Windows\.venv\Lib\site-packages\httpcore\_sync\connection.py", line 78 in handle_request
  File "C:\Users\midoa\Downloads\letsfly_full_source_both\Windows\.venv\Lib\site-packages\httpcore\_sync\connection_pool.py", line 236 in handle_request
  File "C:\Users\midoa\Downloads\letsfly_full_source_both\Windows\.venv\Lib\site-packages\httpx\_transports\default.py", line 250 in handle_request
  File "C:\Users\midoa\Downloads\letsfly_full_source_both\Windows\.venv\Lib\site-packages\httpx\_client.py", line 1014 in _send_single_request
  File "C:\Users\midoa\Downloads\letsfly_full_source_both\Windows\.venv\Lib\site-packages\httpx\_client.py", line 979 in _send_handling_redirects
  File "C:\Users\midoa\Downloads\letsfly_full_source_both\Windows\.venv\Lib\site-packages\httpx\_client.py", line 942 in _send_handling_auth
  File "C:\Users\midoa\Downloads\letsfly_full_source_both\Windows\.venv\Lib\site-packages\httpx\_client.py", line 914 in send
  File "C:\Users\midoa\Downloads\letsfly_full_source_both\Windows\.venv\Lib\site-packages\httpx\_client.py", line 825 in request
  File "C:\Users\midoa\Downloads\letsfly_full_source_both\Windows\client\network\api_client.py", line 38 in _request
  File "C:\Users\midoa\Downloads\letsfly_full_source_both\Windows\client\network\api_client.py", line 78 in me
  File "C:\Users\midoa\Downloads\letsfly_full_source_both\Windows\client\client_app.py", line 540 in worker
  File "C:\Users\midoa\AppData\Local\Python\pythoncore-3.14-64\Lib\threading.py", line 1024 in run
  File "C:\Users\midoa\AppData\Local\Python\pythoncore-3.14-64\Lib\threading.py", line 1082 in _bootstrap_inner
  File "C:\Users\midoa\AppData\Local\Python\pythoncore-3.14-64\Lib\threading.py", line 1044 in _bootstrap

Current thread 0x00000c58 (most recent call first):
  File "C:\Users\midoa\Downloads\letsfly_full_source_both\Windows\client\main.py", line 132 in main
  File "C:\Users\midoa\Downloads\letsfly_full_source_both\Windows\client\main.py", line 135 in <module>

Current thread's C stack trace (most recent call first):
  <cannot get C stack on this system>
Windows fatal exception: code 0x8001010d

Current thread 0x000009b0 (most recent call first):
  File "C:\Users\midoa\Downloads\letsfly_full_source_both\Windows\client\main.py", line 132 in main
  File "C:\Users\midoa\Downloads\letsfly_full_source_both\Windows\client\main.py", line 135 in <module>

Current thread's C stack trace (most recent call first):
  <cannot get C stack on this system>
Windows fatal exception: code 0x8001010d

Thread 0x000030c4 [Thread-1 (worker)] (most recent call first):
  File "C:\Users\midoa\AppData\Local\Python\pythoncore-3.14-64\Lib\socket.py", line 859 in create_connection
  File "C:\Users\midoa\Downloads\letsfly_full_source_both\Windows\.venv\Lib\site-packages\httpcore\_backends\sync.py", line 208 in connect_tcp
  File "C:\Users\midoa\Downloads\letsfly_full_source_both\Windows\.venv\Lib\site-packages\httpcore\_sync\connection.py", line 124 in _connect
  File "C:\Users\midoa\Downloads\letsfly_full_source_both\Windows\.venv\Lib\site-packages\httpcore\_sync\connection.py", line 78 in handle_request
  File "C:\Users\midoa\Downloads\letsfly_full_source_both\Windows\.venv\Lib\site-packages\httpcore\_sync\connection_pool.py", line 236 in handle_request
  File "C:\Users\midoa\Downloads\letsfly_full_source_both\Windows\.venv\Lib\site-packages\httpx\_transports\default.py", line 250 in handle_request
  File "C:\Users\midoa\Downloads\letsfly_full_source_both\Windows\.venv\Lib\site-packages\httpx\_client.py", line 1014 in _send_single_request
  File "C:\Users\midoa\Downloads\letsfly_full_source_both\Windows\.venv\Lib\site-packages\httpx\_client.py", line 979 in _send_handling_redirects
  File "C:\Users\midoa\Downloads\letsfly_full_source_both\Windows\.venv\Lib\site-packages\httpx\_client.py", line 942 in _send_handling_auth
  File "C:\Users\midoa\Downloads\letsfly_full_source_both\Windows\.venv\Lib\site-packages\httpx\_client.py", line 914 in send
  File "C:\Users\midoa\Downloads\letsfly_full_source_both\Windows\.venv\Lib\site-packages\httpx\_client.py", line 825 in request
  File "C:\Users\midoa\Downloads\letsfly_full_source_both\Windows\client\network\api_client.py", line 38 in _request
  File "C:\Users\midoa\Downloads\letsfly_full_source_both\Windows\client\network\api_client.py", line 78 in me
  File "C:\Users\midoa\Downloads\letsfly_full_source_both\Windows\client\client_app.py", line 540 in worker
  File "C:\Users\midoa\AppData\Local\Python\pythoncore-3.14-64\Lib\threading.py", line 1024 in run
  File "C:\Users\midoa\AppData\Local\Python\pythoncore-3.14-64\Lib\threading.py", line 1082 in _bootstrap_inner
  File "C:\Users\midoa\AppData\Local\Python\pythoncore-3.14-64\Lib\threading.py", line 1044 in _bootstrap

Current thread 0x000036d0 (most recent call first):
  File "C:\Users\midoa\Downloads\letsfly_full_source_both\Windows\client\main.py", line 132 in main
  File "C:\Users\midoa\Downloads\letsfly_full_source_both\Windows\client\main.py", line 135 in <module>

Current thread's C stack trace (most recent call first):
  <cannot get C stack on this system>
Windows fatal exception: code 0x8001010d

Current thread 0x0000092c (most recent call first):
  File "C:\Users\midoa\Downloads\letsfly_full_source_both\Windows\client\main.py", line 132 in main
  File "C:\Users\midoa\Downloads\letsfly_full_source_both\Windows\client\main.py", line 135 in <module>

Current thread's C stack trace (most recent call first):
  <cannot get C stack on this system>
Windows fatal exception: code 0x8001010d

Current thread 0x000023a4 (most recent call first):
  File "C:\Users\midoa\Downloads\letsfly_full_source_both\Windows\client\main.py", line 132 in main
  File "C:\Users\midoa\Downloads\letsfly_full_source_both\Windows\client\main.py", line 135 in <module>

Current thread's C stack trace (most recent call first):
  <cannot get C stack on this system>
Windows fatal exception: code 0x8001010d

Current thread 0x000021c0 (most recent call first):
  File "C:\Users\midoa\Downloads\letsfly_full_source_both\Windows\client\main.py", line 132 in main
  File "C:\Users\midoa\Downloads\letsfly_full_source_both\Windows\client\main.py", line 135 in <module>

Current thread's C stack trace (most recent call first):
  <cannot get C stack on this system>
Windows fatal exception: code 0x8001010d

Current thread 0x00002834 (most recent call first):
  File "C:\Users\midoa\Downloads\letsfly_full_source_both\Windows\client\main.py", line 132 in main
  File "C:\Users\midoa\Downloads\letsfly_full_source_both\Windows\client\main.py", line 135 in <module>

Current thread's C stack trace (most recent call first):
  <cannot get C stack on this system>
Windows fatal exception: code 0x8001010d

Current thread 0x000027f8 (most recent call first):
  File "C:\Users\midoa\Downloads\letsfly_full_source_both\Windows\client\main.py", line 132 in main
  File "C:\Users\midoa\Downloads\letsfly_full_source_both\Windows\client\main.py", line 135 in <module>

Current thread's C stack trace (most recent call first):
  <cannot get C stack on this system>
Windows fatal exception: code 0x8001010d

Current thread 0x00002e80 (most recent call first):
  File "C:\Users\midoa\Downloads\letsfly_full_source_both\Windows\client\main.py", line 132 in main
  File "C:\Users\midoa\Downloads\letsfly_full_source_both\Windows\client\main.py", line 135 in <module>

Current thread's C stack trace (most recent call first):
  <cannot get C stack on this system>
Windows fatal exception: code 0x8001010d

Current thread 0x00003a44 (most recent call first):
  File "C:\Users\midoa\Downloads\letsfly_full_source_both\Windows\client\main.py", line 136 in main
  File "C:\Users\midoa\Downloads\letsfly_full_source_both\Windows\client\main.py", line 139 in <module>

Current thread's C stack trace (most recent call first):
  <cannot get C stack on this system>
Windows fatal exception: code 0x8001010d

Current thread 0x000035d4 (most recent call first):
  File "C:\Users\midoa\Downloads\letsfly_full_source_both\Windows\client\main.py", line 136 in main
  File "C:\Users\midoa\Downloads\letsfly_full_source_both\Windows\client\main.py", line 139 in <module>

Current thread's C stack trace (most recent call first):
  <cannot get C stack on this system>
Windows fatal exception: code 0x8001010d

Current thread 0x000012c4 (most recent call first):
  File "C:\Users\midoa\Downloads\letsfly_full_source_both\Windows\client\main.py", line 136 in main
  File "C:\Users\midoa\Downloads\letsfly_full_source_both\Windows\client\main.py", line 139 in <module>

Current thread's C stack trace (most recent call first):
  <cannot get C stack on this system>
Windows fatal exception: code 0x8001010d

Current thread 0x0000292c (most recent call first):
  File "C:\Users\midoa\Downloads\letsfly_full_source_both\Windows\client\main.py", line 136 in main
  File "C:\Users\midoa\Downloads\letsfly_full_source_both\Windows\client\main.py", line 139 in <module>

Current thread's C stack trace (most recent call first):
  <cannot get C stack on this system>
Windows fatal exception: code 0x8001010d

Current thread 0x00002e40 (most recent call first):
  File "C:\Users\midoa\Downloads\letsfly_full_source_both\Windows\client\main.py", line 136 in main
  File "C:\Users\midoa\Downloads\letsfly_full_source_both\Windows\client\main.py", line 139 in <module>

Current thread's C stack trace (most recent call first):
  <cannot get C stack on this system>
Windows fatal exception: code 0x8001010d

Current thread 0x000004d4 (most recent call first):
  File "C:\Users\midoa\Downloads\letsfly_full_source_both\Windows\client\main.py", line 136 in main
  File "C:\Users\midoa\Downloads\letsfly_full_source_both\Windows\client\main.py", line 139 in <module>

Current thread's C stack trace (most recent call first):
  <cannot get C stack on this system>
Windows fatal exception: code 0x8001010d

Current thread 0x00003458 (most recent call first):
  File "C:\Users\midoa\Downloads\letsfly_full_source_both\Windows\client\main.py", line 136 in main
  File "C:\Users\midoa\Downloads\letsfly_full_source_both\Windows\client\main.py", line 139 in <module>

Current thread's C stack trace (most recent call first):
  <cannot get C stack on this system>
Windows fatal exception: code 0x8001010d

Current thread 0x0000075c (most recent call first):
  File "C:\Users\midoa\Downloads\letsfly_full_source_both\Windows\client\main.py", line 136 in main
  File "C:\Users\midoa\Downloads\letsfly_full_source_both\Windows\client\main.py", line 139 in <module>

Current thread's C stack trace (most recent call first):
  <cannot get C stack on this system>
Windows fatal exception: code 0x8001010d

Current thread 0x000019c8 (most recent call first):
  File "C:\Users\midoa\Downloads\letsfly_full_source_both\Windows\client\main.py", line 136 in main
  File "C:\Users\midoa\Downloads\letsfly_full_source_both\Windows\client\main.py", line 139 in <module>

Current thread's C stack trace (most recent call first):
  <cannot get C stack on this system>
Windows fatal exception: code 0x8001010d

Current thread 0x00002ae4 (most recent call first):
  File "C:\Users\midoa\Downloads\letsfly_full_source_both\Windows\client\main.py", line 136 in main
  File "C:\Users\midoa\Downloads\letsfly_full_source_both\Windows\client\main.py", line 139 in <module>

Current thread's C stack trace (most recent call first):
  <cannot get C stack on this system>
Windows fatal exception: code 0x8001010d

Current thread 0x00001308 (most recent call first):
  File "C:\Users\midoa\Downloads\letsfly_full_source_both\Windows\client\main.py", line 136 in main
  File "C:\Users\midoa\Downloads\letsfly_full_source_both\Windows\client\main.py", line 139 in <module>

Current thread's C stack trace (most recent call first):
  <cannot get C stack on this system>
Windows fatal exception: code 0x8001010d

Current thread 0x000016f8 (most recent call first):
  File "C:\Users\midoa\Downloads\letsfly_full_source_both\Windows\client\main.py", line 136 in main
  File "C:\Users\midoa\Downloads\letsfly_full_source_both\Windows\client\main.py", line 139 in <module>

Current thread's C stack trace (most recent call first):
  <cannot get C stack on this system>
Windows fatal exception: code 0x8001010d

Current thread 0x00000f68 (most recent call first):
  File "C:\Users\midoa\Downloads\letsfly_full_source_both\Windows\client\main.py", line 136 in main
  File "C:\Users\midoa\Downloads\letsfly_full_source_both\Windows\client\main.py", line 139 in <module>

Current thread's C stack trace (most recent call first):
  <cannot get C stack on this system>
Windows fatal exception: code 0x8001010d

Current thread 0x00001dc0 (most recent call first):
  File "C:\Users\midoa\Downloads\letsfly_full_source_both\Windows\client\main.py", line 136 in main
  File "C:\Users\midoa\Downloads\letsfly_full_source_both\Windows\client\main.py", line 139 in <module>

Current thread's C stack trace (most recent call first):
  <cannot get C stack on this system>
Windows fatal exception: code 0x8001010d

Current thread 0x00000a0c (most recent call first):
  File "C:\Users\midoa\Downloads\letsfly_full_source_both\Windows\client\main.py", line 136 in main
  File "C:\Users\midoa\Downloads\letsfly_full_source_both\Windows\client\main.py", line 139 in <module>

Current thread's C stack trace (most recent call first):
  <cannot get C stack on this system>
Windows fatal exception: code 0x8001010d

Current thread 0x000026ac (most recent call first):
  File "C:\Users\midoa\Downloads\letsfly_full_source_both\Windows\client\main.py", line 136 in main
  File "C:\Users\midoa\Downloads\letsfly_full_source_both\Windows\client\main.py", line 139 in <module>

Current thread's C stack trace (most recent call first):
  <cannot get C stack on this system>
Windows fatal exception: code 0x8001010d

Current thread 0x00001fdc (most recent call first):
  File "C:\Users\midoa\Downloads\letsfly_full_source_both\Windows\client\main.py", line 136 in main
  File "C:\Users\midoa\Downloads\letsfly_full_source_both\Windows\client\main.py", line 139 in <module>

Current thread's C stack trace (most recent call first):
  <cannot get C stack on this system>
Windows fatal exception: code 0x8001010d

Current thread 0x00002cc8 (most recent call first):
  File "C:\Users\midoa\Downloads\letsfly_full_source_both\Windows\client\main.py", line 136 in main
  File "C:\Users\midoa\Downloads\letsfly_full_source_both\Windows\client\main.py", line 139 in <module>

Current thread's C stack trace (most recent call first):
  <cannot get C stack on this system>
Windows fatal exception: code 0x8001010d

Current thread 0x00000684 (most recent call first):
  File "C:\Users\midoa\Downloads\letsfly_full_source_both\Windows\client\main.py", line 136 in main
  File "C:\Users\midoa\Downloads\letsfly_full_source_both\Windows\client\main.py", line 139 in <module>

Current thread's C stack trace (most recent call first):
  <cannot get C stack on this system>
Windows fatal exception: code 0x8001010d

Current thread 0x00000c2c (most recent call first):
  File "C:\Users\midoa\Downloads\letsfly_full_source_both\Windows\client\main.py", line 136 in main
  File "C:\Users\midoa\Downloads\letsfly_full_source_both\Windows\client\main.py", line 139 in <module>

Current thread's C stack trace (most recent call first):
  <cannot get C stack on this system>
Windows fatal exception: code 0x8001010d

Current thread 0x00002644 (most recent call first):
  File "C:\Users\midoa\Downloads\letsfly_full_source_both\Windows\client\main.py", line 136 in main
  File "C:\Users\midoa\Downloads\letsfly_full_source_both\Windows\client\main.py", line 139 in <module>

Current thread's C stack trace (most recent call first):
  <cannot get C stack on this system>
Windows fatal exception: code 0x8001010d

Current thread 0x000016c4 (most recent call first):
  File "C:\Users\midoa\Downloads\letsfly_full_source_both\Windows\client\main.py", line 136 in main
  File "C:\Users\midoa\Downloads\letsfly_full_source_both\Windows\client\main.py", line 139 in <module>

Current thread's C stack trace (most recent call first):
  <cannot get C stack on this system>
Windows fatal exception: code 0x8001010d

Current thread 0x00000638 (most recent call first):
  File "C:\Users\midoa\Downloads\letsfly_full_source_both\Windows\client\main.py", line 136 in main
  File "C:\Users\midoa\Downloads\letsfly_full_source_both\Windows\client\main.py", line 139 in <module>

Current thread's C stack trace (most recent call first):
  <cannot get C stack on this system>
Windows fatal exception: code 0x8001010d

Current thread 0x00000a30 (most recent call first):
  File "C:\Users\midoa\Downloads\letsfly_full_source_both\Windows\client\main.py", line 136 in main
  File "C:\Users\midoa\Downloads\letsfly_full_source_both\Windows\client\main.py", line 139 in <module>

Current thread's C stack trace (most recent call first):
  <cannot get C stack on this system>
Windows fatal exception: code 0x8001010d

Current thread 0x00002e78 (most recent call first):
  File "C:\Users\midoa\Downloads\letsfly_full_source_both\Windows\client\main.py", line 136 in main
  File "C:\Users\midoa\Downloads\letsfly_full_source_both\Windows\client\main.py", line 139 in <module>

Current thread's C stack trace (most recent call first):
  <cannot get C stack on this system>
Windows fatal exception: code 0x8001010d

Current thread 0x000016d4 (most recent call first):
  File "C:\Users\midoa\Downloads\letsfly_full_source_both\Windows\client\main.py", line 136 in main
  File "C:\Users\midoa\Downloads\letsfly_full_source_both\Windows\client\main.py", line 139 in <module>

Current thread's C stack trace (most recent call first):
  <cannot get C stack on this system>
Windows fatal exception: code 0x8001010d

Current thread 0x00000d74 (most recent call first):
  File "C:\Users\midoa\Downloads\letsfly_full_source_both\Windows\client\main.py", line 136 in main
  File "C:\Users\midoa\Downloads\letsfly_full_source_both\Windows\client\main.py", line 139 in <module>

Current thread's C stack trace (most recent call first):
  <cannot get C stack on this system>
Windows fatal exception: code 0x8001010d

Current thread 0x00000f50 (most recent call first):
  File "C:\Users\midoa\Downloads\letsfly_full_source_both\Windows\client\main.py", line 136 in main
  File "C:\Users\midoa\Downloads\letsfly_full_source_both\Windows\client\main.py", line 139 in <module>

Current thread's C stack trace (most recent call first):
  <cannot get C stack on this system>
Windows fatal exception: code 0x8001010d

Current thread 0x00002e20 (most recent call first):
  File "C:\Users\midoa\Downloads\letsfly_full_source_both\Windows\client\main.py", line 136 in main
  File "C:\Users\midoa\Downloads\letsfly_full_source_both\Windows\client\main.py", line 139 in <module>

Current thread's C stack trace (most recent call first):
  <cannot get C stack on this system>
Windows fatal exception: code 0x8001010d

Current thread 0x000019b0 (most recent call first):
  File "C:\Users\midoa\Downloads\letsfly_full_source_both\Windows\client\main.py", line 136 in main
  File "C:\Users\midoa\Downloads\letsfly_full_source_both\Windows\client\main.py", line 139 in <module>

Current thread's C stack trace (most recent call first):
  <cannot get C stack on this system>
Windows fatal exception: code 0x8001010d

Current thread 0x00001980 (most recent call first):
  File "C:\Users\midoa\Downloads\letsfly_full_source_both\Windows\client\main.py", line 136 in main
  File "C:\Users\midoa\Downloads\letsfly_full_source_both\Windows\client\main.py", line 139 in <module>

Current thread's C stack trace (most recent call first):
  <cannot get C stack on this system>
Windows fatal exception: code 0x8001010d

Current thread 0x00002cac (most recent call first):
  File "C:\Users\midoa\Downloads\letsfly_full_source_both\Windows\client\main.py", line 136 in main
  File "C:\Users\midoa\Downloads\letsfly_full_source_both\Windows\client\main.py", line 139 in <module>

Current thread's C stack trace (most recent call first):
  <cannot get C stack on this system>
Windows fatal exception: code 0x8001010d

Current thread 0x000008d0 (most recent call first):
  File "C:\Users\midoa\Downloads\letsfly_full_source_both\Windows\client\main.py", line 136 in main
  File "C:\Users\midoa\Downloads\letsfly_full_source_both\Windows\client\main.py", line 139 in <module>

Current thread's C stack trace (most recent call first):
  <cannot get C stack on this system>
Windows fatal exception: code 0x8001010d

Current thread 0x000016ac (most recent call first):
  File "C:\Users\midoa\Downloads\letsfly_full_source_both\Windows\client\main.py", line 136 in main
  File "C:\Users\midoa\Downloads\letsfly_full_source_both\Windows\client\main.py", line 139 in <module>

Current thread's C stack trace (most recent call first):
  <cannot get C stack on this system>
Windows fatal exception: code 0x8001010d

Current thread 0x00000638 (most recent call first):
  File "C:\Users\midoa\Downloads\letsfly_full_source_both\Windows\client\main.py", line 136 in main
  File "C:\Users\midoa\Downloads\letsfly_full_source_both\Windows\client\main.py", line 139 in <module>

Current thread's C stack trace (most recent call first):
  <cannot get C stack on this system>
Windows fatal exception: code 0x8001010d

Current thread 0x00000e04 (most recent call first):
  File "C:\Users\midoa\Downloads\letsfly_full_source_both\Windows\client\main.py", line 136 in main
  File "C:\Users\midoa\Downloads\letsfly_full_source_both\Windows\client\main.py", line 139 in <module>

Current thread's C stack trace (most recent call first):
  <cannot get C stack on this system>
Windows fatal exception: code 0x8001010d

Current thread 0x000006b0 (most recent call first):
  File "C:\Users\midoa\Downloads\letsfly_full_source_both\Windows\client\main.py", line 136 in main
  File "C:\Users\midoa\Downloads\letsfly_full_source_both\Windows\client\main.py", line 139 in <module>

Current thread's C stack trace (most recent call first):
  <cannot get C stack on this system>
Windows fatal exception: code 0x8001010d

Current thread 0x00003164 (most recent call first):
  File "C:\Users\midoa\Downloads\letsfly_full_source_both\Windows\client\main.py", line 136 in main
  File "C:\Users\midoa\Downloads\letsfly_full_source_both\Windows\client\main.py", line 139 in <module>

Current thread's C stack trace (most recent call first):
  <cannot get C stack on this system>
Windows fatal exception: code 0x8001010d

Current thread 0x00001f80 (most recent call first):
  File "C:\Users\midoa\Downloads\letsfly_full_source_both\Windows\client\main.py", line 136 in main
  File "C:\Users\midoa\Downloads\letsfly_full_source_both\Windows\client\main.py", line 139 in <module>

Current thread's C stack trace (most recent call first):
  <cannot get C stack on this system>
Windows fatal exception: code 0x8001010d

Current thread 0x00000404 (most recent call first):
  File "C:\Users\midoa\Downloads\letsfly_full_source_both\Windows\client\main.py", line 136 in main
  File "C:\Users\midoa\Downloads\letsfly_full_source_both\Windows\client\main.py", line 139 in <module>

Current thread's C stack trace (most recent call first):
  <cannot get C stack on this system>
Windows fatal exception: code 0x8001010d

Current thread 0x000027b4 (most recent call first):
  File "C:\Users\midoa\Downloads\letsfly_full_source_both\Windows\client\main.py", line 136 in main
  File "C:\Users\midoa\Downloads\letsfly_full_source_both\Windows\client\main.py", line 139 in <module>

Current thread's C stack trace (most recent call first):
  <cannot get C stack on this system>
Windows fatal exception: code 0x8001010d

Current thread 0x00002b80 (most recent call first):
  File "C:\Users\midoa\Downloads\letsfly_full_source_both\Windows\client\main.py", line 136 in main
  File "C:\Users\midoa\Downloads\letsfly_full_source_both\Windows\client\main.py", line 139 in <module>

Current thread's C stack trace (most recent call first):
  <cannot get C stack on this system>
Windows fatal exception: code 0x8001010d

Current thread 0x0000261c (most recent call first):
  File "C:\Users\midoa\Downloads\letsfly_full_source_both\Windows\client\main.py", line 136 in main
  File "C:\Users\midoa\Downloads\letsfly_full_source_both\Windows\client\main.py", line 139 in <module>

Current thread's C stack trace (most recent call first):
  <cannot get C stack on this system>
Windows fatal exception: code 0x8001010d

Current thread 0x00002370 (most recent call first):
  File "C:\Users\midoa\Downloads\letsfly_full_source_both\Windows\client\main.py", line 136 in main
  File "C:\Users\midoa\Downloads\letsfly_full_source_both\Windows\client\main.py", line 139 in <module>

Current thread's C stack trace (most recent call first):
  <cannot get C stack on this system>
Windows fatal exception: code 0x8001010d

Current thread 0x00001be0 (most recent call first):
  File "C:\Users\midoa\Downloads\letsfly_full_source_both\Windows\client\main.py", line 136 in main
  File "C:\Users\midoa\Downloads\letsfly_full_source_both\Windows\client\main.py", line 139 in <module>

Current thread's C stack trace (most recent call first):
  <cannot get C stack on this system>
Windows fatal exception: code 0x8001010d

Current thread 0x000017c8 (most recent call first):
  File "C:\Users\midoa\Downloads\letsfly_full_source_both\Windows\client\main.py", line 136 in main
  File "C:\Users\midoa\Downloads\letsfly_full_source_both\Windows\client\main.py", line 139 in <module>

Current thread's C stack trace (most recent call first):
  <cannot get C stack on this system>
Windows fatal exception: code 0x8001010d

Current thread 0x0000263c (most recent call first):
  File "C:\Users\midoa\Downloads\letsfly_full_source_both\Windows\client\main.py", line 136 in main
  File "C:\Users\midoa\Downloads\letsfly_full_source_both\Windows\client\main.py", line 139 in <module>

Current thread's C stack trace (most recent call first):
  <cannot get C stack on this system>
Windows fatal exception: code 0x8001010d

Current thread 0x00002c64 (most recent call first):
  File "C:\Users\midoa\Downloads\letsfly_full_source_both\Windows\client\main.py", line 136 in main
  File "C:\Users\midoa\Downloads\letsfly_full_source_both\Windows\client\main.py", line 139 in <module>

Current thread's C stack trace (most recent call first):
  <cannot get C stack on this system>
Windows fatal exception: code 0x8001010d

Current thread 0x000011d0 (most recent call first):
  File "C:\Users\midoa\Downloads\letsfly_full_source_both\Windows\client\main.py", line 136 in main
  File "C:\Users\midoa\Downloads\letsfly_full_source_both\Windows\client\main.py", line 139 in <module>

Current thread's C stack trace (most recent call first):
  <cannot get C stack on this system>
Windows fatal exception: code 0x8001010d

Current thread 0x00002ef8 (most recent call first):
  File "C:\Users\midoa\Downloads\letsfly_full_source_both\Windows\client\main.py", line 136 in main
  File "C:\Users\midoa\Downloads\letsfly_full_source_both\Windows\client\main.py", line 139 in <module>

Current thread's C stack trace (most recent call first):
  <cannot get C stack on this system>
Windows fatal exception: code 0x8001010d

Current thread 0x0000192c (most recent call first):
  File "C:\Users\midoa\Downloads\letsfly_full_source_both\Windows\client\main.py", line 136 in main
  File "C:\Users\midoa\Downloads\letsfly_full_source_both\Windows\client\main.py", line 139 in <module>

Current thread's C stack trace (most recent call first):
  <cannot get C stack on this system>
Windows fatal exception: code 0x8001010d

Current thread 0x0000170c (most recent call first):
  File "C:\Users\midoa\Downloads\letsfly_full_source_both\Windows\client\main.py", line 136 in main
  File "C:\Users\midoa\Downloads\letsfly_full_source_both\Windows\client\main.py", line 139 in <module>

Current thread's C stack trace (most recent call first):
  <cannot get C stack on this system>
Windows fatal exception: code 0x8001010d

Current thread 0x00000224 (most recent call first):
  File "C:\Users\midoa\Downloads\letsfly_full_source_both\Windows\client\main.py", line 136 in main
  File "C:\Users\midoa\Downloads\letsfly_full_source_both\Windows\client\main.py", line 139 in <module>

Current thread's C stack trace (most recent call first):
  <cannot get C stack on this system>
Windows fatal exception: code 0x8001010d

Current thread 0x00003508 (most recent call first):
  File "C:\Users\midoa\Downloads\letsfly_full_source_both\Windows\client\main.py", line 136 in main
  File "C:\Users\midoa\Downloads\letsfly_full_source_both\Windows\client\main.py", line 139 in <module>

Current thread's C stack trace (most recent call first):
  <cannot get C stack on this system>
Windows fatal exception: code 0x8001010d

Current thread 0x0000144c (most recent call first):
  File "C:\Users\midoa\Downloads\letsfly_full_source_both\Windows\client\main.py", line 136 in main
  File "C:\Users\midoa\Downloads\letsfly_full_source_both\Windows\client\main.py", line 139 in <module>

Current thread's C stack trace (most recent call first):
  <cannot get C stack on this system>
Windows fatal exception: code 0x8001010d

Current thread 0x00000a3c (most recent call first):
  File "C:\Users\midoa\Downloads\letsfly_full_source_both\Windows\client\main.py", line 136 in main
  File "C:\Users\midoa\Downloads\letsfly_full_source_both\Windows\client\main.py", line 139 in <module>

Current thread's C stack trace (most recent call first):
  <cannot get C stack on this system>
Windows fatal exception: code 0x8001010d

Current thread 0x00000e34 (most recent call first):
  File "C:\Users\midoa\Downloads\letsfly_full_source_both\Windows\client\main.py", line 136 in main
  File "C:\Users\midoa\Downloads\letsfly_full_source_both\Windows\client\main.py", line 139 in <module>

Current thread's C stack trace (most recent call first):
  <cannot get C stack on this system>
Windows fatal exception: code 0x8001010d

Current thread 0x000003d4 (most recent call first):
  File "C:\Users\midoa\Downloads\letsfly_full_source_both\Windows\client\main.py", line 136 in main
  File "C:\Users\midoa\Downloads\letsfly_full_source_both\Windows\client\main.py", line 139 in <module>

Current thread's C stack trace (most recent call first):
  <cannot get C stack on this system>
